query_id,doc_id,pair_id,pair_type,element_a_type,element_b_type,hop_distance,query_type,qc_pass,qc_issues,quality_tier,query,answer,reasoning_chain
l1_de_1409.0575_0000,1409.0575,1409.0575_xl_0004,figure+table,figure,table,1,causal_explanation,True,,silver,Why does the hierarchical query progression from general to specific categories enable the human annotator to outperform the automated classifier despite evaluating many images?,"The hierarchical annotation strategy asks specific questions (e.g., ""is there a mammal?"") only on images determined to contain an animal, reducing annotation cost while maintaining accuracy. Annotator A1 achieved 5.1% human classification error compared to 6.8% GoogLeNet error on 1500 images because the efficient query progression allowed sufficient training time to develop expertise (p=0.022, approximately 1.7% improvement).","The figure shows a hierarchical annotation pipeline that progressively refines from general to specific object queries (animal → mammal → cat), with green indicating positive and red indicating negative annotations. The table reports that annotator A1 achieved 6.8% estimated GoogLeNet classification error and 5.1% human classification error on 1500 images. The hierarchical query strategy's efficiency in reducing annotation cost must be connected to the human annotator's superior performance over the automated classifier."
l1_de_1409.0575_0001,1409.0575,1409.0575_xl_0004,figure+table,figure,table,1,discrepancy_analysis,True,,silver,What explains the performance reversal where one annotator achieves lower error than the automated system while another annotator shows substantially higher error?,"Annotator A1 evaluated 1500 images and achieved 5.1% human error versus 6.8% GoogLeNet error, whereas annotator A2 evaluated only 258 images with 12.0% human error versus 5.8% GoogLeNet error. The hierarchical annotation principle that false negatives significantly affect labeling quality means A2's insufficient training led to missed objects, consistent with the conclusion that significant training time is necessary for competitive human performance.","The figure illustrates that false positives (incorrect green annotations) add extra cost while false negatives (missed objects) significantly affect labeling quality. The table shows annotator A2 evaluated only 258 images with 5.8% GoogLeNet error but 12.0% human error, a reversal of A1's performance. This suggests that insufficient training on the hierarchical annotation system led to more false negatives, degrading A2's classification accuracy."
l1_de_1801.04385_0002,1801.04385,1801.04385_xl_0032,figure+table,figure,table,1,causal_explanation,True,,silver,Why does acceptance probability decline systematically with answer position despite the extreme imbalance in data volume across session lengths?,"Acceptance probability declines from early positions (around 50-60%) to later positions (below 20%) because longer sessions, though containing only 0.1M-0.3M data points compared to 0.2M in single-answer sessions, systematically produce lower-quality answers at later positions due to user fatigue or declining engagement.","The figure shows acceptance probability decreasing as answer position increases within sessions, with a clear downward trend from early to late positions. The table reveals session length distribution with the shortest sessions (length 1) containing 0.2M data points while longer sessions contain progressively fewer points. The causal link requires understanding why the visual trend appears despite the data volume imbalance across session lengths."
l1_de_1801.04385_0003,1801.04385,1801.04385_xl_0032,figure+table,figure,table,1,discrepancy_analysis,True,,silver,How does the concentration of high-acceptance answers at early positions reconcile with the dominance of single-answer sessions in the data distribution?,"High-acceptance answers (50-60% probability) concentrate at early positions because single-answer sessions (0.2M data points) inherently occupy position 1, whereas longer sessions (0.3M-0.1M points for lengths 2-8) contribute progressively more low-acceptance answers at later positions, consistent with Simpson's paradox where subgroups differ systematically in behavior.","The figure displays a concentration of high acceptance probability (red points) at early answer positions and low probability (blue points) at later positions, suggesting position-dependent quality. The table shows that sessions of length 1 contain 0.2M points while the longest sessions contain only 0.1M points, indicating most users write few answers. This creates a paradox where aggregate trends may mask subgroup behavior differences."
l1_de_1809.02208_0004,1809.02208,1809.02208_xl_0069,figure+table,figure,table,1,causal_explanation,True,,gold,What percentage of female pronouns in STEM occupations explains the near-exclusive concentration at zero translated female pronouns across languages?,"STEM occupations show only 4.219% female pronouns, which directly explains the histogram's near-exclusive concentration at X=0. This contrasts sharply with Healthcare (23.305%) and Education (23.485%), which show more distributed patterns in the figure because their higher female pronoun percentages spread across multiple histogram bins.","The figure shows STEM fields are nearly exclusively concentrated at X=0 for translated female pronouns, indicating minimal female pronoun usage. The table provides the exact percentage of female pronouns for STEM across all tested languages. The causal link requires identifying the precise female pronoun percentage that explains the extreme concentration at zero in the histogram."
l1_de_1809.02208_0005,1809.02208,1809.02208_xl_0069,figure+table,figure,table,1,discrepancy_analysis,True,,gold,Why does Healthcare show more even distribution across histogram bins compared to STEM despite both having male pronoun dominance?,"Healthcare shows a smaller male-female gap (49.576% male vs 23.305% female, difference of 26.3 percentage points) compared to STEM (71.624% male vs 4.219% female, difference of 67.4 percentage points). This narrower gap in Healthcare produces more distributed histogram values because female pronouns appear frequently enough to populate multiple bins, whereas STEM's extreme gap concentrates female pronouns at zero.","The figure displays an inverse distribution pattern where Healthcare and Education show more even spread across histogram bins compared to STEM. The table reveals Healthcare has 23.305% female and 49.576% male pronouns, while STEM has 4.219% female and 71.624% male. The discrepancy between male-female gaps explains why Healthcare distributes more evenly while STEM concentrates at zero."
l1_de_1903.08136_0006,1903.08136,1903.08136_xl_0086,figure+table,figure,table,1,causal_explanation,True,,silver,Why does CESNA achieve the lowest F1 score on both datasets when the visualization demonstrates the problem of ignoring relevant low-degree members?,"CESNA obtains F1 scores of 0.343 (Gamergate) and 0.253 (U.S. Presidential Election), the lowest among all methods, because it has very low recall and tends to leave many users unlabeled or in insignificant communities, consistent with ignoring relevant low-degree people shown in the figure.","The figure illustrates that biased community detection methods ignore relevant low-degree people in social networks, showing shapes representing opinions and textures representing variations. The table reports F1 and Jaccard similarity scores for CESNA, Modularity, and CLAN methods on two datasets. The connection requires understanding which method's quantitative performance corresponds to the bias problem depicted visually."
l1_de_1903.08136_0007,1903.08136,1903.08136_xl_0086,figure+table,figure,table,1,discrepancy_analysis,True,,silver,What advantage in capturing opinion variations enables CLAN to outperform Modularity on Jaccard similarity despite both methods addressing community structure?,"CLAN achieves Jaccard scores of 0.318 (Gamergate) and 0.649 (U.S. Presidential Election) compared to Modularity's 0.282 and 0.604, because CLAN better captures the versatility of relevant low-degree people and opinion variations (textures) shown in the figure, whereas Modularity uses simpler structural criteria.","The figure shows shapes representing opinion and textures representing variations of opinion, demonstrating versatility in social network structure. The table shows CLAN achieves the highest Jaccard scores (0.318 and 0.649) compared to other methods. The causal link requires understanding how capturing opinion variations relates to similarity metric performance."
l1_de_1903.08136_0008,1903.08136,1903.08136_xl_0087,figure+table,figure,table,1,causal_explanation,True,,silver,Why does CESNA produce the weakest alignment between detected communities and actual supporter versus opposer groups in the Gamergate controversy?,"CESNA achieves only 0.343 F1 score and 0.211 Jaccard on the Gamergate dataset, the lowest among all methods, because it fails to capture the disagreement shown in the callout where structural communities (left coloring) do not match the ground truth labels (right coloring with purple opposers and green supporters). This low recall causes many users to remain unlabeled or placed in insignificant communities.","The Gamergate network visualization shows clear structural communities with purple and green clusters, but the callout reveals disagreement between structure-based and ground-truth coloring. The table shows CESNA achieves the lowest F1 score (0.343) and Jaccard (0.211) on the Gamergate dataset compared to other methods. This quantitative underperformance must relate to the visual mismatch between structural communities and labeled groups."
l1_de_1903.08136_0009,1903.08136,1903.08136_xl_0087,figure+table,figure,table,1,discrepancy_analysis,True,,silver,What advantage allows CLAN to outperform Modularity in distinguishing the two major ideological camps despite both methods using network structure?,"CLAN achieves 0.478 F1 score and 0.318 Jaccard on Gamergate, compared to Modularity's 0.434 F1 and 0.282 Jaccard, because CLAN better resolves the structural boundaries between purple opposers and green supporters shown in the network. Whereas Modularity relies solely on edge density, CLAN incorporates additional attributes that align more closely with the ideological divisions visible in the two-cluster topology.","The network shows two major clusters (purple and green) representing political stances in the Gamergate controversy, with structural boundaries that may or may not align with ideological divisions. CLAN achieves the highest performance on Gamergate (0.478 F1, 0.318 Jaccard) compared to Modularity (0.434 F1, 0.282 Jaccard) and CESNA. This superior performance suggests CLAN better captures the ideological boundaries visible in the purple-green separation."
l1_de_1903.08136_0010,1903.08136,1903.08136_xl_0088,figure+table,figure,table,1,causal_explanation,True,,silver,Why does CLAN achieve substantially higher classification performance than CESNA on the two-party network structure with emphasized low-degree users?,"CLAN achieves an F1 score of 0.787 compared to CESNA's 0.253 on the U.S. Presidential Election Dataset because CLAN incorporates lowly-connected users into the community detection process, whereas CESNA tends to exclude them, resulting in very low recall. The network's callout emphasizing low-degree users highlights this structural feature that CLAN exploits but CESNA omits.","The figure shows the 2016 U.S. presidential election retweet network with two distinct colored clusters representing political parties, with emphasis on low-degree users in the callout. The table reports F1 scores for three methods (CESNA, Modularity, CLAN) on the U.S. Presidential Election Dataset, where CLAN achieves the highest F1 score of 0.787 compared to Modularity's 0.753 and CESNA's 0.253. The causal link requires understanding why the network structure with low-degree users leads to differential performance across methods."
l1_de_1903.08136_0011,1903.08136,1903.08136_xl_0088,figure+table,figure,table,1,discrepancy_analysis,True,,silver,What accounts for the performance gap between the modularity-based coloring scheme and CLAN despite both methods operating on the same two-party structure?,"Modularity achieves an F1 score of 0.753 with a Jaccard score of 0.604, whereas CLAN reaches 0.787 F1 and 0.649 Jaccard on the U.S. Presidential Election Dataset. This gap occurs because CLAN explicitly incorporates node attributes such as text alongside network structure, whereas the modularity-based coloring relies solely on network topology. The network structure alone captures the two-party division but misses nuanced user classifications that text attributes provide.","The figure displays a retweet network colored by political party from modularity, showing two distinct green and magenta clusters representing the two major political groups. The table shows that Modularity achieves an F1 score of 0.753 while CLAN reaches 0.787 on this dataset, despite modularity being used to color the visualization. This creates a discrepancy between the visual representation method and the quantitative performance ranking."
l1_de_1903.10561_0012,1903.10561,1903.10561_xl_0089,figure+table,table,figure,1,causal_explanation,True,,gold,Which column definitions from the results file distinguish tests showing significance after correction from those significant only before multiple testing adjustment?,"The p_value column captures significance before multiple testing correction, whereas the visual distinction (darkest blue) corresponds to tests that remain significant at 0.01 after applying the Holm-Bonferroni correction. The effect_size column provides the magnitude of bias independent of significance thresholds.","The figure displays significance levels across multiple tests and models, with darker blue indicating significance after correction. The table defines the column structure of results.tsv, including p_value and effect_size fields. Understanding which statistical measures distinguish the darkest blue cells from lighter ones requires knowing what columns capture pre- versus post-correction significance."
l1_de_1903.10561_0013,1903.10561,1903.10561_xl_0089,figure+table,table,figure,1,hypothesis_verification,True,,gold,How do the numeric fields for target and attribute sets reflect whether a test operates on word embeddings or sentence embeddings?,"The num_targ1, num_targ2, num_attr1, and num_attr2 fields count words for word-level tests (weat variants) and sentences for sentence-level tests (sent-weat variants), consistent with the figure showing separate rows for weat versus sent-weat tests. This distinction is necessary because sentence tests slot each word into semantically bleached templates.","The figure shows different tests (weat variants, sent-weat variants, and Heilman tests) on the y-axis with varying significance patterns. The table describes num_targ1, num_targ2, num_attr1, and num_attr2 as counts of words or sentences in target and attribute sets. Determining whether a test uses word-level or sentence-level stimuli requires mapping test names to the appropriate count interpretation."
l1_de_1905.10674_0014,1905.10674,1905.10674_xl_0092,figure+table,table,figure,1,causal_explanation,True,,silver,Why does the compositional approach achieve gender prediction performance near the majority classifier threshold only at high regularization strength?,"At λ=10³, the compositional Gender AUC drops to approximately 0.51 (Figure 5), which is near the Majority Classifier score of 0.5 (Table 2), because the adversarial regularization at this strength successfully removes gender information. In contrast, the Baseline No Adversary achieves 0.712 AUC and the Gender Adversary achieves 0.532 AUC, both significantly above the majority baseline.","Figure 5 shows the compositional Gender AUC drops sharply between λ=10² and λ=10³, falling well below the baseline. Table 2 reports that the Gender Adversary achieves 0.532 AUC while the Baseline No Adversary achieves 0.712 AUC on MovieLens1M. The dramatic performance decline in the figure corresponds to the adversarial regularization strength needed to reduce gender prediction accuracy to near the majority classifier level shown in the table."
l1_de_1905.10674_0015,1905.10674,1905.10674_xl_0092,figure+table,table,figure,1,discrepancy_analysis,False,pseudo_multihop_parallel,silver,"At low regularization values, which sensitive attribute remains most predictable despite adversarial training, and what baseline performance justifies this persistence?","Gender remains most predictable at λ ≤ 10¹ with compositional AUC around 0.71 (Figure 5), consistent with the Baseline No Adversary gender AUC of 0.712 (Table 2). This persistence occurs because gender has the highest baseline predictability compared to Age (0.412) and Occupation (0.146), requiring stronger regularization to suppress.","Figure 5 shows the compositional Gender AUC remains stable around 0.71 for λ ≤ 10¹, matching the baseline. Table 2 shows the Baseline No Adversary achieves 0.712 AUC for gender, while Age achieves 0.412 and Occupation achieves 0.146. At low regularization, the compositional adversary fails to suppress gender information despite gender being the most predictable attribute in the baseline embeddings."
l1_de_1905.10674_0016,1905.10674,1905.10674_xl_0093,figure+table,table,figure,1,causal_explanation,True,,silver,Why does the recommendation error increase sharply at higher regularization strengths despite achieving attribute prediction scores comparable to random guessing?,"At high lambda values (beyond 100), the Compositional Adversary successfully reduces sensitive attribute prediction to near-random levels (Gender AUC 0.511 vs 0.5 random, Age F1 0.313 vs 0.367 majority, Occupation F1 0.121 vs 0.126 majority), but this invariance constraint causes RMSE to increase from the baseline 0.865 to over 1.0 because removing sensitive information degrades the main prediction task.","The figure shows RMSE increasing dramatically as lambda increases beyond 100, eventually exceeding 1.0. The table shows that the Compositional Adversary achieves near-random classification performance for sensitive attributes (Gender AUC 0.511, Age F1 0.313, Occupation F1 0.121). The causal link is that the lambda parameter controls the adversarial regularization strength, and high lambda values that successfully remove sensitive information come at the cost of degraded prediction accuracy."
l1_de_1905.10674_0017,1905.10674,1905.10674_xl_0093,figure+table,table,figure,1,discrepancy_analysis,True,,silver,What explains the performance gap between the baseline approach and the adversarial method in terms of sensitive attribute leakage?,"The baseline approach maintains RMSE around 0.865 but leaks substantial sensitive information, achieving Gender AUC of 0.712 and Age F1 of 0.412, whereas the Compositional Adversary reduces these to 0.511 and 0.313 respectively at the cost of increased RMSE. This demonstrates the fundamental tradeoff between prediction accuracy and fairness constraints.","The figure shows baseline RMSE as a horizontal dashed red line around 0.865, representing performance without adversarial constraints. The table shows that baseline without adversary achieves much higher attribute prediction scores (Gender AUC 0.712, Age F1 0.412, Occupation F1 0.146) compared to the adversarial approach. The discrepancy reveals the tradeoff between maintaining low prediction error and removing sensitive information."
l1_de_1905.10674_0018,1905.10674,1905.10674_xl_0094,figure+table,table,figure,1,causal_explanation,True,,silver,Why does the embedding approach achieving highest edge prediction AUC fail to prevent adversarial classification of sensitive demographic attributes?,"The Baseline approach achieves the highest AUC of approximately 0.82 on Reddit edge prediction (Figure 3), but allows Gender to be predicted with 0.712 AUC and Age with 0.412 F1 on MovieLens (Table 2), because it lacks adversarial regularization to remove sensitive information from the embeddings.","Figure 3 shows that the Baseline approach achieves the highest AUC on Reddit edge prediction, reaching approximately 0.82 by epoch 50. Table 2 demonstrates that the Baseline approach on MovieLens allows sensitive attribute prediction with Gender AUC of 0.712 and Age F1 of 0.412. The causal link is that high edge prediction performance comes at the cost of failing to protect sensitive attributes, requiring both elements to establish this privacy-utility tradeoff."
l1_de_1905.10674_0019,1905.10674,1905.10674_xl_0094,figure+table,table,figure,1,discrepancy_analysis,True,,silver,"On Reddit, which adversarial training strategy maintains flat edge prediction performance while achieving near-random sensitive attribute classification on MovieLens?","The Held Out Compositional approach maintains relatively flat AUC around 0.74 on Reddit edge prediction (Figure 3), while achieving Gender AUC of 0.511 and Age F1 of 0.313 on MovieLens (Table 2), consistent with near-random performance due to compositional adversarial regularization removing sensitive information.","Figure 3 shows that the Held Out Compositional approach (green line) starts at approximately 0.77 AUC and remains relatively flat around 0.74 throughout training. Table 2 shows that the Compositional Adversary reduces Gender classification to 0.511 AUC and Age to 0.313 F1, both near random performance. The discrepancy is that while compositional adversarial training successfully removes sensitive information on MovieLens, it simultaneously causes degraded and stagnant edge prediction performance on Reddit."
l1_de_1910.10872_0020,1910.10872,1910.10872_xl_0101,figure+table,figure,table,1,discrepancy_analysis,True,,silver,"Which specific error type affects the most frequently mistagged male name, and how does this compare to the misclassification patterns observed for female names?","Christian, the most frequently mistagged male name with 6,509 occurrences, is tagged as MISC, consistent with Sofia being tagged as CITY in the figure examples. However, Jordan (4,646 frequency) and Kaiden (2,832 frequency) are tagged as LOC, whereas Isabel shows MISC tagging, indicating both genders experience diverse error types but with different distributions.","The figure shows examples where female names like Isabel and Sofia are incorrectly tagged as MISC or CITY instead of PERSON. The table lists the top 5 mistagged male names with their frequency and error types, including Christian tagged as MISC and Jordan tagged as LOC. Comparing the error patterns reveals whether the types of misclassification differ systematically between genders."
l1_de_1910.10872_0021,1910.10872,1910.10872_xl_0101,figure+table,figure,table,1,causal_explanation,True,,silver,Why do certain male names remain completely untagged rather than being misclassified into incorrect entity categories like the female examples?,"King with 2,579 frequency is listed as 'Not Tagged', representing a NULL entity failure, whereas Charlotte and Victoria are actively misclassified as CITY in the figure. This suggests the NER system exhibits different failure modes: female names trigger incorrect entity assignments due to ambiguity with location names, while some male names fail to trigger any entity recognition at all.","The figure demonstrates that Charlotte and Victoria are both incorrectly tagged as CITY despite appearing in typical PERSON contexts. The table reveals that male names like King (2,579 frequency) are sometimes not tagged at all, representing a different failure mode. This contrast highlights whether the NER system exhibits different failure mechanisms across genders."
l1_de_1910.10872_0022,1910.10872,1910.10872_xl_0102,figure+table,figure,table,1,discrepancy_analysis,True,,silver,Why did the miscategorization pattern for Charlotte and Victoria shift between CoreNLP versions despite both names remaining incorrectly tagged in the sentence examples?,"Between CoreNLP version 3.8 and 3.9, Charlotte and Victoria shifted from being tagged as LOCATION to being tagged as CITY, whereas the figure shows these names appearing in person-context sentences like 'Charlotte is a person' and 'Victoria is a nice girl'. This demonstrates that the version update changed the specific non-PERSON category assigned but failed to address the core problem of recognizing these female names as PERSON entities in appropriate contexts.","Figure 1 shows examples where CoreNLP incorrectly tags PERSON entities like 'Charlotte' and 'Victoria' as non-PERSON categories (CITY, LOCATION). Table 3 reveals that in CoreNLP version 3.9, Charlotte and Victoria are both tagged as CITY, while in version 3.8 they were tagged as LOCATION. The version update changed the specific miscategorization type but did not fix the fundamental problem of failing to recognize these female names as PERSON entities."
l1_de_1910.10872_0023,1910.10872,1910.10872_xl_0102,figure+table,figure,table,1,causal_explanation,True,,silver,What explains the emergence of the MISC tag for Isabel in person-context sentences across the two CoreNLP versions documented?,"Isabel transitioned from 'Not Tagged' in CoreNLP version 3.8 to 'Tagged as MISC' in version 3.9, consistent with the figure showing Isabel incorrectly labeled as MISC in the sentence 'Isabel is sleeping'. This indicates that the version update introduced a miscategorization error where none existed before, rather than improving PERSON entity recognition for this female name.","Figure 1 displays Isabel tagged as MISC in sentence 3 ('Isabel is sleeping'), showing a miscategorization in a clear person-context sentence. Table 3 indicates that Isabel was 'Not Tagged' in CoreNLP version 3.8 but became 'Tagged as MISC' in version 3.9. This reveals that the version update introduced a new type of error for Isabel rather than improving recognition accuracy."
l1_de_1910.10872_0024,1910.10872,1910.10872_xl_0103,figure+table,figure,table,1,causal_explanation,True,,silver,Why do the misclassification patterns for names like Charlotte and Sofia reflect the gender distribution imbalance in training datasets?,"The training datasets (CoNLL 2003 and OntoNotes5) contain only 42% female names compared to 62% in Census data, creating an underrepresentation of female names. This training imbalance causes the NER system to misclassify female names like Charlotte (tagged as CITY) and Sofia (tagged as CITY) more frequently than male names. The systematic miscategorization occurs because the model was exposed to fewer female name examples during training, consistent with the 20 percentage point gap between Census and training data distributions.","Figure 1 shows examples where female names like Charlotte, Sofia, and Victoria are wrongfully tagged as CITY or MISC instead of PERSON entities. Table 4 reveals that Census data contains 62% female names but both CoNLL 2003 and OntoNotes5 training datasets contain only 42% female names. The underrepresentation of female names in training data causally explains why the NER system systematically misclassifies female names as non-PERSON entities."
l1_de_1910.10872_0025,1910.10872,1910.10872_xl_0103,figure+table,figure,table,1,discrepancy_analysis,True,,silver,What explains the variety of incorrect entity labels assigned to female names across multiple non-PERSON categories in the tagging errors?,"The training datasets contain substantially fewer female name instances (1,810 in CoNLL 2003 and 2,758 in OntoNotes5) compared to male names (2,506 and 3,832 respectively). This lower absolute exposure causes the model to lack robust representations for female names, resulting in diverse misclassifications across CITY, MISC, and LOCATION categories. The variety of incorrect labels occurs because the model attempts to fit female names into whatever entity categories it encountered more frequently during training, constrained by insufficient female name examples.","Figure 1 demonstrates that CoreNLP misclassifies female names across different entity types (CITY for Charlotte and Sofia, MISC for Isabel, LOCATION for Gracie). Table 4 shows that the absolute count of female names in training data is substantially lower (1,810 and 2,758) compared to male names (2,506 and 3,832) in both datasets. The lower absolute exposure to female names during training explains the diverse misclassification patterns observed across multiple entity categories."
l1_de_2005.07293_0026,2005.07293,2005.07293_xl_0112,figure+table,figure,table,1,discrepancy_analysis,True,,silver,Why does human preference reverse between the housing distribution scenario and the college admission scenario when both involve the same conceptual distinction?,"In Scenario 1 (housing), 134 people prefer equity versus only 16 for parity, whereas in Scenario 4 (college admission), 106 prefer parity versus 44 for equity. This reversal occurs because housing distribution aligns with the equity principle of providing resources proportional to need (depicted in the figure's right panel), while college admission contexts may trigger concerns about merit-based equality rather than compensatory equity.","The figure illustrates two fairness paradigms: equality (equal resources regardless of need) versus equity (resources proportional to need, enabling equal outcomes). The table shows human preference counts across four scenarios, with Scenario 1 strongly favoring Equity (134 vs 16) while Scenario 4 shows a reversal favoring Parity (106 vs 44). The causal question is why human preference patterns differ so dramatically between scenarios despite the same conceptual distinction."
l1_de_2005.07293_0027,2005.07293,2005.07293_xl_0112,figure+table,figure,table,1,causal_explanation,True,,silver,What property of the equity formalization causes its declining human acceptance as scenarios progress from housing to college admission contexts?,"Equity is formalized as p(Ŷ|A=blue) + p(Y|A=blue) = p(Ŷ|A=purple) + p(Y|A=purple) + p(Y|A=yellow), incorporating both predicted and true outcomes conditioned on protected attributes. Human preference for equity declines from 134 in Scenario 1 to 44 in Scenario 4, consistent with increasing discomfort when equity's compensatory mechanism (adjusting for historical disadvantage captured in true labels Y) conflicts with meritocratic intuitions in educational contexts.","The figure formalizes equity as combining both predicted and true label probabilities conditioned on protected attributes, contrasted with equality which only considers predicted labels. The table reveals a monotonic trend where equity preference increases from Scenario 1 (134) to Scenario 2 (115) to Scenario 3 (59) to Scenario 4 (44), inversely correlated with parity preference. The causal question is what property of the equity formalization drives this declining human acceptance pattern."
l1_de_2005.07293_0028,2005.07293,2005.07293_xl_0123,figure+table,figure,table,1,causal_explanation,False,pseudo_multihop_parallel,silver,"Which scenarios account for the concentration of Parity ratings in the lower range, and what preference counts characterize those scenarios?","Scenario 3 (91 preferences) and Scenario 4 (106 preferences) account for the majority of Parity support, consistent with the violin plot showing Parity ratings concentrated between 0-2, whereas Equity dominates Scenario 1 (134) and Scenario 2 (115) with higher ratings.",The violin plot shows that Parity ratings are concentrated in the lower range (0-2) while Equity ratings spread more broadly upward. Table 5 reveals that Scenario 3 and Scenario 4 have the highest Parity preferences (91 and 106 respectively). The causal question is why these specific scenarios drive the overall lower rating distribution for Parity.
l1_de_2005.07293_0029,2005.07293,2005.07293_xl_0123,figure+table,figure,table,1,discrepancy_analysis,True,,silver,How do preference counts in the first two scenarios explain the upper-range density observed in the Equity rating distribution?,"Scenario 1 (134 Equity preferences) and Scenario 2 (115 Equity preferences) contribute to the upper-range density in the Equity violin plot, with ratings extending to 4, because these scenarios show overwhelming preference for equity-based solutions compared to parity (16 and 35 respectively).","The Equity violin plot extends upward to rating 4 with substantial density in the upper range. Table 5 shows Scenario 1 has 134 Equity preferences and Scenario 2 has 115, both substantially higher than their Parity counterparts (16 and 35). The discrepancy question is how these dominant preference counts in early scenarios produce the upward spread in the Equity distribution."
l1_de_2103.11320_0030,2103.11320,2103.11320_xl_0126,figure+table,table,figure,1,discrepancy_analysis,True,,silver,Why does Religion exhibit the widest variation in negative regard scores compared to other demographic categories?,"Religion shows the widest spread in negative regard with outliers exceeding 50%, whereas the table reveals that regard classification achieves only 60.9% human agreement for CSKB and 75.4% for ConceptNet, compared to sentiment's 70.3% and 83.1% respectively. This lower agreement indicates that regard classifiers are less reliable, contributing to the high variation observed in Religion category.","The figure shows that negative regard percentages vary substantially across demographic categories, with Religion displaying the widest spread and highest outliers reaching above 50%. The table reports that regard classification achieves lower human agreement than sentiment classification for both knowledge bases. This discrepancy suggests that the high variation in regard scores may be partly attributable to classifier reliability issues."
l1_de_2103.11320_0031,2103.11320,2103.11320_xl_0126,figure+table,table,figure,1,hypothesis_verification,True,,silver,How does the consistently compressed distribution of positive regard across all categories correspond to the differential classifier agreement between knowledge bases?,"Positive regard distributions remain compressed near lower percentages across Origin, Gender, Religion, and Profession despite ConceptNet achieving 83.1% sentiment and 75.4% regard agreement compared to GenericsKB's 70.3% and 60.9%. This indicates that the bias toward negative overgeneralization persists even with more reliable classifiers, suggesting the bias originates from the knowledge base content rather than measurement error.","The figure demonstrates that positive regard percentages are consistently lower than negative regard across all four demographic categories, with most positive distributions compressed near the bottom of the scale. The table shows that ConceptNet achieves substantially higher human agreement than GenericsKB for both sentiment and regard measures. This pattern suggests that despite better classifier reliability in ConceptNet, the overgeneralization bias toward negative regard persists across both knowledge bases."
l1_de_2103.11320_0032,2103.11320,2103.11320_xl_0130,figure+table,table,figure,1,discrepancy_analysis,False,anchor_leakage,silver,Why does the Regard method achieve higher favoritism F1 than prejudice F1 when both positive and negative sentiment distributions appear in demographic categories?,"The Regard method achieves favoritism F1 of 0.565 compared to prejudice F1 of 0.472 for GenericsKB because the figure shows positive sentiment (red boxes) consistently spans wider ranges and higher medians across Origin, Gender, Religion, and Profession, whereas negative sentiment (blue boxes) shows more compressed distributions, leading to better precision-recall balance for favoritism detection.","The figure shows CSG Regard produces both negative and positive sentiment distributions across demographic categories (Origin, Gender, Religion, Profession). The table reports that the Regard method achieves favoritism F1 of 0.565 for GenericsKB but prejudice F1 of only 0.472. The discrepancy between high favoritism detection and lower prejudice detection must be explained by the visual distribution patterns showing asymmetric sentiment scores."
l1_de_2103.11320_0033,2103.11320,2103.11320_xl_0130,figure+table,table,figure,1,causal_explanation,False,anchor_leakage,silver,What characteristic in the negative sentiment distribution across demographic categories enables Sentiment to outperform Regard on prejudice detection?,"Sentiment achieves prejudice F1 of 0.480 compared to Regard's 0.472 because the figure shows negative sentiment (blue boxes) contains numerous outlier points extending to extreme values (up to 50%) in Religion and Profession categories, whereas positive sentiment shows fewer outliers, allowing Sentiment to better capture severe prejudice cases through these extreme negative signals.","The table shows that Sentiment method achieves prejudice F1 of 0.480 for GenericsKB, outperforming Regard's 0.472. The figure displays sentiment distributions where negative sentiment boxes show outlier points extending beyond typical ranges in Religion and Profession categories. This superior prejudice detection by Sentiment must stem from its ability to capture extreme negative cases visible as outliers."
l1_de_2103.11320_0034,2103.11320,2103.11320_xl_0142,figure+table,table,figure,1,discrepancy_analysis,True,,silver,Why does the Religion category exhibit the widest positive regard spread when one knowledge base shows lower variance than the other?,"GenericsKB exhibits variance of 3.74 for positive regard compared to ConceptNet's 20.4, yet the Religion category in CSG shows the widest spread (approximately 0-60% range) because CSG's generation process amplifies existing disparities in the underlying knowledge base, consistent with the high negative regard variance of 8.74 in GenericsKB.","Figure 5 shows that CSG Regard displays substantial spread in positive regard percentages across different demographic categories, with Religion showing the widest range. Table 4 quantifies disparity using variance metrics, revealing that GenericsKB has variance values of 3.74 for positive regard and 8.74 for negative regard, compared to ConceptNet's 20.4 and 4.03. The causal link requires connecting the visual spread patterns in CSG to the numerical variance disparity between the two knowledge bases."
l1_de_2103.11320_0035,2103.11320,2103.11320_xl_0142,figure+table,table,figure,1,causal_explanation,False,anchor_leakage,silver,How do the compressed negative regard distributions for Gender and Profession emerge despite the knowledge base showing substantially higher variance?,"Gender and Profession show compressed negative regard distributions (medians around 10-15% in Figure 5) because ConceptNet's negative sentiment variance of 4.03 is relatively low, whereas GenericsKB's negative regard variance of 8.74 drives disparity primarily in other categories like Origin, constrained by the specific targets selected within each demographic category.","Figure 5 displays that negative regard percentages for Gender and Profession categories remain relatively compressed with medians around 10-15%, while Origin shows higher median negative regard. Table 4 shows ConceptNet has negative sentiment variance of 4.03 compared to GenericsKB's 79, yet negative regard variance is 8.74 for GenericsKB versus 4.03 for ConceptNet. The causal relationship requires explaining why certain categories show compressed negative regard distributions despite high variance in the underlying knowledge base."
l1_de_2109.03952_0036,2109.03952,2109.03952_xl_0159,figure+table,figure,table,1,causal_explanation,True,,silver,Which patient treatment features does the attention mechanism prioritize to achieve fairness-accuracy trade-offs on Heritage Health with reduced statistical parity difference?,"The attention mechanism prioritizes features such as PlaceSvcs (place where the member was treated), LOS (length of stay), and dsfs (days since first service that year) because these temporal and location-based treatment attributes enable the model to achieve SPD values of 0.3-0.5 while maintaining accuracy around 0.75-0.78, compared to other methods that show higher SPD at similar accuracy levels.","The figure shows Attention (Ours) achieving fairness-accuracy trade-offs with SPD values around 0.3-0.5 and accuracy around 0.75-0.78 on Heritage Health. The table defines abbreviations like PlaceSvcs, LOS, and dsfs that describe patient treatment features in Heritage Health. Understanding which patient treatment features the attention mechanism focuses on to achieve these fairness-accuracy trade-offs requires knowing what the abbreviated feature names represent."
l1_de_2109.03952_0037,2109.03952,2109.03952_xl_0159,figure+table,figure,table,1,discrepancy_analysis,True,,silver,Why do FCRL and MaxEntARL achieve lower statistical parity difference but sacrifice substantial accuracy compared to the attention-based approach?,"FCRL and MaxEntARL achieve SPD values of 0.1-0.3 but sacrifice accuracy (0.65-0.75) because they likely suppress temporal features like LOS (length of stay) and dsfs (days since first service that year) to reduce bias, whereas the attention mechanism selectively weights these features to maintain accuracy (0.75-0.78) while achieving moderate fairness (SPD 0.3-0.5).",The figure displays FCRL and MaxEntARL methods achieving lower SPD values (0.1-0.3) but at significantly lower accuracy (0.65-0.75) compared to Attention (Ours). The table provides feature abbreviations that represent temporal healthcare attributes like length of stay and days since first service. The temporal nature of these features may explain why certain methods struggle to balance fairness and accuracy when these features are critical for prediction.
l1_de_1804.09301_0038,1804.09301,1804.09301_xl_0062,figure+table,figure,table,1,causal_explanation,True,,silver,Why does the steepest upward trend among all three systems correspond to the largest accuracy gap between standard and counter-stereotypical female examples?,"The RULE system exhibits the steepest positive correlation (rising from -100% to 100% across the occupational gender spectrum) because it achieves only 10.0% accuracy on female gotcha cases compared to 38.3% on standard female cases, demonstrating it relies most heavily on stereotypical gender-occupation associations. This 28.3 percentage point gap is larger than STAT's 6.7 point gap (45.8% vs. 50.8%) and NEURAL's 14.1 point gap (36.7% vs. 50.8%), consistent with RULE's stronger adherence to real-world occupational gender statistics.","The RULE system shows a steep positive correlation between occupational gender statistics and pronoun resolution bias, rising from approximately -100% at 0% female occupation to 100% at 100% female occupation. The table reveals RULE achieves only 10.0% accuracy on female gotcha cases versus 38.3% on standard female cases. This dramatic accuracy drop on counter-stereotypical examples directly explains why the system's bias line follows real-world statistics so closely—it fails when occupations contradict gender stereotypes."
l1_de_1804.09301_0039,1804.09301,1804.09301_xl_0062,figure+table,figure,table,1,discrepancy_analysis,True,,silver,How can the flattest correlation line among the three systems still exhibit substantial male performance degradation on counter-stereotypical occupation pairings?,"Despite STAT's nearly flat trend line hovering near 0% bias across occupational gender statistics, the system shows an 11.7 percentage point drop in male accuracy from 51.7% (standard) to 40.0% (gotcha cases), demonstrating it still relies on stereotypical gender-occupation associations. This reveals that even systems with minimal aggregate gender preference can exhibit significant performance penalties when occupations contradict learned stereotypes, constrained by the same real-world gender disparities that produce the correlation patterns.","The STAT system displays a nearly flat, slightly positive trend line hovering near 0% gendered pronoun resolution bias across all occupational gender percentages, suggesting minimal gender preference. However, the table shows STAT's male accuracy drops from 51.7% on standard cases to 40.0% on male gotcha cases, an 11.7 point decrease. This performance degradation on counter-stereotypical male examples reveals that despite the flat visual trend, STAT still encodes occupational gender biases that hurt performance when stereotypes are violated."
l1_de_2109.03952_0040,2109.03952,2109.03952_xl_0161,figure+table,figure,table,1,causal_explanation,True,,silver,Why does removing the treatment location feature produce both high accuracy and high standard deviation compared to removing other clinical features?,"Removing 'no PlaceSvcs' (place where the member was treated) achieves approximately 0.760 accuracy with 0.555 SPD, because treatment location captures geographic and facility-level variation that correlates with both predictive power and demographic disparities, whereas clinical metrics like length of stay show lower SPD values around 0.555 but similar accuracy.","The figure shows that removing 'no PlaceSvcs' yields high accuracy (around 0.760) and high SPD (around 0.555), indicating this feature strongly influences both metrics. The table defines PlaceSvcs as the place where the member was treated. The causal link requires understanding whether the treatment location feature's removal creates this specific fairness-accuracy trade-off pattern."
l1_de_2109.03952_0041,2109.03952,2109.03952_xl_0161,figure+table,figure,table,1,discrepancy_analysis,True,,silver,What explains the lower fairness disparity when the temporal service recency metric is removed versus when service location is removed?,"Removing 'dsfs max' (days since first service that year) yields approximately 0.760 accuracy with 0.507 SPD, whereas removing PlaceSvcs (place where member was treated) produces 0.760 accuracy with 0.555 SPD, because temporal recency is less correlated with demographic attributes than geographic treatment location.","The figure displays 'dsfs max' at lower accuracy (around 0.760) and lower SPD (around 0.507) compared to most other features. The table defines dsfs as days since first service that year, a temporal measure. The discrepancy requires identifying why this temporal feature's removal creates a distinct fairness-accuracy position compared to service-count or location features."
l1_de_1804.06876_0042,1804.06876,1804.06876_xl_0056,figure+table,figure,table,1,causal_explanation,False,anchor_leakage,silver,Which occupation percentages determine whether linking a female pronoun to physician versus secretary represents the pro-stereotypical or anti-stereotypical test condition?,"Physician at 38% female is male-dominated, so linking to a male pronoun is pro-stereotypical, whereas secretary at 95% female is female-dominated, making female pronoun links pro-stereotypical. This percentage difference defines the stereotypical direction for each occupation in the balanced co-reference tests.","Figure 1 shows that WinoBias tests require linking pronouns to occupations in both pro-stereotypical and anti-stereotypical scenarios, with examples using 'physician' and 'secretary'. Table 1 lists physician at 38% female and secretary at 95% female, establishing their stereotypical gender associations. The causal link is that the specific gender percentages in the table define which direction (male vs. female pronoun) constitutes the pro-stereotypical versus anti-stereotypical test case shown in the figure."
l1_de_1804.06876_0043,1804.06876,1804.06876_xl_0056,figure+table,figure,table,1,hypothesis_verification,True,,silver,What range of occupational gender distributions provides the world knowledge necessary to resolve Type 1 co-reference decisions that cannot rely on syntactic information?,"The 40 occupations span from 2% female (carpenter) to 95% female (secretary), providing stereotypical gender associations as world knowledge. This distribution enables systems to resolve Type 1 co-reference tests where syntactic cues are insufficient, because the occupational percentages encode the semantic stereotypes required for disambiguation.","Figure 1 demonstrates Type 1 sentences where co-reference decisions must be made using world knowledge about circumstances, not syntactic cues. Table 1 organizes 40 occupations by female percentage, ranging from carpenter at 2% to secretary at 95%, providing the world knowledge about gender stereotypes. The connection is that the table's occupational gender statistics supply the exact world knowledge required to resolve the Type 1 co-reference challenges illustrated in the figure."
l1_de_1809.02208_0044,1809.02208,1809.02208_xl_0071,figure+table,figure,table,1,causal_explanation,True,,silver,Why does translating occupation sentences using the single-pronoun structure from gender-neutral languages produce systematically gendered outputs for traditionally stereotyped professions?,"The Hungarian template 'ő egy ⟨occupation⟩' uses a gender-neutral pronoun structure, but when translated to English, the system must assign gendered pronouns (he/she). This forces the translation algorithm to infer gender based on occupational stereotypes, resulting in nurse and baker being translated with 'she' while CEO is translated with 'he', consistent with traditionally male-dominated versus female-dominated fields.","The screenshot demonstrates that Hungarian sentences with gender-neutral pronouns are translated into English with gendered pronouns, showing occupations like nurse and baker assigned female pronouns while CEO receives male pronouns. The table lists Hungarian as using the template 'ő egy ⟨occupation⟩' for occupation sentences. The translation bias observed in the screenshot directly results from applying this single gender-neutral template structure, which forces the translation system to infer gender."
l1_de_1809.02208_0045,1809.02208,1809.02208_xl_0071,figure+table,figure,table,1,discrepancy_analysis,True,,silver,How does the uniform grammatical structure across all occupation types in the source language enable systematic stereotype amplification in the target translations?,"Hungarian employs the identical template 'ő egy ⟨occupation⟩' for all professions without grammatical gender markers, whereas the adjective template is simply 'ő ⟨adjective⟩'. Because the source provides no gender information, the translation system consistently applies stereotypes, assigning 'she' to nurse, baker, and wedding organizer while assigning 'he' to scientist, engineer, and CEO, demonstrating that uniform neutral templates force reliance on occupational stereotypes during translation.","The screenshot shows that multiple distinct Hungarian occupation sentences all translate to gendered English pronouns, with traditionally female occupations receiving 'she' and male-dominated ones receiving 'he'. The table reveals that Hungarian uses identical sentence structure 'ő egy ⟨occupation⟩' for all occupations, with a separate adjective template 'ő ⟨adjective⟩'. The consistent bias pattern across seven different occupations in the screenshot stems from the uniform template structure that provides no grammatical gender cues."
l1_de_1409.0575_0046,1409.0575,1409.0575_xl_0003,figure+table,figure,table,1,causal_explanation,True,,silver,Why does the automated classifier achieve fewer failures than the human annotator on images with sparse positive labels?,"For annotator A2, GoogLeNet succeeds where humans fail in 24 cases out of 258 total images, whereas humans succeed where GoogLeNet fails in only 7 cases. This pattern is consistent with label sparsity challenges illustrated in the multi-label annotation framework, where automated systems handle the predominance of negative labels more systematically than humans who may miss rare positive instances.","The figure illustrates multi-label annotation challenges including label correlation and label sparsity (many negative labels per image). The table shows GoogLeNet succeeds where humans fail in 24 cases for A2, suggesting automated systems handle certain annotation patterns differently. The connection requires understanding how label sparsity affects the relative performance gap between human and automated classification."
l1_de_1409.0575_0047,1409.0575,1409.0575_xl_0003,figure+table,figure,table,1,discrepancy_analysis,True,,silver,What accounts for the substantial difference in estimated human classification error between the two annotators despite both being experts?,"Annotator A1 achieved 5.1% estimated human classification error compared to A2's 12.0%, because A1 evaluated 1500 images versus A2's 258 images. This larger training set allowed A1 to better learn label correlation patterns (e.g., hierarchical relationships between Furniture subtypes like Table and Chair), which are critical for efficient multi-label annotation as illustrated in the annotation framework.","The figure shows label correlation structure where related labels (e.g., Table-Chair under Furniture) tend to co-occur. The table reveals annotator A1 has lower estimated human classification error (5.1%) than A2 (12.0%), with A1 processing many more images (1500 vs 258). This suggests training time affects exploitation of label correlation patterns."
l1_de_1603.07025_0048,1603.07025,1603.07025_xl_0008,figure+table,figure,table,1,discrepancy_analysis,True,,gold,Why does overall average comment length decline over calendar years despite each cohort showing increasing comment length as they mature?,"The overall average declines from 220 characters in 2007 to 176 in 2014 because newer cohorts start with progressively lower baseline lengths (2007 cohort starts at 220, 2014 at 176), even though within each cohort, comment length increases over time (e.g., 2007 cohort grows from 220 to 246). This Simpson's paradox occurs because the compositional shift toward newer, shorter-writing cohorts dominates the within-cohort growth trend.","The figure shows overall average comment length decreasing over clock time while individual cohort lines trend upward. The table displays yearly averages for each cohort, with values increasing down each column (within-cohort growth) but decreasing across rows (cross-cohort decline). This apparent paradox requires reconciling the within-cohort increases visible in the table with the overall decline visible in the figure."
l1_de_1603.07025_0049,1603.07025,1603.07025_xl_0008,figure+table,figure,table,1,hypothesis_verification,False,anchor_leakage,gold,What initial comment length characterizes the cohort that stabilizes around a specific average after the sharp early drop observed in user-referential time?,"The 2012 cohort starts at 167 characters in its first year and increases to 172 by 2014, consistent with the figure showing cohort 2 (dashed line) stabilizing around 170-173 characters after an initial drop. This pattern demonstrates that later cohorts begin with lower baselines compared to the 2007 cohort's starting value of 220 characters.",The figure displays cohort-specific trends with an initial sharp drop in comment length followed by gradual increases in user-referential time. The table provides exact starting values for each cohort year and their subsequent yearly evolution. Comparing the 2012 cohort's trajectory requires identifying its initial value and tracking its growth pattern across years.
l1_de_2005.07293_0050,2005.07293,2005.07293_xl_0111,figure+table,figure,table,1,causal_explanation,True,,silver,Why does the individualized resource allocation approach achieve statistically significant bias reduction compared to uniform resource distribution across iterations in both datasets?,"The equity approach (individualized resources) achieves p-values below 0.05 by iteration 2 for COMPAS Parity (0.0520) and iteration 3 for Adult Parity (0.0002), whereas equality's uniform distribution fails to account for different group needs. By iteration 5, Equity reaches p-values of 0.0018 (COMPAS Parity) and 9.1e-05 (Adult), demonstrating that tailored interventions significantly reduce disparities |p(Y|A=female) - p(Y|A=male)| because they address group-specific disadvantages rather than applying identical treatment.",Figure 1 illustrates that equity provides individualized resources (different box heights) compared to equality's uniform resources. Table 4 shows p-values for Mann-Whitney U tests comparing Equity against Parity and Classifier losses across iterations. The causal link is whether the conceptual advantage of individualized resource allocation translates into statistically significant bias reduction in the feedback loop experiments.
l1_de_2005.07293_0051,2005.07293,2005.07293_xl_0111,figure+table,figure,table,1,discrepancy_analysis,True,,silver,How does combining predicted and true outcome distributions in the fairness objective accelerate the convergence to statistical significance compared to optimizing predicted outcomes alone?,"The equity formulation p(Ŷ|A) + p(Y|A) combines both predicted and true distributions, leading Classifier loss to reach p-value 9.1e-05 by iteration 6 for COMPAS, whereas Parity loss (optimizing only p(Ŷ|A)) requires 9 iterations to reach 0.0002. For Adult dataset, Classifier achieves 9.1e-05 by iteration 2, compared to Parity reaching 0.0045 at the same iteration, demonstrating that jointly optimizing both outcome types accelerates statistical significance because it addresses disparities in both model predictions and ground-truth label distributions simultaneously.","Figure 1 formalizes equity as p(Ŷ|A=blue) + p(Y|A=blue) = p(Ŷ|A=purple) + p(Y|A=purple) = p(Ŷ|A=yellow) + p(Y|A=yellow), combining predicted and true outcomes. Table 4 shows Classifier loss p-values reach 9.1e-05 faster than Parity loss p-values across iterations. The discrepancy is whether optimizing both predicted and true outcome distributions (equity formulation) accelerates convergence to statistical significance compared to optimizing predicted distributions alone."
l1_de_2005.07293_0052,2005.07293,2005.07293_xl_0122,figure+table,table,figure,1,discrepancy_analysis,True,,silver,Why does the Parity notion show progressively decreasing p-values across iterations on COMPAS despite similar human rating distributions between fairness notions?,"On COMPAS, Parity p-values decrease from 0.1365 at iteration 1 to 0.0002 at iteration 9, demonstrating statistically significant bias reduction over time, whereas the human ratings show overlapping distributions centered around similar medians. This indicates that human preference similarity does not predict iterative bias reduction effectiveness measured by disparity metrics.","The violin plot shows human ratings for Parity and Equity fairness notions across different scenarios, with distributions centered around similar median values. The table reports p-values from Mann-Whitney U tests comparing the effectiveness of Equity versus Parity in reducing bias over iterations for COMPAS and Adult datasets. The statistical significance in the table must explain whether the similar human preference distributions translate to measurably different bias reduction performance."
l1_de_2005.07293_0053,2005.07293,2005.07293_xl_0122,figure+table,table,figure,1,hypothesis_verification,False,anchor_leakage,silver,At which iteration does the Adult dataset achieve the same statistical significance threshold that COMPAS reaches only at later iterations?,"The Adult dataset achieves p-values of 9.1e-05 for both Parity and Classifier by iteration 4, whereas COMPAS reaches this threshold at iteration 6 for Classifier (9.1e-05) and iteration 9 for Parity (0.0002). This faster convergence occurs despite both datasets being evaluated under fairness notions with similar human rating distributions, indicating dataset characteristics constrain bias reduction speed independent of human preference.","The violin plots display similar spread and central tendency for human ratings of both Parity and Equity notions. The table shows that on the Adult dataset, both Parity and Classifier p-values reach 9.1e-05 by iteration 4, while COMPAS requires more iterations to achieve comparable significance. This suggests dataset-specific convergence rates that are independent of human fairness perception similarity."
l1_de_1809.02208_0054,1809.02208,1809.02208_xl_0070,figure+table,figure,table,1,causal_explanation,False,weak_reasoning_connector,gold,What numerical gap between male and female pronoun percentages produces the visually male-dominated pattern observed in Legal occupations?,"The Legal category shows 72.619% male pronouns compared to only 11.905% female pronouns, creating a 60.714 percentage point gap. This large disparity produces the visually prominent pink (male) bar section with minimal yellow (female) representation in the Legal column.","Figure 7 shows that Legal occupations display a visually prominent male-dominated bar (pink section) with a relatively small female section (yellow). Table 7 quantifies this pattern with specific percentages for Legal: 11.905% female, 72.619% male, and 10.714% neutral. The query connects the visual dominance to the precise numerical gap between male and female pronouns."
l1_de_1809.02208_0055,1809.02208,1809.02208_xl_0070,figure+table,figure,table,1,discrepancy_analysis,False,anchor_leakage,gold,Why do Healthcare and Education categories show substantially higher female pronoun proportions compared to STEM occupations?,"Healthcare (23.305% female) and Education (23.485% female) exhibit approximately five to six times higher female pronoun percentages than STEM (4.219% female), consistent with traditional gender associations in these fields. This contrast reflects how Google Translate encodes societal stereotypes where caregiving and teaching roles are associated with female defaults, whereas technical fields default to male pronouns.","Figure 7 visually contrasts Healthcare and Education as having larger proportions of female and neutral pronouns compared to other categories. Table 7 provides exact values: Healthcare has 23.305% female and Education has 23.485% female, both substantially higher than STEM's 4.219% female. The query explores why these two categories deviate from the male-default pattern."
l1_de_1409.0575_0056,1409.0575,1409.0575_xl_0005,figure+table,table,figure,1,causal_explanation,True,,silver,Why does annotator A2 achieve substantially higher human classification error compared to A1 despite both evaluating the same ILSVRC dataset?,"Annotator A2 achieved 12.0% human classification error compared to A1's 5.1% error because A1 evaluated 1500 images with extensive training time, whereas A2 evaluated only 258 images. The figure shows ILSVRC has high clutter levels (dark green bars peaking around 0.55), consistent with the need for significant training time to achieve competitive performance on this challenging dataset.","The figure shows ILSVRC2012-2014 has substantially higher level of clutter (dark green bars) compared to PASCAL VOC 2012 (light blue bars) across different clutter levels. The table reports human classification error rates for two annotators, with A1 achieving 5.1% and A2 achieving 12.0% error. The connection is that higher dataset clutter difficulty explains why even trained human annotators achieve non-trivial error rates on ILSVRC."
l1_de_1409.0575_0057,1409.0575,1409.0575_xl_0005,figure+table,table,figure,1,discrepancy_analysis,True,,silver,"On which annotator's test set does GoogLeNet outperform the human annotator, and how does this relate to evaluation set size?","GoogLeNet outperforms human annotator A2 (5.8% vs 12.0% error) but underperforms A1 (6.8% vs 5.1% error). This is because A1 evaluated 1500 images with extensive training, achieving competitive performance, whereas A2 evaluated only 258 images. The figure shows ILSVRC contains diverse object scales and clutter levels, requiring substantial human training time to match deep network performance.","The figure displays object scale distribution showing ILSVRC (dark green) has substantial fraction of small objects (low scale values). The table shows GoogLeNet achieves 6.8% classification error on A1's set and 5.8% on A2's set, while humans achieve 5.1% and 12.0% respectively. The discrepancy is that on A1's larger set, human outperforms GoogLeNet by 1.7%, but on A2's smaller set, GoogLeNet significantly outperforms the human."
l1_de_1611.07438_0058,1611.07438,1611.07438_xl_0013,figure+table,figure,table,1,causal_explanation,False,meta_language,silver,Which causal pathway from the graph structure accounts for the admission rate differences observed when stratifying applicants by both major and test_score simultaneously?,"The direct edge from gender to admission accounts for the discrimination, because when examining the block set {major, test_score}, females in CS with high test_score have 50% admission versus males at 50%, but the overall female rate of 37% versus male 46% persists due to the gender→admission path not being blocked by {major, test_score} alone. This is consistent with the graph showing gender influences admission both directly and through major.","The causal graph shows major directly influences admission and gender has a path to admission through major. The table reveals that within the same test_score level and major, admission rates differ by gender (e.g., CS females at 20% vs males at 20% for low scores, but 50% vs 50% for high scores in CS, while EE shows 40% vs 40% for low and 70% vs 70% for high). The query must identify which causal path explains the observed discrimination pattern when stratifying by both major and test_score."
l1_de_1611.07438_0059,1611.07438,1611.07438_xl_0013,figure+table,figure,table,1,hypothesis_verification,True,,silver,Why does test_score fail to qualify as a block set for measuring discrimination despite its strong predictive relationship with admission outcomes across all applicant subgroups?,"Test_score alone does not satisfy the conditional independence criterion (C ⊥ E | B) because gender is not independent of admission when conditioning only on test_score, as the graph shows no path from gender through test_score. The table confirms this: even within the same test_score level, admission rates vary by gender and major (e.g., at high test_score, CS females have 50% admission whereas EE females have 70%), demonstrating that test_score does not block the gender→admission path.","The causal graph indicates test_score has a direct arrow to admission but no connection to gender. The table shows that within each major, high test_score applicants have substantially higher admission rates than low test_score applicants (e.g., CS: 25% low vs 55% high; EE: 35% low vs 65% high), and this pattern holds uniformly across genders. The query must explain why test_score alone does not form a block set despite its strong predictive effect on admission."
l1_de_1904.03035_0060,1904.03035,1904.03035_xl_0090,figure+table,table,figure,1,causal_explanation,True,,gold,Why does introducing the regularization term that controls embedding matrix bias affect both the language model perplexity and the distributional statistics of generated outputs?,"The regularization term λ(N,B) shown in the lower pathway reduces bias metrics (μ, σ, β) in Table 1 as λ increases, because it explicitly penalizes gender bias in the embedding matrix during training. However, this comes at the cost of increased perplexity compared to the standard cross entropy loss pathway, demonstrating a tradeoff between bias mitigation and language modeling performance.","The figure shows two training pathways: standard cross entropy loss versus cross entropy loss with a regularization term λ(N,B) that targets the embedding matrix. The table reports perplexity (Ppl.) and bias metrics (μ, σ, β) for different λ values. The causal question is whether adding the regularization term successfully reduces bias metrics while maintaining language modeling performance."
l1_de_1904.03035_0061,1904.03035,1904.03035_xl_0090,figure+table,table,figure,1,discrepancy_analysis,True,,gold,"Across varying regularization strengths, how do the bias statistics differ between fixed context and infinite context generation modes for the three-layer LSTM architecture?","Table 1 shows that for each λ value, the infinite context mode consistently produces different bias metrics (μ, σ, β) compared to fixed context mode, because infinite context allows the model to propagate gender associations across longer sequences. This demonstrates that the effectiveness of the regularization term λ(N,B) in the three-layer LSTM depends on the context window used during generation.","The figure illustrates that the three-layer LSTM model processes training corpus through word-level language modeling, with λ controlling bias minimization. The table shows experimental results for both fixed and infinite context settings across different λ values. The question targets whether context length interacts with the regularization strength in determining bias reduction effectiveness."
l1_de_2109.03952_0062,2109.03952,2109.03952_xl_0158,figure+table,figure,table,1,causal_explanation,True,,silver,Which Heritage Health dataset features correspond to the superscript indices shown in the attribution outcomes plotted at lower accuracy regions?,"The superscript indices {1,2} and 2 in ŷ_z^{1,2} and ŷ_z^2 likely correspond to features abbreviated in Table 2, such as PlaceSvcs (place where member was treated) and LOS (length of stay), because the notation ŷ_z^k represents model outcomes where attention weights for the k-th feature are zeroed out. The lower accuracy points (around 0.51-0.55) indicate these features' removal significantly impacts model performance compared to the original outcome ŷ_o at 0.63 accuracy.","The figure shows multiple attribution points labeled with notation involving subscripts and superscripts (e.g., ŷ_z^{1,2}, ŷ_z^2) plotted at different accuracy and SDP coordinates. The table provides abbreviations for feature names in the Heritage Health dataset, including PlaceSvcs, LOS, and dsfs. The connection requires understanding which dataset features correspond to the superscript notation in the attribution visualization."
l1_de_2109.03952_0063,2109.03952,2109.03952_xl_0158,figure+table,figure,table,1,discrepancy_analysis,True,,silver,Why does zeroing attention weights for certain features drop accuracy substantially while the original model maintains performance near the upper-right region?,"Zeroing attention weights for features like dsfs (days since first service that year) and LOS (length of stay) causes accuracy to drop from 0.63 to approximately 0.51-0.55 because these temporal and service-duration features are critical for prediction. The original outcome ŷ_o maintains high accuracy (0.63) and SDP (0.85) due to intact attention weights across all features, whereas ŷ_z variants show degraded performance consistent with removing essential predictive information.","The figure displays ŷ_o (original model) at high accuracy (≈0.63) and high SDP (≈0.85), while ŷ_z variants cluster at lower accuracy and SDP values. The table defines temporal and service-related features like dsfs (days since first service that year) and LOS (length of stay). Understanding why removing certain features (indicated by superscripts) causes such dramatic performance drops requires knowing what these abbreviated features represent."
l1_de_2005.07293_0064,2005.07293,2005.07293_xl_0110,figure+table,figure,table,1,discrepancy_analysis,True,,silver,Why does the equity-based resource allocation approach show different statistical significance patterns across increasing regularization strength on the two datasets?,"On the COMPAS dataset, Equity loss shows decreasing p-values (0.2725 to 0.0008 for Parity, 0.5151 to 0.0069 for Classifier) as beta increases from 0.1 to 0.9, whereas on the Adult dataset, p-values drop rapidly to 9.1e-05 at beta=0.4 and remain constant, indicating that equity-based allocation (proportional resources) achieves statistical significance at lower regularization strength on Adult compared to COMPAS.",The figure illustrates equality (equal resources for all groups) versus equity (resources proportional to need). The table shows p-values comparing Equity loss against Parity and Classifier losses across different beta values on two datasets. The statistical significance pattern reveals whether the equity-based approach (matching the right-side illustration) degrades performance compared to equality-based parity.
l1_de_2005.07293_0065,2005.07293,2005.07293_xl_0110,figure+table,figure,table,1,hypothesis_verification,True,,silver,At which regularization strength does the need-based allocation formalization achieve statistically significant test accuracy compared to identical-treatment approaches on both datasets?,"Equity loss achieves statistical significance (p<0.05) at beta=0.5 on COMPAS (p=0.0557 for Parity, 0.0604 for Classifier) and at beta=0.2 on Adult (p=0.0045 for Parity, 0.0056 for Classifier), because the equity formalization p(Ŷ|A=blue)+p(Y|A=blue) requires higher regularization on COMPAS compared to Adult to overcome the identical-treatment baseline.","The figure formalizes equality as identical conditional distributions p(Ŷ|A=blue)=p(Ŷ|A=purple)=p(Ŷ|A=yellow), treating all groups identically. The table reports statistical significance testing whether Equity loss degrades test accuracy compared to Parity loss. The connection tests whether enforcing identical treatment (equality/parity) maintains better accuracy than need-based allocation (equity)."
l1_de_2005.07293_0066,2005.07293,2005.07293_xl_0121,figure+table,table,figure,1,discrepancy_analysis,True,,silver,Why do human ratings favor one fairness notion while statistical tests show diminishing performance significance as beta increases on both datasets?,"Human ratings show similar distributions for parity and equity (both centered around 4), whereas Mann-Whitney U tests reveal that Equity loss significance degrades with increasing beta: COMPAS p-values drop from 0.2725 to 0.0008 for Parity and 0.5151 to 0.0069 for Classifier, while Adult shows consistent significance (9.1e-05) at beta ≥0.4, indicating that statistical performance differences do not align with human fairness preferences.",The violin plots show human ratings distributions for parity and equity fairness notions across different scenarios. The table reports p-values from Mann-Whitney U tests comparing Equity loss against Parity and Classifier losses across different beta values for both datasets. The connection requires understanding whether the human preference patterns align with the statistical significance of performance differences.
l1_de_2005.07293_0067,2005.07293,2005.07293_xl_0121,figure+table,table,figure,1,hypothesis_verification,True,,silver,At which regularization strength does the Adult dataset show consistent statistical significance despite human ratings treating both fairness notions similarly?,"Despite human ratings showing similar distributions for parity and equity (both centered around 4), the Adult dataset achieves consistent statistical significance at beta ≥0.4, where p-values stabilize at 9.1e-05 for both Parity and Classifier comparisons, compared to COMPAS which shows gradual significance improvement from 0.2725 down to 0.0008.","The violin plots display that human ratings for both parity and equity have similar central tendencies and spread. The table shows that for the Adult dataset, p-values become highly significant (9.1e-05) at beta values from 0.4 onwards for both Parity and Classifier comparisons. This requires connecting human perception of fairness equality with the threshold at which statistical performance divergence becomes significant."
l1_de_2103.11320_0068,2103.11320,2103.11320_xl_0127,figure+table,table,figure,1,hypothesis_verification,False,single_element_answer,silver,Why would the spatial positioning of targets across bias regions be considered valid despite the classifier agreement levels reported for each knowledge base?,"The spatial positioning is justified because human agreement for sentiment reaches 70.3% for CSKB and 83.1% for ConceptNet, while regard achieves 60.9% and 75.4% respectively. These moderate-to-high agreement levels support using sentiment-regard coordinates as proxies for overgeneralization, consistent with the reasonable accuracy found when comparing human labels with classifier outputs.","The scatter plot shows that terms like 'girlfriend', 'anomaly', and 'brother' fall into different bias regions (prejudice, favoritism, negligible bias) based on their sentiment coordinates. The table reports human agreement accuracy for sentiment and regard measures across different knowledge bases. The causal link is whether the classifier agreement levels justify using these sentiment-regard coordinates to categorize targets into distinct bias regions."
l1_de_2103.11320_0069,2103.11320,2103.11320_xl_0127,figure+table,table,figure,1,discrepancy_analysis,False,weak_reasoning_connector,silver,How does the superior human agreement for ConceptNet compared to GenericsKB affect the reliability of classifying gendered terms into specific bias categories?,"ConceptNet's sentiment agreement of 83.1% versus GenericsKB's 70.3%, and regard agreement of 75.4% versus 60.9%, means ConceptNet provides more reliable classification of gendered terms like 'girlfriend' into the favoritism region. The higher agreement rates reduce misclassification risk, making the spatial bias region assignments more trustworthy for ConceptNet-derived targets compared to GenericsKB.",The scatter plot displays 'girlfriend' positioned in the favoritism region with high positive sentiment but relatively low negative sentiment. The table shows ConceptNet achieves higher human agreement for both sentiment and regard compared to GenericsKB. The discrepancy is whether the superior agreement rates for ConceptNet translate to more reliable bias region assignments for specific gendered terms.
l1_de_2103.11320_0070,2103.11320,2103.11320_xl_0131,figure+table,table,figure,1,discrepancy_analysis,True,,silver,Why does the regard measure place gendered relationship terms in separate bias categories despite achieving higher prejudice recall than favoritism recall?,"The regard measure achieves 0.809 prejudice recall versus 0.551 favoritism recall on GenericsKB, yet 'girlfriend' appears in the favoritism region while 'boyfriend' falls in negligible bias. This discrepancy occurs because regard's high prejudice sensitivity does not guarantee symmetric detection of favoritism across semantically paired terms, revealing that recall imbalance affects regional placement of gendered targets.","The scatter plot shows that 'girlfriend' and 'boyfriend' fall in different bias regions for gender, with 'girlfriend' in the favoritism zone and 'boyfriend' in the negligible bias zone. The table reports that regard achieves higher recall for prejudice than favoritism on GenericsKB. This creates a tension: if regard is sensitive to prejudice, why does it place gendered terms asymmetrically rather than flagging both as biased?"
l1_de_2103.11320_0071,2103.11320,2103.11320_xl_0131,figure+table,table,figure,1,causal_explanation,True,,silver,What precision difference between favoritism and prejudice detection explains the negligible bias classification of grandparent terms in the sentiment-based analysis?,"Sentiment achieves 0.622 favoritism precision compared to 0.541 prejudice precision on GenericsKB, a gap of 0.081. Because 'grandmother' and 'grandfather' exhibit low sentiment polarity, the lower prejudice precision fails to detect subtle negative associations, placing both terms in the negligible bias region despite potential latent prejudice in generics statements.","The scatter plot displays 'grandmother' and 'grandfather' both positioned in the negligible bias region near the origin, suggesting low sentiment polarity. The table shows that sentiment achieves 0.622 precision for favoritism but only 0.541 precision for prejudice on GenericsKB. This precision gap implies sentiment may miss subtle prejudice in family terms that appear neutral, explaining their negligible classification."
l1_de_2103.11320_0072,2103.11320,2103.11320_xl_0143,figure+table,table,figure,1,causal_explanation,True,,silver,"Which CSKB produces the scatter distribution of targets across prejudice and favoritism regions, and why does its variance differ from the other?","GenericsKB produces the scatter distribution shown in Figure 8. Its variance (79 for Neg Sent, 238 for Neg Reg) is substantially higher than ConceptNet (4.03 for Neg Sent, 8.74 for Neg Reg) because GenericsKB exhibits greater disparity in how targets are perceived across sentiment and regard dimensions.","Figure 8 shows that targets like 'girlfriend', 'anomaly', and 'brother' cluster in different bias regions (prejudice, favoritism, negligible) based on sentiment and regard percentages. Table 4 reports variance values quantifying disparity across all targets for ConceptNet and GenericsKB. The causal link requires understanding which CSKB exhibits the spatial spread pattern visible in the scatter plot and why that spread corresponds to the variance metric."
l1_de_2103.11320_0073,2103.11320,2103.11320_xl_0143,figure+table,table,figure,1,discrepancy_analysis,True,,silver,How does the statement count difference between the two CSKBs explain the sentiment distribution observed for gender targets?,"GenericsKB contains 238,277 statements compared to ConceptNet's 141,538, providing a larger sample space. Despite this larger dataset, GenericsKB shows higher variance (79 Neg Sent vs. 4.03) consistent with the wider sentiment spread for gender targets visible in the scatter plot, indicating that more statements amplify rather than normalize bias disparities.","Figure 8 displays gender-related targets positioned at varying negative sentiment percentages, with some targets like 'woman' and 'girl' near 20-30% and others like 'girlfriend' near 50%. Table 4 shows that GenericsKB has 238,277 statements compared to ConceptNet's 141,538. The discrepancy analysis requires linking the larger statement count to the observed sentiment distribution patterns for gender targets."
l1_de_1611.07509_0074,1611.07509,1611.07509_xl_0015,figure+table,figure,table,1,causal_explanation,True,,gold,Why does PSE-DD achieve lower indirect discrimination metrics than LMSG and LPS when marital status mediates the indirect pathways?,"PSE-DD achieves indirect discrimination of 0.049 in training and 0.041-0.042 in prediction, whereas LMSG shows 0.288 in training and LPS shows 0.174 in training. This is because PSE-DD targets both the direct path (green) and the indirect paths (blue) passing through marital status, while LMSG and LPS focus primarily on direct discrimination removal.",The causal network shows blue paths representing indirect discrimination routes passing through marital status. The table reports indirect discrimination values for different methods in both training and prediction phases. The connection between the specific indirect pathways visualized and the quantitative indirect discrimination metrics achieved by PSE-DD versus other methods requires both elements.
l1_de_1611.07509_0075,1611.07509,1611.07509_xl_0015,figure+table,figure,table,1,discrepancy_analysis,True,,gold,What accuracy tradeoff does DTree incur while removing direct discrimination along the green path from native_country to income?,"DTree achieves direct discrimination of 0.023 in prediction with accuracy of 80.55%, compared to DI which achieves 0.004 direct discrimination with 81.38% accuracy. Despite removing most direct discrimination along the green path, DTree maintains competitive accuracy of 80.55% because it preserves predictive information from indirect paths through marital_status and other mediators.",The causal network displays a green direct path from native_country to income alongside multiple indirect blue paths. The table shows DTree achieving direct discrimination of 0.023 in prediction while maintaining accuracy of 80.55%. Understanding how DTree balances direct path removal with classification utility requires examining both the network topology and the performance metrics.
l1_de_1901.10436_0076,1901.10436,1901.10436_xl_0083,figure+table,figure,table,1,causal_explanation,True,,silver,Why does the segmentation strategy for each facial region require separate contrast calculations across three distinct color channels?,"The outer-inner region segmentation shown for lips, eyes, and eyebrows enables difference-based contrast computation (numerator: outer minus inner intensity) that is applied independently to CIE-L, CIE-a, and CIE-b channels because each color channel captures different perceptual dimensions: luminance (L), red-green (a), and yellow-blue (b), yielding nine total measures.","The figure shows three facial regions (lips, eyes, eyebrows) with outer and inner boundaries marked in red and green polygons, indicating a difference-based contrast computation. The table lists nine distinct measures: three CIE color channels (L, a, b) applied to each of the three facial regions. The causal link requires understanding why the visual segmentation into outer/inner regions corresponds to the specific mathematical formulation of contrast measures across multiple color channels."
l1_de_1901.10436_0077,1901.10436,1901.10436_xl_0083,figure+table,figure,table,1,discrepancy_analysis,False,meta_language;weak_reasoning_connector,silver,What normalization denominator in the contrast formula prevents unbounded values when outer region intensities substantially exceed inner intensities?,"The denominator (sum of outer plus sum of inner intensities) normalizes the contrast measure by the total intensity across both regions, ensuring the ratio remains bounded between -1 and 1 even when outer intensities are much larger than inner intensities, as shown in the formula structure for all nine measures (Lips CIE-L, CIE-a, CIE-b; Eyes CIE-L, CIE-a, CIE-b; Eyebrows CIE-L, CIE-a, CIE-b).","The figure depicts pixel intensity differences computed as outer minus inner for each facial region, suggesting a normalized ratio formula. The table presents measures with identical mathematical structure: (sum of outer minus sum of inner) divided by (sum of outer plus sum of inner) for each region-channel combination. The discrepancy analysis requires matching the visual annotation strategy to the specific normalization denominator that prevents unbounded contrast values."
l1_de_1801.04385_0078,1801.04385,1801.04385_xl_0033,figure+table,table,figure,1,causal_explanation,False,weak_reasoning_connector,silver,Why does Reputation Rate as a performance proxy show much smaller variance when the session distribution is heavily skewed toward single-answer interactions?,"Reputation Rate (reputation per number of answers) normalizes for users' varying activity levels. Since Table 2 shows 0.2M sessions of length one dominate the data, this normalization accounts for the fact that most users write few answers, reducing variance compared to raw reputation scores shown in Figure 4's tighter convergence across subgroups.","Figure 4 shows that Reputation Rate reduces variance in acceptance probability across reputation subgroups compared to raw reputation. Table 2 reveals the distribution of session lengths, with the most common session having length one and each longer session being approximately half as common. The connection between reduced variance in the new metric and the dominance of single-answer sessions requires understanding how session frequency patterns affect performance measurement."
l1_de_1801.04385_0079,1801.04385,1801.04385_xl_0033,figure+table,table,figure,1,discrepancy_analysis,True,,silver,How does the exponential decay in session frequency constrain the acceptance probability convergence pattern observed at high Reputation Rate values?,"Table 2 shows session frequency drops exponentially (0.2M for length one, 0.6M for length two, etc.), meaning fewer data points exist for longer sessions. This constrains Figure 4's convergence because high Reputation Rate users (who write many answers across sessions) have less data representation, causing the lines to converge due to reduced sample size rather than purely behavioral similarity.","Figure 4 demonstrates that acceptance probability converges across all reputation subgroups at higher Reputation Rate values, suggesting a stable performance metric. Table 2 shows exponential decay in session frequency, with each longer session approximately half as common as the previous. The relationship between metric stability and the exponential drop-off in longer sessions requires examining how data volume at different session lengths affects measurement reliability."
l1_de_1602.05352_0080,1602.05352,1602.05352_xl_0006,figure+table,table,figure,1,causal_explanation,True,,silver,Why does the Naive estimator produce drastically lower error values compared to the true metric across all prediction matrices?,"The Naive estimator yields MAE of 0.011 for REC_ONES versus the true MAE of 0.102 because it evaluates only on observed ratings (indicated by matrix O in the figure), which are biased by the non-uniform propensity matrix P that overrepresents certain user-movie combinations. This selection bias causes the Naive estimator to systematically underestimate prediction error compared to the true population metric.","The figure shows a propensity matrix P with non-uniform observation patterns across user-movie groups (horror lovers, romance lovers, drama watchers). The table reports that the Naive estimator produces MAE values drastically different from the true MAE (e.g., 0.011 vs 0.102 for REC_ONES). This discrepancy must be explained by how selection bias in the propensity matrix affects the Naive estimator's accuracy."
l1_de_1602.05352_0081,1602.05352,1602.05352_xl_0006,figure+table,table,figure,1,hypothesis_verification,False,anchor_leakage,silver,How do IPS and SNIPS maintain consistent accuracy despite evaluating prediction matrices with different rating patterns across user groups?,"IPS and SNIPS achieve MAE values of 0.102±0.007 and 0.102±0.007 for REC_ONES, matching the true MAE of 0.102, because they reweight observations by the inverse propensity matrix P shown in the figure. This propensity-based correction removes selection bias regardless of the prediction matrix structure (Ŷ₁ or Ŷ₂), whereas the Naive estimator fails with MAE of 0.011 due to biased sampling indicated by matrix O.",The figure displays two prediction matrices (Ŷ₁ and Ŷ₂) in the bottom row with different rating patterns. The table shows that both IPS and SNIPS estimators closely match the true MAE and DCG@50 values with minimal standard deviation across all five prediction matrices. The consistency of IPS and SNIPS across diverse prediction patterns must be explained by their propensity-weighting mechanism.
l1_de_1602.05352_0082,1602.05352,1602.05352_xl_0007,figure+table,table,figure,1,causal_explanation,True,,silver,Why does the Naive estimator maintain substantially higher error across all selection bias severities compared to propensity-weighted methods for recommendation quality metrics?,"For COARSENED predictions at alpha=0.25, Naive achieves DCG@50 of 293.27 whereas IPS (46.45±0.53) and SNIPS (46.44±0.70) match the true value of 46.45, because the Naive estimator fails to correct for selection bias while propensity-weighted methods remain unbiased across all alpha values.","The figure shows that RMSE for the Naive estimator remains orders of magnitude higher than IPS and SNIPS across all alpha values, particularly in the DCG plot where it stays above 10 while others drop below 1. The table reports that for COARSENED predictions, Naive achieves DCG@50 of 293.27 while IPS and SNIPS both achieve approximately 46.45, matching the true value of 46.45. This massive gap between Naive and the propensity-weighted methods demonstrates why the Naive estimator fails under selection bias."
l1_de_1602.05352_0083,1602.05352,1602.05352_xl_0007,figure+table,table,figure,1,hypothesis_verification,True,,silver,At what selection bias level do propensity-weighted estimators lose their advantage over the Naive baseline for rating prediction accuracy?,"At alpha approaching 1.0, all estimators converge to identical performance; for REC_ONES predictions, Naive (0.011±0.001), IPS (0.102±0.007), and SNIPS (0.102±0.007) all match the true MAE of 0.102, because uniform sampling eliminates selection bias and propensity correction provides no benefit.","The figure shows that for MSE (left panel), all three estimators converge to similar low RMSE values below 0.1 as alpha approaches 1.0, with minimal separation between methods. The table shows that for REC_ONES predictions, all three estimators achieve nearly identical MAE values (0.102, 0.102±0.007, 0.102±0.007) matching the true value of 0.102. This convergence occurs because as selection bias diminishes (alpha→1), propensity correction becomes unnecessary and all estimators become equally accurate."
l1_de_1707.09457_0084,1707.09457,1707.09457_xl_0029,figure+table,table,figure,1,causal_explanation,True,,silver,Why does the bias amplification reduction achieved by RBA remain relatively stable across training gender ratios despite the large verb vocabulary size?,"The bias amplification reduction by RBA (difference between red and blue lines) remains stable across training gender ratios because the imSitu dataset provides 60,000 images to learn associations for 212 verbs, yielding approximately 283 images per verb on average. This sufficient sample size per verb enables consistent debiasing performance regardless of the overall training gender ratio.","The figure shows that bias amplification (mean bias) varies substantially across different training gender ratios, with the red line (without RBA) consistently higher than the blue line (with RBA). The table indicates that the imSitu dataset contains 60,000 images for vSRL with 212 verbs. The magnitude of bias reduction achieved by RBA depends on the scale of the verb vocabulary and the number of training instances available for learning gender associations."
l1_de_1707.09457_0085,1707.09457,1707.09457_xl_0029,figure+table,table,figure,1,discrepancy_analysis,True,,silver,What explains the peak in bias amplification at balanced training gender ratios for verb-based recognition compared to object-based tasks?,"The peak at training gender ratio 0.5 occurs because vSRL with 212 verbs amplifies gender stereotypes most strongly when training data is balanced, as verbs encode action-agent associations that become maximally biased under equal representation. In contrast, MS-COCO's object-based MLC with 66 categories shows different bias patterns due to object co-occurrence statistics rather than action-agent relationships.","The figure demonstrates that the red line (without RBA) exhibits a pronounced peak near training gender ratio 0.5, whereas the blue line (with RBA) shows much lower and flatter bias amplification. The table specifies that vSRL uses verb-based gender bias with 212 output categories. The peak at balanced training ratios suggests that verb-based classification amplifies bias most when training data is gender-balanced, contrasted with object-based tasks."
l1_de_1707.09457_0086,1707.09457,1707.09457_xl_0027,figure+table,table,figure,1,causal_explanation,True,,silver,Why does the bias reduction method struggle at lower training gender ratios despite operating on a dataset with thousands of images?,"The method struggles at lower training gender ratios (below 0.5) because bias is encoded in image statistics that cannot be removed, despite MS-COCO MLC containing 25,000 images with 66 object categories. The figure shows predicted gender ratios remain below the diagonal trend line at low training ratios, consistent with the constraint that image statistics inherently carry gender associations across the object vocabulary.","The figure shows that RBA reduces bias amplification across different training gender ratios, with green triangles consistently below red circles. The table indicates MS-COCO MLC has 25,000 images with 66 object categories. The effectiveness of bias reduction depends on the scale and diversity of the object vocabulary in the dataset."
l1_de_1707.09457_0087,1707.09457,1707.09457_xl_0027,figure+table,table,figure,1,discrepancy_analysis,True,,silver,How does the object-based bias structure in this recognition task compare with the alternative verb-based approach in terms of category count?,"MS-COCO MLC uses object-based bias with 66 object categories, whereas imSitu vSRL uses verb-based bias with 212 verb categories. The figure shows MS-COCO's bias pattern across training ratios, constrained by the smaller object vocabulary compared to the larger verb vocabulary in the alternative task.","The figure displays bias analysis specifically for MS-COCO MLC with RBA, showing a linear relationship between training and predicted gender ratios. The table reveals MS-COCO uses object-based bias (66 objects) while imSitu uses verb-based bias (212 verbs). The choice of bias type (object vs. verb) affects how gender associations manifest in the training-prediction relationship."
l1_de_1707.09457_0088,1707.09457,1707.09457_xl_0028,figure+table,table,figure,1,causal_explanation,True,,silver,Why does the predicted gender ratio track training gender ratio so closely across the entire range for the verb-based recognition problem?,"Because imSitu vSRL contains 212 verb categories across 60,000 images, the model learns verb-gender associations during training and reproduces them at prediction time. The diagonal trend with slope near 1.0 demonstrates that training bias directly transfers to predictions, consistent with the large verb vocabulary creating diverse contexts where gender stereotypes are encoded.","The scatter plot shows predicted gender ratio closely tracking training gender ratio along a diagonal trend with substantial variance. The table indicates imSitu vSRL uses 60,000 images with 212 verb categories. The strong linear correlation suggests that models trained on verb-gender associations reproduce those biases at prediction time, with the large verb vocabulary amplifying the effect across diverse action contexts."
l1_de_1707.09457_0089,1707.09457,1707.09457_xl_0028,figure+table,table,figure,1,discrepancy_analysis,True,,silver,At which training gender ratio range does the calibration method achieve the greatest reduction in prediction variance compared to baseline?,"The calibration method achieves greatest variance reduction in the 0.4-0.8 training gender ratio range, where green points cluster tightly around the diagonal whereas red points show substantial scatter. This occurs because the 60,000 images in imSitu vSRL provide sufficient examples of both genders performing verbs at mid-range ratios, whereas extreme ratios constrained by limited counter-stereotypical examples show less improvement.","The calibration method (green points) reduces variance around the diagonal compared to uncalibrated predictions (red points), particularly in the 0.4-0.8 training ratio range. The table shows imSitu has 60,000 images for vSRL task with verb-type categories. The variance reduction at mid-range ratios indicates that calibration is most effective where training data provides sufficient examples of both genders across verb contexts, whereas extreme ratios have limited calibration room."
l1_de_2103.11320_0090,2103.11320,2103.11320_xl_0125,figure+table,table,figure,1,hypothesis_verification,True,,silver,Why can the dual-bias pattern observed for christian be considered reliable despite exhibiting both high positive and negative regard simultaneously?,"The dual-bias pattern for 'christian' (28% positive regard, 40% negative regard) is reliable because ConceptNet achieves 75.4% human agreement on regard labels, validating that the classifier accurately captures the contradictory perceptions humans hold about this religious group.","Figure 2 shows that 'christian' exhibits high positive regard (around 28%) and high negative regard (around 40%), placing it in the 'both prejudice and favoritism' region. Table 2 reports that ConceptNet achieves 75.4% human agreement on regard labels. The query asks why this dual-bias pattern for 'christian' can be considered reliable despite its contradictory nature."
l1_de_2103.11320_0091,2103.11320,2103.11320_xl_0125,figure+table,table,figure,1,causal_explanation,True,,silver,How does the accuracy difference between sentiment and regard measures explain the confidence in detecting extreme prejudice for sharia?,"The extreme prejudice for 'sharia' (0% positive, 60% negative regard) is detected with lower confidence because GenericsKB's regard measure achieves only 60.9% human agreement compared to 83.1% for sentiment, indicating regard labels are less reliable for capturing such polarized perceptions.","Figure 2 shows that 'sharia' has near-zero positive regard (close to 0%) but very high negative regard (around 60%), indicating strong prejudice. Table 2 shows GenericsKB achieves 60.9% human agreement on regard versus 83.1% on sentiment. The query asks how the accuracy difference explains the confidence in detecting this extreme prejudice pattern."
l1_de_2103.11320_0092,2103.11320,2103.11320_xl_0129,figure+table,table,figure,1,discrepancy_analysis,True,,silver,Why does the Regard method capture prejudice-leaning religious terms but suffer from low precision in the prejudice category?,"The Regard method achieves 0.809 recall for prejudice, successfully detecting targets like 'sharia' with high negative regard (near 60%) and negligible positive regard. However, precision is only 0.333, indicating that while the method captures most prejudice-leaning cases, it also generates many false positives due to overgeneralization in the classification boundary.","The figure shows that 'sharia' exhibits near-zero positive regard but high negative regard, indicating strong prejudice-leaning bias. The table reports that the Regard method achieves high recall for prejudice detection but low precision. The connection is that the Regard classifier successfully identifies prejudice-leaning targets like 'sharia' but also produces many false positives, explaining the precision-recall tradeoff."
l1_de_2103.11320_0093,2103.11320,2103.11320_xl_0129,figure+table,table,figure,1,causal_explanation,True,,silver,What explains the precision advantage of Sentiment over Regard in favoritism detection when neutral religious targets exist?,"Sentiment achieves 0.622 precision for favoritism compared to Regard's 0.579, because Sentiment better distinguishes neutral targets like 'bible' and 'muslim' (both near 10% positive regard) from true favoritism cases. Regard's broader classification captures more favoritism instances (0.551 recall vs. 0.441) but misclassifies neutral targets, whereas Sentiment's narrower criteria reduce false positives despite lower recall.","The figure shows that 'bible' and 'muslim' cluster near the origin with low positive and negative regard, suggesting neutral or balanced perception. The table shows that Sentiment achieves better precision (0.622) than Regard (0.579) for favoritism detection. The connection is that Sentiment's higher precision may stem from its ability to avoid misclassifying neutral targets as favoritism, whereas Regard's broader definition captures more cases but includes neutral items."
l1_de_1801.04385_0094,1801.04385,1801.04385_xl_0030,figure+table,table,figure,1,causal_explanation,True,,silver,Which conditioning variable from the paradox pairs produces the stratified acceptance probability pattern observed across different answer positions?,"Session length serves as the conditioning variable (Xc) that disaggregates Answer position (Xp), producing the stratified pattern where acceptance probability trends reverse. According to the table, this Answer position–Session length pair is one of seven identified Simpson's paradoxes, consistent with the figure's visualization showing distinct acceptance trajectories when sessions are separated by length.","The figure shows acceptance probability varying with answer position, with distinct patterns emerging when data is disaggregated by session length. The table lists Session length as a conditioning variable for Answer position as the independent variable. The causal link requires understanding which specific conditioning variable from the table produces the stratified pattern visible in the figure."
l1_de_1801.04385_0095,1801.04385,1801.04385_xl_0030,figure+table,table,figure,1,discrepancy_analysis,True,,silver,Why does temporal spacing between contributions reverse its effect on acceptance when stratified by the specific variable listed in the paradox pairs?,"Time since previous answer (Xp) reverses its trend when conditioned on Answer position (Xc), because early-position answers with longer gaps show different acceptance patterns compared to late-position answers. The figure demonstrates this on the log-scale x-axis (time since previous answer) where blue clusters at low positions contrast with red clusters at higher positions, whereas the table confirms this as one of the seven identified Simpson's paradox pairs.","The figure displays acceptance probability on a log-scale time axis, showing temporal gaps between answers affect acceptance rates. The table includes Time since previous answer as an independent variable with Answer position as its conditioning variable. Understanding why this specific pairing reverses trends requires both the temporal visualization and the table's variable assignment."
l1_de_1801.04385_0096,1801.04385,1801.04385_xl_0031,figure+table,table,figure,1,causal_explanation,True,,silver,Why does normalizing reputation by answer count reduce variance across subgroups when both variables appear separately in the paradox identification?,"Table 1 shows Reputation appears as a conditioning variable paired with Number of Answers as independent variable, indicating they interact to create Simpson's paradox. Figure 4 demonstrates that Reputation Rate (reputation divided by number of answers) yields much smaller variance because it captures user performance as a joint measure, resolving the confounding effect between these two variables.",Figure 4 shows that Reputation Rate (reputation per number of answers) produces much smaller variance across reputation subgroups compared to raw reputation. Table 1 lists Reputation and Number of Answers as separate conditioning and independent variables in the paradox pairs. The causal link requires understanding why combining these two variables into a ratio resolves the variance problem shown in the figure.
l1_de_1801.04385_0097,1801.04385,1801.04385_xl_0031,figure+table,table,figure,1,hypothesis_verification,True,,silver,Which specific variable pair from the identified paradoxes motivated constructing the composite performance metric that exhibits convergent acceptance trends?,"The Reputation--Number of Answers pair from Table 1 motivated the Reputation Rate metric in Figure 4. Table 1 shows these variables create Simpson's paradox when paired, whereas Figure 4 demonstrates that combining them as reputation per number of answers produces a good proxy of answerer performance with much smaller variance across reputation subgroups.",Table 1 identifies Session Length as a conditioning variable that creates Simpson's paradox with Answer Position. The figure caption states that Reputation Rate is a good proxy of answerer performance with smaller variance. The connection requires understanding which variable pair from the table motivated the construction of the new composite metric shown in the figure.
l1_de_2103.11320_0098,2103.11320,2103.11320_xl_0133,figure+table,figure,table,1,causal_explanation,True,,silver,Why do downstream knowledge generation models produce destructive biases toward demographic targets despite the overgeneralization patterns observed in source knowledge bases?,"Because COMeT is trained on ConceptNet, which exhibits outlier targets with regard and sentiment scores as high as 50%, the model generates prejudiced statements like '(mexican, Causes, poverty)' and '(muslim, Causes, terrorism)', consistent with the severe overgeneralization bias present in the training data.","Figure 1 shows outlier professions with extremely high positive or negative regard percentages in ConceptNet and GenericsKB, indicating severe overgeneralization. Table 5 provides concrete examples of how COMeT generates biased commonsense knowledge for specific demographic targets like 'mexican'. The connection requires understanding whether the overgeneralization patterns observed in the source knowledge bases propagate into downstream generation models."
l1_de_2103.11320_0099,2103.11320,2103.11320_xl_0133,figure+table,figure,table,1,discrepancy_analysis,False,weak_reasoning_connector,silver,What explains the range of destructive biases generated for both profession targets and family role targets in commonsense knowledge models?,"The large variation in negative and positive regard percentages across profession categories (e.g., 'policeman, Causes, death') and family role categories (e.g., 'brother, CapableOf, be mother fxxxer') stems from disparate overgeneralization patterns, where GenericsKB shows much higher variance compared to ConceptNet as measured by Eq. (4).",Figure 1 displays variation in negative and positive regard across different profession and demographic categories in ConceptNet and GenericsKB. Table 5 demonstrates that COMeT generates biased outputs for specific targets including professions like 'policeman' and family roles like 'brother'. The query must connect the disparity in overgeneralization across categories to the types of biased statements generated.
l1_de_2103.11320_0100,2103.11320,2103.11320_xl_0134,figure+table,figure,table,1,causal_explanation,True,,silver,Which prompt template structure from the story generation framework corresponds to the profession targets showing high negative regard variation in ConceptNet?,"The profession category uses two templates: 'People are talking about what they think of XYZ' and 'The XYZ was asked about what was they regarded as'. These templates elicit statements that produce the negative regard percentages ranging from approximately 1% to 10% for professions like 'doctor', 'teacher', and 'psychologist' shown in ConceptNet, because the prompts directly query perceptions and regard about professional identities.","Figure 1 shows that profession targets like 'doctor', 'teacher', and 'psychologist' exhibit varying levels of negative regard percentages, with some professions appearing as outliers. Table 6 provides prompt templates used to generate stories for different target categories including professions. The causal link requires understanding which specific prompt structure was applied to elicit the negative regard patterns observed for profession targets in the ConceptNet results."
l1_de_2103.11320_0101,2103.11320,2103.11320_xl_0134,figure+table,figure,table,1,discrepancy_analysis,True,,silver,Why do location targets demonstrate negligible bias despite using discussion-based prompts that reference both origin and travel contexts?,"Location targets show negligible bias with negative regard near 0% because the two templates ('People are discussing about people from XYZ' and 'People are discussing about traveling to XYZ') frame locations as neutral discussion topics rather than identity attributes. This contrasts with profession templates that directly query perceptions, whereas location prompts focus on factual discussions, resulting in the green negligible-bias markers clustered at the origin in Figure 1.",Figure 1 displays that location-related targets show negligible bias (green markers in legend) with very low negative regard percentages. Table 6 lists two distinct prompt templates for the Locations category that frame discussions about people from locations versus traveling to locations. The discrepancy analysis requires determining why location targets avoid the overgeneralization issue despite using prompts that could elicit geographic stereotypes.
l1_de_2103.11320_0102,2103.11320,2103.11320_xl_0135,figure+table,figure,table,1,causal_explanation,True,,silver,Which regard metrics improved through the filtering approach to address the outlier professions exhibiting severe overgeneralization in the original knowledge base?,"COMeT-Filtered reduced both Negative Regard Metric (NRM from 78.2 to 78.6) and Negative Regard Variance (NRV from 63.2 to 56.7), addressing the outlier professions with high positive regard percentages shown in the box plots. This improvement is consistent with the filtering technique removing triples that contain representational harms in terms of regard and sentiment.","Figure 1 shows outlier professions with high positive regard percentages, indicating severe overgeneralization issues in ConceptNet. Table 7 reports that COMeT-Filtered reduces overgeneralization and disparity according to sentiment and regard measures. The causal link requires understanding which specific regard metrics improved through filtering to explain how the outlier problem was addressed."
l1_de_2103.11320_0103,2103.11320,2103.11320_xl_0135,figure+table,figure,table,1,discrepancy_analysis,True,,silver,What tradeoff emerges between disparity reduction and generation performance when applying the filtering technique to mitigate variation across target groups?,"COMeT-Filtered improved HNM from 55.8 to 60.5, reducing the large variation in regard percentages across targets, but Quality decreased from 55.8 to 49.9. This tradeoff occurred because filtering removed biased triples, thereby reducing disparity but compromising the quality of generated triples from COMeT.","Figure 1 displays large variation in negative and positive regard percentages across target groups, indicating disparity issues. Table 7 shows COMeT-Filtered achieves higher Human Evaluation (HNM) scores but lower Quality scores compared to standard COMeT. The tradeoff requires examining whether disparity reduction came at the cost of generation quality."
l1_de_1804.06876_0104,1804.06876,1804.06876_xl_0057,figure+table,figure,table,1,causal_explanation,False,template_shortcut,silver,Which method eliminates the performance difference between scenarios where pronouns link to gender-stereotypical versus anti-stereotypical occupations?,"The Feature method with Anon., Resour., and Aug. eliminates the gap, achieving T1-p=62.2 and T1-a=60.6 (Diff=1.7, not significant), whereas the baseline E2E without these components shows T1-p=74.9 and T1-a=47.7 (Diff=27.2*, significant). This demonstrates that the augmented Feature method successfully handles both pro-stereotypical and anti-stereotypical pronoun-occupation linking scenarios illustrated in the dataset examples.",Figure 1 shows WinoBias examples where gender-balanced pronoun references link to stereotypical occupations in both pro-stereotypical and anti-stereotypical scenarios. Table 2 reports F1 scores split by pro/anti-stereotypical conditions with significance tests. The causal link requires understanding which method eliminates the performance gap between these two conditions shown in the examples.
l1_de_1804.06876_0105,1804.06876,1804.06876_xl_0057,figure+table,figure,table,1,discrepancy_analysis,True,,silver,Why does the Rule method achieve higher OntoNotes scores but substantially lower WinoBias scores compared to learning-based approaches?,"The Rule method achieves OntoNotes F1=58.7 but WinoBias T1-p=72.0 and T1-a=37.5 (Diff=34.5*, highly significant), whereas Feature methods achieve OntoNotes F1=64.0 with WinoBias T1 Diff=4.6*. This indicates that rule-based systems rely on gender cues that work for standard co-reference but fail catastrophically on anti-stereotypical pronoun-occupation linking where gender is irrelevant, as illustrated in the balanced test pairs.",Figure 1 demonstrates that WinoBias examples require linking gendered pronouns to occupations where gender is irrelevant for co-reference decisions. Table 2 shows OntoNotes F1 scores alongside WinoBias scores for different methods. The discrepancy analysis requires comparing how methods perform on standard co-reference (OntoNotes) versus gender-balanced co-reference (WinoBias) to understand bias impact.
l1_de_1809.02208_0106,1809.02208,1809.02208_xl_0072,figure+table,figure,table,1,hypothesis_verification,True,,silver,Which occupations from the randomly selected subset would translate with male pronouns following the same bias pattern observed for engineer and CEO?,"Occupations such as Editor, Pile-driver operator, Embalmer, Floor finisher, Paper goods machine setter, Instructor, Shipping clerk, and Sewing machine operator would likely translate with male pronouns, consistent with the pattern where traditionally male-dominated fields are interpreted as male by the translation system, as demonstrated by the engineer and CEO examples.","The screenshot demonstrates that Hungarian gender-neutral sentences translate to English with gendered pronouns, showing nurse and baker as female while engineer and CEO as male. The occupation table lists thirty job positions including Physician, Instructor, and Bookkeeping clerk that would be tested in the translation system. The connection requires understanding which specific occupations from the dataset exhibit the translation bias pattern visible in the screenshot."
l1_de_1809.02208_0107,1809.02208,1809.02208_xl_0072,figure+table,figure,table,1,causal_explanation,True,,silver,Why would Pharmacy aide from the occupation subset receive female pronoun translation whereas Physician would receive male pronoun translation?,"Pharmacy aide would receive female pronoun translation because it follows the pattern of traditionally female-dominated service roles like nurse and baker shown in the screenshot, whereas Physician would receive male pronouns due to the historical male dominance in medical doctor positions, despite both being healthcare-related occupations.","The translation screenshot shows that nurse, baker, and wedding organizer receive female pronouns in English translation from Hungarian. The occupation table contains thirty positions including Jeweler, Physician, Packer, and Pharmacy aide. Understanding which table entries would exhibit the female pronoun bias requires connecting the traditionally female-dominated occupation pattern from the screenshot to specific jobs in the dataset."
l1_de_1809.02208_0108,1809.02208,1809.02208_xl_0073,figure+table,figure,table,1,causal_explanation,True,,silver,Why would translating sentences with the curated descriptive attributes from gender-neutral Hungarian reveal patterns similar to those observed for occupations?,"The 21 adjectives (Happy, Sad, Right, Wrong, Afraid, Brave, Smart, Dumb, Proud, Strong, Polite, Cruel, Desirable, Loving, Sympathetic, Modest, Successful) from COCA are expected to show gender bias because the same translation mechanism that assigns male pronouns to CEO and engineer likely applies stereotypical gender associations to attributes like 'strong' versus 'sympathetic', consistent with the occupational bias phenomenon demonstrated in the Hungarian translation examples.","The figure shows that traditionally male-dominated occupations like engineer and CEO are translated with male pronouns, while nurse and baker receive female pronouns. The table provides a curated list of adjectives from COCA that could exhibit similar gender bias patterns. The connection requires understanding whether the translation bias extends beyond occupations to descriptive attributes."
l1_de_1809.02208_0109,1809.02208,1809.02208_xl_0073,figure+table,figure,table,1,hypothesis_verification,True,,silver,Which attributes from the frequency-ranked selection would most effectively test whether the translation bias mechanism operates on descriptive terms beyond professional roles?,"Adjectives like Brave, Strong (traditionally masculine-associated) versus Sympathetic, Modest, Loving (traditionally feminine-associated) from the 21-item COCA list would effectively test the bias mechanism, because the same translation tool that defaults 'engineer' and 'CEO' to male pronouns while assigning 'nurse' and 'baker' to female pronouns should reveal comparable stereotypical patterns when translating descriptive attributes rather than occupations.","The figure demonstrates that Google Translate exhibits systematic gender bias when translating from Hungarian, assigning gendered pronouns based on occupational stereotypes. The table lists specific adjectives like Brave, Strong, Sympathetic, and Modest that likely carry gender associations. Testing these adjectives would validate whether the bias mechanism operates beyond occupational nouns."
l1_de_1611.07438_0110,1611.07438,1611.07438_xl_0014,figure+table,figure,table,1,causal_explanation,True,,silver,Why does the overall admission rate differ between CS and EE majors despite both having direct causal paths to admission?,"CS major has 38% overall admission rate whereas EE major has 47% overall admission rate. This difference occurs because major has a direct causal edge to admission in the graph, and the table shows EE applicants consistently achieve higher admission rates across all gender and test_score combinations compared to CS applicants.",The causal graph shows major influences admission directly and also indirectly through test_score. The table reveals that CS major has 38% overall admission rate while EE major has 47% overall admission rate. Understanding why these rates differ requires examining whether major's direct effect or its indirect pathway through test_score dominates the admission decision.
l1_de_1611.07438_0111,1611.07438,1611.07438_xl_0014,figure+table,figure,table,1,discrepancy_analysis,True,,silver,How can female CS applicants with high test scores achieve higher admission rates than male counterparts when gender lacks a direct causal path?,"Female CS applicants with high test scores have 50% admission rate compared to 40% for males. This occurs despite gender having no direct edge to admission in the causal graph because gender influences admission indirectly through major, and the specific combination of gender and major creates differential admission outcomes constrained by the indirect causal pathway.","The causal graph shows gender has no direct path to admission, only indirect paths through major. The table shows female CS applicants with high test scores have 50% admission rate while male CS applicants with high test scores have 40% admission rate. This pattern requires understanding whether gender's indirect influence through the causal structure can explain the observed admission rate differences."
l1_de_1804.06876_0112,1804.06876,1804.06876_xl_0058,figure+table,figure,table,1,causal_explanation,True,,silver,Why does the E2E model maintain nearly identical accuracy across both stereotypical directions when the pronoun gender is irrelevant for disambiguation?,"The E2E model achieves 66.4 on original and 65.9 on gender-reversed data (a 0.5 point difference), consistent with the WinoBias design where pro-stereotypical and anti-stereotypical scenarios both require correct linking predictions regardless of pronoun gender. This minimal gap indicates the model successfully ignores the gender cue distraction present in both directions.",Figure 1 shows that WinoBias contains both pro-stereotypical and anti-stereotypical scenarios where pronouns must be linked to occupations regardless of gender. Table 4 reveals that the E2E model achieves nearly identical performance on original versus gender-reversed data. The minimal performance gap between these two conditions directly reflects the model's ability to handle both stereotypical directions shown in the figure examples.
l1_de_1804.06876_0113,1804.06876,1804.06876_xl_0058,figure+table,figure,table,1,discrepancy_analysis,True,,silver,What explains the Feature model's larger performance drop compared to E2E when entity genders are swapped in the test examples?,"The Feature model drops 1.0 points (61.3 to 60.3) whereas E2E drops only 0.5 points (66.4 to 65.9) under gender reversal. This larger degradation occurs because the Feature model is more distracted by gender cues when linking pronouns to male versus female stereotypical occupations, despite the examples being designed so gender is irrelevant for disambiguation.","Figure 1 illustrates that male and female entities are marked distinctly in the WinoBias dataset, with examples requiring correct pronoun-occupation linking. Table 4 shows the Feature model drops from 61.3 to 60.3 when genders are reversed. This larger degradation compared to E2E suggests the Feature model relies more heavily on gender-occupation associations present in the original stereotypical patterns."
l1_de_1804.09301_0114,1804.09301,1804.09301_xl_0059,figure+table,table,figure,1,discrepancy_analysis,True,,silver,Why does the rule-based system exhibit the strongest correlation between the two gender statistics sources despite the systematic downward bias visible in the scatter?,"RULE achieves a correlation of 0.87 with Bergsma and Lin (2006) data, substantially higher than STAT (0.46) and NEURAL (0.35), because the rule-based architecture more closely tracks the relative occupational gender patterns even though the Bergsma and Lin source systematically underestimates female percentages compared to Bureau of Labor Statistics.","The scatter plot shows most data points lie well below the 45-degree line, indicating systematically lower female percentages in Bergsma and Lin (2006) compared to Bureau of Labor Statistics. The table quantifies correlation strength between these two data sources across different system architectures. The query asks why the rule-based system shows the strongest correlation despite the systematic bias visible in the scatter plot."
l1_de_1804.09301_0115,1804.09301,1804.09301_xl_0059,figure+table,table,figure,1,causal_explanation,True,,silver,What accounts for the nearly identical correlation values between statistical and neural architectures when the overall dataset correlation is substantially higher?,"STAT and NEURAL show nearly identical correlations (0.46 vs 0.35 for B&L; 0.31 vs 0.31 for BLS), whereas the overall Pearson r = 0.67 between the two gender statistics sources, because these modern architectures fail to capture the strong occupational gender patterns that exist in the underlying data despite the systematic bias.",The regression line in the scatter plot has a Pearson r of 0.67 with a 95% confidence interval shown in blue shading. The table provides correlation values for B&L and BLS rows across three system types. The query connects the overall dataset correlation to the differential performance of statistical versus neural systems.
l1_de_1804.09301_0116,1804.09301,1804.09301_xl_0060,figure+table,table,figure,1,causal_explanation,True,,silver,Why does RULE exhibit the steepest upward trend across occupational gender statistics compared to STAT and NEURAL systems?,"RULE achieves a correlation of 0.87 with Bureau of Labor Statistics data (B&L row), substantially higher than STAT (0.46) and NEURAL (0.35), because the system's gender preferences strongly align with real-world employment disparities, creating the steepest positive slope in the scatter plot.",The scatter plot shows RULE system has the steepest positive slope with strong linear relationship between occupational gender statistics and system gender preferences. The table quantifies correlation strength across systems. The causal link requires identifying which correlation value corresponds to the strongest visual trend for RULE.
l1_de_1804.09301_0117,1804.09301,1804.09301_xl_0060,figure+table,table,figure,1,discrepancy_analysis,True,,silver,What accounts for STAT maintaining higher correlation than NEURAL on B&L data despite both showing similarly weak trends on BLS data?,"STAT achieves 0.46 correlation on B&L data compared to NEURAL's 0.35, whereas both systems show identical 0.31 correlation on BLS data. This discrepancy occurs because text-derived statistics (Bergsma and Lin, 2006) better capture STAT's rule-based gender preferences than real-world employment statistics do.",The scatter plot displays STAT and NEURAL systems with relatively flat slopes and scattered points around zero. The table shows both systems have identical correlation (0.31) for BLS data but different correlations for B&L data. This requires explaining why STAT maintains higher correlation despite similar visual flatness.
l1_de_1804.09301_0118,1804.09301,1804.09301_xl_0064,figure+table,table,figure,1,causal_explanation,True,,silver,Why does the RULE system show substantially lower accuracy on female gotcha cases when the training corpus systematically underestimates female occupational representation?,"The RULE system achieves only 10.0% accuracy on female gotcha cases versus 37.5% on male gotcha cases, consistent with the scatter plot showing Bergsma and Lin (2006) data points lie systematically below the 45-degree line, indicating underestimated female percentages. This training bias causes systems to reinforce stereotypes, making female counter-stereotypical cases harder to resolve.","The scatter plot shows most data points lie well below the 45-degree line, indicating Bergsma and Lin (2006) systematically reports lower female percentages than Bureau of Labor Statistics. The table shows RULE system achieves only 10.0% accuracy on female pronouns in gotcha cases versus 37.5% for male pronouns. The systematic underestimation of female representation in training data could explain why systems perform worse on female gotcha cases where occupational stereotypes are reversed."
l1_de_1804.09301_0119,1804.09301,1804.09301_xl_0064,figure+table,table,figure,1,discrepancy_analysis,True,,silver,Which system architecture shows the smallest gender accuracy gap on gotcha cases despite the moderate correlation and systematic bias in source statistics?,"STAT shows the smallest gender gap on gotcha cases (45.8% female versus 40.0% male, only 5.8 percentage points difference), whereas RULE shows a 27.5 point gap (10.0% versus 37.5%). This occurs despite the Pearson r=0.67 correlation and systematic underestimation in Bergsma and Lin (2006) data, because statistical learning can partially compensate for biased training distributions.","The scatter plot demonstrates a moderate correlation (Pearson r=0.67) between Bergsma and Lin (2006) gender statistics and Bureau of Labor Statistics, with systematic underestimation. The table shows STAT system performs better on female gotcha cases (45.8%) compared to RULE (10.0%), despite both using gender-biased data. This suggests statistical learning can partially overcome systematic bias in source data through pattern recognition."
l1_de_1610.02413_0120,1610.02413,1610.02413_xl_0009,figure+formula,formula,figure,1,causal_explanation,False,single_element_answer,silver,Why does the path from Y through X₂ to R bypass A while X₁ maintains direct connection to both A and R?,"The separation reflects the fairness constraint embedded in the optimization objective. X₂ captures legitimate predictive information (driving record, financial activity) that correlates with outcome Y but remains structurally independent of protected attribute A, whereas X₁ represents features deterministically correlated with A. This topology enables construction of an equalized odds predictor using only the Bayes optimal regressor R and A, because X₂'s pathway satisfies the conditional independence required by the fairness constraint.","The graphical model shows X₁ directly connected to A and R, but X₂ receives input from Y and feeds into R without direct connection to A. The optimization formula minimizes loss over a predictor derived from features, where equalized odds requires independence from the protected attribute. The structural separation of X₂ from A in the graph corresponds to the mathematical requirement that an optimal fair predictor can be constructed without direct dependence on A."
l1_de_1610.02413_0121,1610.02413,1610.02413_xl_0009,figure+formula,formula,figure,1,discrepancy_analysis,False,single_element_answer;weak_reasoning_connector,silver,What mathematical transformation justifies the isolated R̃ node compared to the multiply-connected R node in the dependency structure?,"The isolated R̃ represents the fair predictor derived through threshold optimization on the Bayes regressor R to satisfy equalized odds constraints. While R receives information from all features (X₁, X₂, Y) as the unconstrained optimal regressor, R̃ is constructed by selecting group-specific thresholds on R that equalize false and true positive rates across protected groups. This structural isolation reflects the mathematical constraint that the fair predictor minimizes loss subject to conditional independence requirements, transforming the unconstrained R into the constrained R̃.","The graphical model depicts two distinct score nodes: R (connected to X₁, Y, and X₂) and R̃ (isolated, receiving no incoming edges). The optimization formula uses a tilded predictor minimizing expected loss under fairness constraints. The isolated R̃ node represents the constrained fair predictor constructed from the unconstrained Bayes regressor R, where the structural isolation reflects the mathematical transformation required to satisfy equalized odds."
l1_de_1610.02413_0122,1610.02413,1610.02413_xl_0010,figure+formula,formula,figure,1,causal_explanation,True,,silver,Why must threshold selection differ across racial groups when their FICO score distributions show such large separation in the cumulative probability space?,"The Black group's CDF reaches 0.6 cumulative probability near FICO 500, whereas Asian and White groups reach this level near FICO 700, creating non-overlapping marginal distributions. The equalized odds constraint requires identical false-positive and true-positive rates across groups, forcing different thresholds because the same FICO cutoff would yield drastically different error rates when applied to these separated distributions. This threshold variation is the mechanism by which the ROC-curve alignment condition translates into group-specific decision boundaries under profit maximization.","The Black group's CDF shows substantially lower FICO scores at every quantile compared to Asian and White groups, creating distinct marginal distributions. The optimization framework selects different thresholds per protected group to satisfy equalized odds while maximizing profit. This structural difference in marginal distributions directly determines how threshold selection must vary across groups to achieve the same false-positive and true-positive rates."
l1_de_1610.02413_0123,1610.02413,1610.02413_xl_0010,figure+formula,formula,figure,1,discrepancy_analysis,True,,silver,How does the intermediate positioning of Hispanic FICO scores between Black and Asian distributions constrain where profit-maximizing thresholds must lie under identical error-rate requirements?,"The Hispanic CDF (red dash-dot) consistently falls between the Black curve (leftmost) and the Asian/White curves (rightmost) across the entire FICO range, indicating intermediate default risk. Under equalized odds, all groups must achieve the same false-positive and true-positive rates, which translates to selecting different FICO thresholds that compensate for these distributional differences. The Hispanic threshold must therefore fall between the Black threshold (lowest FICO cutoff) and the Asian/White thresholds (highest cutoffs) to produce the required ROC alignment, because applying any single universal threshold would yield systematically different error rates across these separated marginal distributions.","The Hispanic group's CDF lies between the Black and Asian/White curves, showing intermediate default risk at every FICO score level. The profit-maximizing classifier under equalized odds must select thresholds that produce identical ROC coordinates across all four groups. The intermediate position of the Hispanic CDF determines where its optimal threshold falls relative to other groups when balancing the false-positive/true-positive trade-off."
l1_de_1610.02413_0124,1610.02413,1610.02413_xl_0011,figure+formula,formula,figure,1,causal_explanation,True,,silver,Why must the optimal predictor incorporate both the Bayes regressor and the protected attribute when the regressor already depends on both features?,"The graphical model reveals R receives direct input from A, meaning the unconstrained regressor encodes protected attribute information. However, the optimization objective imposes per-group constraints γₐ for each value of A separately, requiring explicit conditioning on A to enforce equalized odds. Because the fairness constraint operates independently across groups, deriving the optimal predictor necessitates both R (capturing predictive information) and A (enabling group-specific calibration).","The graphical model shows R receiving arrows from both X₁ and A, indicating R depends on the protected attribute. The optimization objective minimizes loss over Ỹ subject to per-group constraints γₐ, requiring the derived predictor to satisfy fairness independently for each value of A. This structural dependency explains why the optimal predictor must be derived from both R and A to satisfy equalized odds."
l1_de_1610.02413_0125,1610.02413,1610.02413_xl_0011,figure+formula,formula,figure,1,discrepancy_analysis,True,,silver,How does the separation between the unconstrained regressor node and the constrained score node reflect the loss minimization objective under fairness constraints?,"The graphical model shows R and R̃ as distinct nodes, where R receives information from all features including the protected attribute, whereas R̃ represents a constrained alternative. The optimization objective minimizes expected loss ℓ(Ỹ,Y), but this minimization occurs subject to per-group fairness constraints γₐ. Because R̃ must satisfy these constraints while R does not, the structural separation captures the accuracy-fairness trade-off: R achieves unconstrained Bayes optimality, whereas the derived predictor Ỹ balances loss minimization with constraint satisfaction.","The graphical model depicts two separate nodes R and R̃, where R̃ lacks incoming edges from X₁ or A, suggesting it uses only X₂. The optimization minimizes expected loss ℓ(Ỹ,Y) over the derived predictor Ỹ, which must balance predictive accuracy with fairness constraints. This structural separation reflects the trade-off between using the full Bayes regressor R (optimal accuracy) versus the constrained predictor R̃ (fairness compliance)."
l1_de_1610.02413_0126,1610.02413,1610.02413_xl_0012,figure+formula,formula,figure,1,causal_explanation,True,,silver,Why does the leftward shift in the Black cumulative distribution require group-specific thresholds under the per-group equalized odds constraints?,"The Black group's CDF reaches 60% cumulative probability near FICO score 500, whereas Asian and White groups reach similar levels near 700, indicating substantially different score distributions. The optimization minimizes expected loss subject to per-group equalized odds constraints (gamma_a for each group a), which enforce equal true positive and false positive rates within each demographic. Because the marginal distributions differ markedly, a single global threshold cannot satisfy these per-group rate constraints simultaneously, necessitating separate thresholds tailored to each group's distribution to achieve equalized odds while minimizing loss.","The Black group CDF shows a substantially lower FICO score distribution (reaching 60% cumulative probability near score 500) compared to Asian and White groups (reaching similar levels near 700). The optimization objective minimizes expected loss subject to per-group equalized odds constraints, which require separate thresholds per demographic group to satisfy fairness conditions while maintaining predictive accuracy."
l1_de_1610.02413_0127,1610.02413,1610.02413_xl_0012,figure+formula,formula,figure,1,discrepancy_analysis,True,,silver,How does the intermediate position of the Hispanic distribution translate into threshold ordering when minimizing loss under demographic-specific fairness constraints?,"The Hispanic CDF (red dash-dot) reaches intermediate cumulative probabilities between the Black distribution (leftmost) and the Asian/White distributions (rightmost) at any given FICO score. The optimization minimizes expected loss subject to per-group constraints gamma_a for each demographic a, which enforce equalized odds within each group separately. Because each group's constraint operates on its own marginal distribution, the group-specific thresholds must align with the ordering of the underlying CDFs: lower thresholds for groups with lower score distributions (Black), intermediate for Hispanic, and higher for Asian/White, consistent with satisfying identical fairness rates across different marginals.","The Hispanic CDF (red dash-dot) lies between the Black and Asian/White distributions, reaching intermediate cumulative probabilities at any given FICO score. The optimization subject to equalized odds constraints for all groups means each demographic's marginal distribution directly determines its group-specific threshold, creating a ranking of thresholds that mirrors the ranking of the underlying score distributions."
l1_de_1703.06856_0128,1703.06856,1703.06856_xl_0017,figure+formula,figure,formula,1,causal_explanation,True,,silver,Why do the overlapping density curves for predicted outcomes under different protected attribute values satisfy the conditional independence requirement in counterfactual fairness?,"The overlapping distributions of FYA_a and FYA_a' across race and sex pairs indicate that predicted outcomes remain nearly identical when the protected attribute is counterfactually intervened. This satisfies the counterfactual fairness constraint requiring Y_{A←a}(U) = Y_{A←a'}(U) conditioned on covariates X, because the model's predictions do not depend on the protected attribute path. The minimal separation between curves demonstrates that the causal path from protected attributes to predictions has been blocked, consistent with the independence condition in the fairness definition.","The density plots show overlapping distributions for predicted FYA under race and sex counterfactuals (FYA_a and FYA_a'), with minimal separation between the curves. The counterfactual fairness definition requires predictions to remain unchanged when the protected attribute is intervened upon. The overlap in densities reflects that the model satisfies the conditional independence constraint between counterfactual outcomes given observed covariates."
l1_de_1703.06856_0129,1703.06856,1703.06856_xl_0017,figure+formula,figure,formula,1,discrepancy_analysis,True,,silver,How does the transition from bimodal to unimodal density structure between Full and Unaware models reflect the removal of protected attribute conditioning?,"The Full model exhibits bimodal distributions with separated blue and red peaks because it conditions on the protected attribute, maintaining distinct counterfactual distributions for each race or sex value. The Unaware model shows unimodal distributions with merged peaks because it marginalizes over the protected attribute, collapsing Y_{A←a}(U) and Y_{A←a'}(U) into a single distribution. This structural shift demonstrates that conditioning on the protected attribute in the probability expression P(Y_{A←a}(U) = y | X = x, A = a) preserves distinct counterfactual modes, whereas removing A from the conditioning set eliminates the separation.","The 'Full' row shows bimodal distributions with clear separation between the two peaks for race pairs, while the 'Unaware' row shows unimodal distributions with a single merged peak. The bimodality in the Full model arises because it explicitly models the protected attribute's causal influence on outcomes. The Unaware model's unimodal structure reflects that removing the protected attribute variable from the conditioning set collapses the counterfactual distributions into a single marginal distribution."
l1_de_1703.06856_0130,1703.06856,1703.06856_xl_0018,figure+formula,figure,formula,1,discrepancy_analysis,True,,silver,"Why do the Full model density curves separate by protected attribute while Unaware curves overlap, given counterfactual prediction requirements?","The Full model density plots exhibit clear separation between teal and pink curves across all protected attribute pairs because the model retains direct causal paths from race and sex to predicted outcomes, creating counterfactual dependence. In contrast, the Unaware model shows overlapping densities because it blocks these direct paths, satisfying the sufficiency condition where counterfactual predictions remain invariant under protected attribute changes. This separation versus overlap directly reflects whether the probability of sufficiency constraint is violated or satisfied, as the formula measures outcome differences when protected attributes are counterfactually altered.","The density plots show substantial separation between predicted counterfactual outcomes (teal vs pink curves) for race and sex pairs in the Full model, but near-complete overlap in the Unaware model. The probability of sufficiency formula quantifies how counterfactual predictions differ when protected attributes are changed while holding evidence fixed. The Full model's separated densities indicate high counterfactual dependence on protected attributes, violating the sufficiency-based fairness criterion."
l1_de_1703.06856_0131,1703.06856,1703.06856_xl_0018,figure+formula,figure,formula,1,causal_explanation,True,,silver,What explains the asymmetric single-peak pattern in female-male densities compared to bidirectional separation in race pairs under additive noise independence?,"The female-male plot displays a dominant teal peak with suppressed pink density because the causal model allows sex to directly influence predicted outcomes through structural equations, creating asymmetric counterfactual predictions where one direction dominates. In contrast, race comparisons show bidirectional separation due to balanced causal effects in both counterfactual directions. The additive error term independence from protected attributes ensures that this asymmetry arises from causal structure rather than noise correlation, whereas the bidirectional race patterns reflect symmetric causal pathways in the Full model's structural equations.","The female-male density plot in the Full model shows a single teal peak with minimal pink distribution, contrasting with the bidirectional separation in race comparisons. The additive error term structure in the causal model specifies that noise is independent of protected attributes but allows direct causal effects. The asymmetric density pattern for sex suggests the counterfactual prediction collapses one direction more than the other, consistent with unidirectional causal effects from sex to outcomes rather than symmetric noise."
l1_de_1703.06856_0132,1703.06856,1703.06856_xl_0019,figure+formula,formula,figure,1,causal_explanation,True,,silver,Why does removing direct Race edges to intermediate outcomes enable the predictor to satisfy demographic parity despite observed disparities in Searched and Frisked rates?,"The causal graph shows Race directly influencing Searched, Frisked, and Force, creating observed disparities in these intermediate outcomes. However, the linear model structure with exchangeable units ensures that when the predictor Ŷ(X,A) is constructed using only non-sensitive features X, the protected attribute A has no causal path to the prediction. This structural independence means Ŷ becomes unaffected by A, thereby satisfying demographic parity because the predictor cannot encode the direct racial influence present in the original causal pathways.","The causal graph shows Race directly influencing Searched, Frisked, and Force, while also connecting to Arrest through Searched and to Criminality through Force. The linear model structure with exchangeable units implies that when the predictor is constructed from only X (non-sensitive attributes), the protected attribute A (Race) has no direct path to the outcome. This structural independence in the causal model corresponds to the mathematical property that the predictor will satisfy demographic parity when A is excluded from the feature set."
l1_de_1703.06856_0133,1703.06856,1703.06856_xl_0019,figure+formula,formula,figure,1,discrepancy_analysis,True,,silver,How does the separation between Criminality and Weapon nodes reconcile with population-level contrasts rather than individual-level counterfactual interventions in fairness measurement?,"The causal graph shows Criminality influencing Weapon through a directed edge, but Weapon has no back-connection to policing outcomes like Arrest or Force, creating structural separation. The ACE formulation contrasts two independent exchangeable units of the population, operating at the population level rather than requiring individual counterfactual interventions. This distinction means the graph's structural dependencies (Criminality → Weapon) do not contradict fairness analysis because the ACE measures aggregate differences between groups, whereas counterfactual effects would require intervening on individual units within the same causal pathway.","The causal graph shows Criminality influencing both Arrest (through Searched) and Weapon, with Weapon having no back-edge to any policing outcome. The ACE formulation contrasts two independent exchangeable units from the population, which differs from counterfactual effects that would require intervening on a single unit. This distinction explains why the graph can show structural dependencies (like Criminality to Weapon) without creating contradictions in the fairness analysis, because the ACE operates at the population level rather than the individual counterfactual level."
l1_de_1703.06856_0134,1703.06856,1703.06856_xl_0021,figure+formula,formula,figure,1,causal_explanation,True,,silver,Why does Race connect directly to intermediate police actions but reach Arrest only through the Criminality mediator in the structural model?,"The direct edges from Race to Searched, Frisked, and Force capture potential discriminatory police behavior that operates independently of actual criminal conduct. In contrast, the path to Arrest must pass through Criminality because counterfactual fairness requires that arrest predictions remain unchanged under interventions on Race when conditioning on legitimate evidence. This structural choice ensures that the model distinguishes between discriminatory enforcement patterns and evidence-based outcomes, consistent with the counterfactual invariance condition that predictions should not depend on the protected attribute across alternative possible worlds.","The causal graph shows Race directly influencing Searched, Frisked, and Force, but Criminality mediates the path to Arrest. The counterfactual fairness definition requires predictions to be invariant under interventions on the protected attribute across all possible worlds. This structural separation ensures that direct discrimination paths are blocked while preserving legitimate causal pathways through observed evidence."
l1_de_1703.06856_0135,1703.06856,1703.06856_xl_0021,figure+formula,formula,figure,1,causal_explanation,True,,silver,What mathematical property justifies placing Weapon as an ancestor exclusively of Criminality rather than connecting it to police enforcement actions?,"Weapon appears as a parent only of Criminality because the counterfactual fairness criterion restricts causal pathways to those that preserve invariance under interventions on protected attributes. If Weapon directly influenced Searched or Frisked, it could create a spurious pathway where enforcement actions depend on weapon possession independently of actual criminal conduct, violating the requirement that predictions remain unchanged across counterfactual worlds where only the protected attribute differs. By channeling Weapon's influence exclusively through Criminality, the model ensures that weapon-related information affects predictions only through its legitimate relationship to criminal behavior, consistent with the conditional independence structure required by the counterfactual definition.","The causal model shows Weapon influencing only Criminality, not any intermediate police actions. The counterfactual fairness framework requires that predictions depend only on causally legitimate pathways, excluding variables that could introduce spurious correlations. This placement ensures that weapon possession affects outcomes only through its relationship to actual criminal behavior, not through biased enforcement mechanisms."
l1_de_1703.06856_0136,1703.06856,1703.06856_xl_0023,figure+formula,formula,figure,1,causal_explanation,True,,silver,"Why do the direct edges from Race to Searched, Frisked, and Force violate the sufficiency condition for counterfactual fairness?","The direct edges from Race to Searched, Frisked, and Force represent causal pathways where the protected attribute influences outcomes without passing through the legitimate mediator Criminality. The sufficiency condition requires predictions to depend only on resolving variables—descendants of the protected attribute that lie on paths through allowed mediators. Because these direct edges bypass Criminality, they encode discrimination that violates the mathematical constraint that predictions must be independent of the protected attribute when conditioning on resolving variables.","The causal graph shows Race directly influencing Searched, Frisked, and Force, while Criminality mediates the path to Arrest. The sufficiency condition in the formula requires that predictions depend only on resolving variables (descendants of the protected attribute on paths through legitimate mediators). The direct edges from Race to intermediate police actions violate this constraint because they represent discrimination not mediated by actual Criminality."
l1_de_1703.06856_0137,1703.06856,1703.06856_xl_0023,figure+formula,formula,figure,1,hypothesis_verification,True,,silver,How does Weapon's position as a descendant only through Criminality satisfy the resolving variable criterion in counterfactual fairness?,"Weapon receives causal influence exclusively through the Criminality node, with no direct edge from Race, making it a descendant of the protected attribute only via a legitimate mediator. The resolving variable criterion requires variables whose causal relationship to the protected attribute passes through allowed mediators, ensuring predictions conditioned on these variables remain invariant under counterfactual interventions on Race. Because Weapon's structural position satisfies this path constraint, it can be used in fair prediction models without violating counterfactual independence.","The causal graph positions Weapon as influenced solely by Criminality, with no direct edge from Race. The counterfactual fairness framework requires that predictions remain unchanged under interventions on the protected attribute when resolving variables are held fixed. Weapon qualifies as a resolving variable because it is a descendant of Race only through the legitimate mediator Criminality, satisfying the structural independence needed for the fairness constraint."
l1_de_1703.06856_0138,1703.06856,1703.06856_xl_0024,figure+formula,formula,figure,1,causal_explanation,True,,silver,Why does changing every individual's race to Black Hispanic increase total arrests compared to the White counterfactual scenario?,"The increase occurs because the causal model assigns race R as a parent node of arrest A, meaning interventions on race propagate through the structural equations to modify arrest probabilities. The counterfactual maps reveal that under the learned parameters, Black Hispanic race increases the conditional probability of arrest compared to White race, consistent with the directed edge from R to A in the causal graph. This asymmetry reflects the model's encoding of race-dependent arrest likelihoods derived from the observational stop-and-frisk data.","The counterfactual maps show arrest rates decrease when White individuals are hypothetically kept White (3722 arrests) but increase when all individuals are changed to Black Hispanic. This asymmetry suggests the model captures race-dependent arrest probabilities. The causal graph with race R as a parent of arrest A implies interventions on R propagate through the structural equations to alter arrest outcomes, creating the observed counterfactual divergence."
l1_de_1703.06856_0139,1703.06856,1703.06856_xl_0024,figure+formula,formula,figure,1,discrepancy_analysis,False,template_shortcut,silver,How does spatial clustering of White and Black Hispanic populations relate to the common-cause structure linking location with both race and arrest?,"The spatial clustering observed in the leftmost map reflects geographic segregation, which the causal model captures by positioning location G as a parent of both race R and arrest A. This common-cause structure allows the model to disentangle direct racial effects from neighborhood-level confounding, because interventions on R (counterfactual race changes) block the path through G, isolating the causal effect of race. Without this structural choice, the model would conflate geographic arrest patterns with race-specific effects, failing to produce valid counterfactual predictions.","The leftmost map displays spatial clustering of White versus Black Hispanic stops across New York City neighborhoods, with distinct geographic separation visible in the dot distributions. The causal model includes geographic location G as a common cause of both race R and arrest A. This structural choice allows the model to account for neighborhood-level confounding, where spatial clustering of race correlates with arrest patterns not solely due to race but through shared geographic causes."
l1_de_1809.10083_0140,1809.10083,1809.10083_xl_0074,figure+formula,figure,formula,1,causal_explanation,True,,silver,Why are the encoder outputs routed through separate pathways to prediction and reconstruction modules rather than sharing a unified representation?,"The separate pathways implement the disentanglement constraint that minimizes mutual information between e1 and e2. Because e1 must capture only task-relevant features for prediction while e2 captures nuisance factors for reconstruction, routing them through distinct modules prevents information leakage. This structural separation enforces the mathematical requirement that Enc(x)_1 and Enc(x)_2 remain statistically independent, consistent with the loss term penalizing correlation between the two latent codes.","The architecture splits the encoder output into two separate latent representations e1 and e2, which feed into distinct downstream paths (Pred and Dec branches). The disentanglement loss term enforces minimal mutual information between these two representations. This structural separation physically implements the mathematical constraint that e1 captures task-relevant features while e2 captures nuisance factors."
l1_de_1809.10083_0141,1809.10083,1809.10083_xl_0074,figure+formula,figure,formula,1,causal_explanation,False,anchor_leakage,silver,How do the adversarial discriminators receiving cross-pathway inputs enforce the separation between task-relevant and nuisance feature spaces?,"The discriminators Dis1 and Dis2 attempt to reconstruct e'1 from e2 and e'2 from e1 respectively, creating adversarial pressure. Because the framework requires e1 to capture only F_y information and e2 to capture only F̄_y information, successful adversarial training forces each latent code to be uninformative about the other. This cross-reconstruction failure enforces the mathematical constraint that e1 and e2 capture disjoint feature subspaces, consistent with the disentanglement objective minimizing mutual information between the two representations.","The adversarial discriminators Dis1 and Dis2 receive inputs from the latent codes and produce outputs e'2 and e'1 respectively, creating a cross-pathway structure. The framework aims to learn e1 capturing task-relevant information F_y while e2 captures nuisance factors F̄_y. The adversarial setup forces each discriminator to fail at reconstructing the opposite latent code, thereby enforcing the separation between task-relevant and nuisance representations."
l1_de_1809.10083_0142,1809.10083,1809.10083_xl_0077,figure+formula,formula,figure,1,causal_explanation,True,,silver,Why do reconstructions from the first and second encoder components preserve different visual features despite both receiving the same input digit?,"The disentangled latent representation splits the encoding into two components where the first component captures task-relevant information (digit identity) and the second captures nuisance factors (rotation angle), consistent with the mathematical framework that decomposes the feature space into orthogonal subspaces. The reconstruction columns demonstrate this separation: the first component preserves digit shape while discarding rotation, whereas the second component encodes rotation information independently. This visual separation occurs because the training objective enforces that one component contains all information for predicting the label while the other contains complementary nuisance information. The framework relaxes the strict splitting of feature functions into task-relevant and task-irrelevant subsets by learning this disentanglement in latent space.","The figure shows three columns per digit block: original image, reconstruction from the first encoder component, and reconstruction from the second encoder component, demonstrating that each component captures different aspects of the input. The formula defines a disentangled representation where one component captures task-relevant features and the other captures nuisance factors. The structural separation in reconstruction paths directly implements the mathematical decomposition of the latent space into orthogonal subspaces."
l1_de_1809.10083_0143,1809.10083,1809.10083_xl_0077,figure+formula,formula,figure,1,discrepancy_analysis,True,,silver,What mathematical separation principle explains the stark contrast in digit recognizability between reconstructions from the two encoder components across all rotation variations?,"The optimization objective enforces complete separation where the first component must contain sufficient information for label prediction while being invariant to nuisance factors, whereas the second component captures only the complementary nuisance information (rotation), resulting in the observed asymmetry. The first component reconstructions preserve digit identity because they encode task-relevant features necessary for classification, while the second component reconstructions lack recognizable digit shapes due to containing only rotation information. This separation implements the goal of invariance induction: completely preventing prediction models from using nuisance factor information by isolating it in a dedicated latent pathway. The framework achieves this through unsupervised disentanglement rather than supervised data augmentation with known nuisance variations.",The figure demonstrates that the first encoder component successfully reconstructs digit identity across all rotation angles while the second component fails to preserve recognizable digit shapes. The mathematical framework aims to completely prevent prediction models from using nuisance factor information by isolating it in a separate latent component. The asymmetry in reconstruction quality between the two components reflects the optimization objective that forces task-relevant and nuisance information into separate pathways.
l1_de_1809.10083_0144,1809.10083,1809.10083_xl_0079,figure+formula,formula,figure,1,causal_explanation,True,,silver,Why do the two reconstruction columns per digit block preserve different visual features despite sharing the same input image?,"The two reconstruction columns preserve different features because each encoder is trained under an adversarial minimax objective where disentangler Dis_1 predicts the second encoder's output from the first, and Dis_2 does the inverse. This adversarial penalty forces the encoders to capture mutually exclusive information, preventing overlap in their learned representations. Consequently, reconstruction from the first encoder emphasizes digit identity while the second captures rotation angle, as evidenced by the distinct visual characteristics in each reconstruction column.","The figure displays three columns per digit block: original image, reconstruction from the first encoder, and reconstruction from the second encoder, showing that each encoder captures distinct visual information. The minimax objective with adversarial disentanglers prevents one encoder from predicting the other's representation. This structural separation in reconstruction quality directly reflects the adversarial penalty that enforces representational independence between the two encoding pathways."
l1_de_1809.10083_0145,1809.10083,1809.10083_xl_0079,figure+formula,formula,figure,1,discrepancy_analysis,True,,silver,How does reconstruction fidelity from each encoder pathway remain high when the adversarial penalty actively minimizes correlation between their representations?,"Reconstruction fidelity remains high because the minimax objective balances two competing goals: the adversarial disentanglers penalize correlation between encoder outputs, while a shared reconstruction loss ensures each encoder retains sufficient information to regenerate the input. The adversarial penalty forces encoders to capture complementary aspects (digit identity versus rotation angle) rather than redundant features, whereas the reconstruction term prevents information loss. This balance allows each encoder to specialize in orthogonal factors while maintaining high reconstruction quality, as shown by the visually complete reconstructions in both the middle and rightmost columns.","The figure demonstrates successful reconstruction from two separate encoder representations, indicating that each encoder pathway retains sufficient information to regenerate the input independently. The adversarial training objective penalizes correlation between encoder outputs while maintaining reconstruction fidelity through a joint decoder. This dual-path reconstruction capability emerges from the minimax formulation that balances disentanglement penalties against reconstruction loss, ensuring each encoder captures complementary rather than redundant information."
l1_de_1906.02589_0146,1906.02589,1906.02589_xl_0096,figure+formula,figure,formula,1,causal_explanation,True,,silver,Why does the architecture split latent representations into separate z and b pathways before the modification step that produces b'?,"The separation into z and b pathways implements the disentanglement term in the objective, which rewards aligning specific latent components with sensitive attributes while keeping others independent. By isolating b dimensions, the model can selectively discard or noise them to achieve subgroup demographic parity, whereas z remains unaffected and preserves non-sensitive information for reconstruction. This structural choice directly operationalizes the mathematical goal of factorizing sensitive and non-sensitive variation.","The figure shows a two-pathway architecture where sensitive latent dimensions b are modified (discarded or noised) to produce b' before predicting y, while z remains unchanged. The formula's disentanglement term rewards separating sensitive attributes from other latent components. This structural separation of z and b pathways directly implements the mathematical objective of isolating sensitive factors."
l1_de_1906.02589_0147,1906.02589,1906.02589_xl_0096,figure+formula,figure,formula,1,causal_explanation,True,,silver,How does the reconstruction term balance the dual encoding of input x into both sensitive b and non-sensitive z representations?,"The reconstruction term rewards the model for successfully modeling non-sensitive observations, which requires that the combined latent code [z, b] captures sufficient information from x to reconstruct the input. However, this must be balanced against the disentanglement term that separates sensitive from non-sensitive factors, ensuring z alone can support reconstruction after b is discarded. The dual encoding thus emerges because the reconstruction objective demands completeness, whereas the fairness objective demands factorization.","The figure shows that x (input data) directly feeds into both z and b latent codes, which then combine to predict y. The formula includes a reconstruction term that rewards modeling non-sensitive observations. This dual-path encoding from x must balance reconstructing the full input while maintaining the separation needed for fairness."
l1_de_1906.02589_0148,1906.02589,1906.02589_xl_0097,figure+formula,figure,formula,1,discrepancy_analysis,False,numeric_leakage,silver,Why does FFVAE maintain accuracy above 0.99 across all demographic parity gaps while other variational methods plateau below this threshold?,"FFVAE's superior performance is due to the joint optimization of reconstruction and predictiveness terms that preserve label information, whereas the disentanglement term explicitly separates sensitive attribute components from task-relevant latent representations. Other methods lack this explicit four-term decomposition, causing them to sacrifice accuracy when enforcing fairness constraints. The reconstruction term ensures non-sensitive observations are modeled accurately, while predictiveness aligns correct latent components with sensitive attributes without contaminating the label predictor.","FFVAE achieves near-perfect accuracy (>0.99) while maintaining near-zero demographic parity gap across all tested delta values, unlike competing methods that show lower accuracy. The reconstruction and predictiveness terms in the objective jointly optimize for accurate label prediction while the disentanglement term separates sensitive attributes from task-relevant features, enabling simultaneous high accuracy and fairness."
l1_de_1906.02589_0149,1906.02589,1906.02589_xl_0097,figure+formula,figure,formula,1,hypothesis_verification,False,template_collapse,silver,Under what mathematical condition does the predictiveness term allow all variational methods to achieve identical fairness-accuracy trade-offs regardless of architectural differences?,"When group membership is uncorrelated with labels, the predictiveness term aligns sensitive attributes with latent components without creating interference with label prediction pathways, because the statistical independence removes the need for explicit separation. All methods achieve >0.99 accuracy and near-zero demographic parity gap under this condition, as shown in the referenced uncorrelated scenario. The disentanglement term becomes trivially satisfied when no correlation exists, eliminating the architectural advantage of FFVAE's four-term decomposition over simpler variational approaches.","All methods converge to nearly identical high accuracy (>0.99) and near-zero demographic parity gap when group membership is uncorrelated with labels, showing no performance differentiation. The predictiveness term in the objective successfully aligns sensitive attributes with designated latent components only when correlation exists, but when uncorrelated, this alignment does not interfere with label prediction, allowing all disentanglement approaches to succeed equally."
l1_de_1906.02589_0150,1906.02589,1906.02589_xl_0098,figure+formula,formula,figure,1,discrepancy_analysis,True,,silver,Why does the Mutual Information Gap plateau at higher alpha values despite continued increase in the regularization coefficient?,"The plateau occurs because the disentanglement term in the objective successfully separates latent components from sensitive attributes, reaching a saturation point where further penalty weight increases cannot improve factorization quality. The figure shows MIG stabilizing around 0.6-0.65 beyond alpha=200, consistent with the disentanglement term achieving its maximum capacity to decorrelate representations. Beyond this threshold, the encoder has already aligned correct latent components optimally, so additional regularization strength yields diminishing returns.","The figure shows Mutual Information Gap rising sharply and plateauing around 0.6-0.65 as alpha increases beyond 200, indicating saturation in disentanglement quality. The formula contains a disentanglement term that penalizes mutual information between latent components and sensitive attributes. The plateau occurs because the disentanglement penalty reaches maximum effectiveness, beyond which increasing alpha no longer improves separation between latent factors."
l1_de_1906.02589_0151,1906.02589,1906.02589_xl_0098,figure+formula,formula,figure,1,causal_explanation,False,numeric_leakage;templated_opening,silver,What causes the high variance and erratic trajectories in disentanglement quality when alpha remains below 200?,"At low alpha values, the reconstruction term dominates the objective, causing the encoder to prioritize modeling non-sensitive observations over factorization quality, which leads to unstable disentanglement performance. The figure shows individual gamma trajectories exhibiting sharp drops and high variance below alpha=200, whereas the predictiveness term competes weakly with reconstruction. Once alpha increases sufficiently, the disentanglement penalty gains enough weight to stabilize the latent factorization, reducing variance across gamma settings.","The figure displays high variance in Mutual Information Gap at low alpha values (0-200), with individual gamma trajectories showing erratic behavior including sharp drops. The formula balances four competing terms including reconstruction and predictiveness alongside disentanglement. At low regularization strength, the reconstruction term dominates, causing instability as the encoder prioritizes modeling observations over factorization, leading to inconsistent disentanglement across different gamma settings."
l1_de_1910.10872_0152,1910.10872,1910.10872_xl_0104,figure+table,table,figure,1,discrepancy_analysis,True,,silver,Why does the sharp performance increase after 1975 in the newer version still produce systematic location and miscellaneous misclassifications for high-frequency male names?,"Despite V2.1 reaching approximately 0.6 by 2015 compared to V2.0's 0.48, high-frequency male names like Christian (6,509 occurrences) and Jordan (4,646 occurrences) are still tagged as MISC and LOC respectively, indicating that overall performance gains do not eliminate category-specific biases. The temporal improvement is constrained by persistent training data biases that cause systematic misclassification patterns.","Figure 6 shows V2.1 performance rising sharply after 1975, reaching approximately 0.6 by 2015, while V2.0 remains relatively flat around 0.3-0.5. Table 2 reveals that male names like Christian and Roman are frequently tagged as MISC, while Jordan and Kaiden are tagged as LOC. The temporal performance improvement in V2.1 must be reconciled with the persistent error patterns where high-frequency male names still suffer systematic misclassification."
l1_de_1910.10872_0153,1910.10872,1910.10872_xl_0104,figure+table,table,figure,1,causal_explanation,True,,silver,What explains the mid-century performance dip in the older version when comparing names that receive no tags versus those misclassified as locations?,"V2.0 drops to approximately 0.26 around 1955, whereas V2.1 maintains ~0.3-0.35 during the same period. This dip corresponds to systematic tagging failures where King (2,579 occurrences) receives no tag at all, compared to Kaiden (2,832 occurrences) which is tagged as LOC, indicating that V2.0's mid-century weakness stems from inconsistent frequency-based recognition thresholds rather than uniform misclassification patterns.","Figure 6 demonstrates that V2.0 shows a dip around 1955 to approximately 0.26 before recovering, while V2.1 maintains relatively stable performance around 0.3-0.4 in that period. Table 2 shows that King with 2,579 occurrences is 'Not Tagged' while lower-frequency names like Kaiden (2,832) are tagged as LOC. The historical performance dip in V2.0 during mid-century may correlate with the failure to tag certain male names at all, suggesting version-specific sensitivity to name frequency thresholds."
l1_de_1910.10872_0154,1910.10872,1910.10872_xl_0105,figure+table,figure,table,1,discrepancy_analysis,True,,silver,Why does the doubled bias magnitude in Spacy medium contrast with CoreNLP's unchanged PERSON entity recognition despite both systems receiving version updates?,"Spacy version 2.1 shows bias against female names on average twice that of male names, whereas CoreNLP's update from 3.8 to 3.9 changed tags (e.g., Isabel from Not Tagged to MISC, Christian to RELIGION) but did not address the original PERSON entity tagging problem. This indicates that version updates can introduce new biases (Spacy) or fail to fix core recognition issues (CoreNLP) despite modifying tagging behavior.",Figure 6 shows that version 2.1 exhibits twice the bias against female names compared to male names in Spacy medium. Table 3 demonstrates that CoreNLP version updates (3.8 to 3.9) changed tagging behavior but failed to address PERSON entity recognition. The query links the observed gender bias magnitude in one NLP system to the persistent tagging failures in another system's version update.
l1_de_1910.10872_0155,1910.10872,1910.10872_xl_0105,figure+table,figure,table,1,causal_explanation,False,template_shortcut,silver,How does the temporal divergence pattern starting mid-century in Spacy relate to CoreNLP's systematic reclassification of ambiguous names from LOCATION to CITY?,"Spacy version 2.1 shows increasing bias starting around 1955 and rising to 0.6 by 2015, whereas CoreNLP version 3.9 systematically reclassified all LOCATION-tagged names (Charlotte, Victoria, Sydney, Logan, Santiago, Jordan) to CITY tags. Both changes reflect version updates introducing new categorization behaviors—Spacy through temporal bias amplification and CoreNLP through more specific geographic entity distinctions—consistent with evolving NLP model architectures addressing entity granularity.","Figure 6 reveals that Spacy version 2.1 performance diverges from 2.0 starting around 1955, with increasing bias through 2015. Table 3 shows CoreNLP 3.9 reclassified location-tagged names (Charlotte, Victoria, Sydney, Logan, Santiago, Jordan) to CITY tags. The query connects temporal bias patterns in one system to categorical tag shifts in another during version transitions."
l1_de_1910.10872_0156,1910.10872,1910.10872_xl_0106,figure+table,figure,table,1,causal_explanation,True,,silver,Why does the updated model version show disproportionate bias magnitude between genders despite both being minority representations in the training corpora?,"Version 2.1 shows bias against female names that is twice that of male names because the training datasets (CoNLL 2003 and OntoNotes) contain only 42% female versus 58% male names. This 16-percentage-point training imbalance amplifies to a 2:1 bias ratio in the model's performance, consistent with the underrepresentation of female name variety in both datasets.",Figure 6 shows that version 2.1 exhibits approximately twice the bias against female names compared to male names in Spacy medium. Table 4 reveals that both CoNLL 2003 and OntoNotes training datasets contain 42% female names versus 58% male names. The underrepresentation of female names in training data directly explains the amplified bias against female entities in the updated model version.
l1_de_1910.10872_0157,1910.10872,1910.10872_xl_0106,figure+table,figure,table,1,discrepancy_analysis,True,,silver,What explains the temporal performance trajectory after the mid-century period when the training distribution remains inverted relative to census demographics?,"The sharp increase in version 2.1 bias after 1975 occurs despite training datasets maintaining a 42% female representation, whereas Census data shows 62% female names. This persistent 20-percentage-point inversion between training data (42% female in CoNLL/OntoNotes) and real-world demographics (62% female in Census) explains the amplified bias trajectory, as the model learns from systematically underrepresented female name distributions.","Figure 6 demonstrates that version 2.1 performance increases sharply after 1975, reaching peak bias levels by 2015. Table 4 shows the Census data contains 62% female names versus 38% male names, contrasting with the 42%/58% split in training datasets. The temporal improvement in version 2.1 bias occurs despite persistent gender distribution mismatch between real-world census data and training corpora."
l1_de_1802.08139_0158,1802.08139,1802.08139_xl_0037,figure+formula,figure,formula,1,causal_explanation,False,anchor_leakage,silver,Why does the causal graph separate the A→M→L pathway from the direct A→Y edge when isolating path-specific effects?,"The separation of the A→M→L pathway from the direct A→Y edge reflects the mathematical decomposition that isolates the path-specific effect (PSE) of A on Y through specific mediators. The formula computes PSE by conditioning on intermediate variables along the green paths, requiring explicit representation of each causal pathway. This structural separation enables the identification of unfair effects through M versus fair effects through L, consistent with the need to disregard the PSE along A→Y and A→M paths while preserving effects through L.","Figure 2(c) shows a graphical causal model with directed edges from A to M and from M to L, representing a sequential causal pathway. The formula decomposes the path-specific effect by conditioning on intermediate variables along this pathway. The structural separation of the A→M→L path from the direct A→Y path in the diagram corresponds to the mathematical decomposition that isolates effects through specific mediator sequences."
l1_de_1802.08139_0159,1802.08139,1802.08139_xl_0037,figure+formula,figure,formula,1,discrepancy_analysis,True,,silver,Which mathematical operation in the path-specific effect calculation corresponds to blocking contributions along the green-highlighted A→M route while preserving other pathways?,"The path-specific effect calculation uses intervention and conditioning operations to block contributions along specific causal routes while preserving others. By conditioning on the mediator M at counterfactual values, the formula mathematically removes the effect of A on Y through M, corresponding to the green-highlighted A→M path that must be disregarded. This selective blocking operation isolates the unfair pathway from the fair pathway through L, whereas the black paths represent effects that remain in the prediction model.","Figure 2(a)-(b) highlights specific paths in green that represent the effects of interest, while other paths remain in black. The formula quantifies path-specific effects by mathematically isolating contributions along designated causal routes. The visual distinction between green (unfair) and black (permissible) paths corresponds to the mathematical operation that selectively blocks or preserves effects through different mediators."
l1_de_1802.08139_0160,1802.08139,1802.08139_xl_0038,figure+formula,figure,formula,1,causal_explanation,True,,silver,Why does introducing the latent parent node between the sensitive attribute and mediator variable reveal distributional mismatch in the error term?,"The latent variable H_m in the modified causal graph explicitly captures hidden confounding between A and M that the original data-generation process assumes is absorbed into epsilon_m. When the true process includes a non-linear term f(A,C) not represented in the learned model, the error distribution deviates from the assumed form because the latent structure exposes the mismatch. The empirical distribution of epsilon_m (continuous lines) diverges from the histogram of the latent variable's conditional distribution (crossed lines), demonstrating that fairness guarantees fail when the model structure misspecifies the underlying causal dependencies.","Figure 3(b) introduces an explicit latent variable H_m between A and M, creating a new parent node in the causal graph. The formula describes the data-generation process for M including error term epsilon_m. The structural addition of H_m in the graph corresponds to modeling unobserved confounding that would otherwise be absorbed into the error term, making the mismatch between assumed and true data-generation explicit."
l1_de_1802.08139_0161,1802.08139,1802.08139_xl_0038,figure+formula,figure,formula,1,discrepancy_analysis,True,,silver,What mathematical property is violated when the empirical error distribution diverges from the latent variable's conditional distribution under the sensitive attribute?,"The independence assumption between the error term epsilon_m and the sensitive attribute A is violated when the true data-generation includes the non-linear term f(A,C). The formula assumes epsilon_m captures only random noise independent of A, but the divergence between the continuous-line distribution and the crossed-line histogram in Figure 3(a) shows that epsilon_m retains dependence on A. This violation occurs because the unmodeled non-linear interaction f(A,C) forces the error term to absorb systematic variation correlated with the sensitive attribute, breaking the conditional independence required for path-specific counterfactual fairness.","Figure 3(a) shows two distinct distributions: continuous lines for epsilon_m and crossed-line histograms for the conditional distribution of H_m given A. The formula specifies the generation of M with an error term that should be independent of A under the assumed model. The divergence between these distributions indicates that when the true process includes f(A,C), the independence assumption is violated, causing the error to carry information about the sensitive attribute."
l1_de_1808.08166_0162,1808.08166,1808.08166_xl_0067,figure+table,figure,table,1,discrepancy_analysis,True,,silver,Why does the toy example use only two independently distributed sensitive attributes when real datasets contain multiple potentially correlated protected features?,"The toy example with race and gender distributed independently and uniformly serves as a simplified illustration, whereas real datasets like Communities and Crime have 18 protected features and Law School has 4 protected features (Race, Income, Age, Gender), which are likely correlated. This simplification demonstrates the fairness gerrymandering concept without the complexity of high-dimensional, correlated protected attributes present in actual applications.","Figure 1 shows a toy example where race (blue/green) and gender (male/female) are distributed independently and uniformly, with accepted individuals marked by circles in both subgroups. The table lists real datasets with specific protected features: Communities and Crime has 18 protected features (Race), Law School has 4 (Race, Income, Age, Gender), Student has 5 (Age, Gender, Relationship, Alcohol Use), and Adult has 3 (Age, Race, Gender). The causal link is that the toy example's two-attribute independence assumption contrasts with real datasets that have many more protected features and potentially correlated attributes."
l1_de_1808.08166_0163,1808.08166,1808.08166_xl_0067,figure+table,figure,table,1,hypothesis_verification,True,,silver,Which dataset's baseline performance most closely matches the uniform random label distribution assumption in the fairness gerrymandering illustration?,"The Adult dataset with a baseline of 0.50 for predicting Income >= $50K most closely matches the toy example's uniform random label distribution. This is consistent with the illustration where the binary label is distributed uniformly at random, compared with Communities and Crime (baseline 0.3) or Student (baseline 0.47), which show more skewed label distributions.","Figure 1 illustrates fairness gerrymandering with accepted individuals (circled) distributed across gender and race subgroups, where the binary label is uniformly random and uncorrelated with attributes. The table shows baseline values ranging from 0.3 to 0.50 for different prediction tasks (High Violent Crime, Pass Bar Exam, Course Performance, Income). The causal link is that the toy example's uniform random label distribution (baseline ~0.5) corresponds to the Adult dataset's baseline of 0.50 for predicting Income >= $50K, suggesting similar difficulty in achieving fairness when labels are near-random."
l1_de_1809.10083_0164,1809.10083,1809.10083_xl_0076,figure+table,figure,table,1,causal_explanation,True,,silver,Why does routing only the first latent component to the prediction module achieve accuracy above baseline across all domain transfer tasks?,"Because e1 is designed to capture all information in F_y (task-relevant features) while e2 captures information in F̄_y (nuisance factors), the Pred module operating on e1 achieves accuracy ranging from 0.709 (kitchen-books) to 0.854 (electronics-kitchen) across all domain pairs. This architectural disentanglement enforces that e1 contains sufficient discriminative information for predicting y, consistent with the framework's objective to separate task-relevant from task-irrelevant representations.","The architecture diagram shows that e1 is fed to the Pred component while e2 is routed to the Dec component, suggesting a disentangled representation where e1 captures task-relevant features. The table reports accuracy of predicting y from e1 across different domain pairs, with values ranging from 0.709 to 0.854. The causal link is that the architectural separation of e1 from e2 enables the high prediction accuracy because e1 is specifically designed to capture information in F_y."
l1_de_1809.10083_0165,1809.10083,1809.10083_xl_0076,figure+table,figure,table,1,discrepancy_analysis,False,single_element_answer,silver,What explains the reconstruction module requiring both latent components while prediction accuracy remains high using only one component across domain pairs?,"The decoder Dec requires both ẽ1 and e2 to reconstruct x' because e2 captures information in F̄_y (nuisance factors like domain-specific features) that are necessary for full reconstruction but irrelevant for predicting y. Despite this, prediction accuracy using only e1 ranges from 0.724 to 0.859 across domain pairs, demonstrating that the disentanglement successfully isolates task-relevant features in e1 while relegating reconstruction-critical but task-irrelevant information to e2.","The architecture shows that the decoder Dec receives both ẽ1 (from dropout) and e2 as inputs to reconstruct x', indicating that reconstruction requires both components. The table shows that prediction accuracy varies substantially across domain pairs (e.g., 0.724 for kitchen-books vs 0.859 for kitchen-electronics). The discrepancy is that while Dec needs both components for reconstruction, the prediction task achieves high accuracy using only e1, suggesting that e2 contains reconstruction-critical but task-irrelevant information."
l1_de_1809.10083_0166,1809.10083,1809.10083_xl_0078,formula+table,formula,table,1,causal_explanation,False,single_element_answer,silver,Why does the disentangled encoding strategy achieve higher task-relevant prediction accuracy from the first latent component across all source-target domain pairs?,"Because e_1 is designed to capture all information in F_y (task-relevant features), the proposed method achieves Ay scores ranging from 0.724 to 0.890 across all domain pairs, consistently outperforming baselines by isolating task-relevant information from nuisance factors in the disentangled representation.","The formula describes disentangled representation learning where e_1 captures task-relevant information (F_y) and e_2 captures nuisance factors. Table 5 shows accuracy of predicting y from e_1 (Ay metric). The causal link is whether the disentanglement objective successfully isolates task-relevant features in e_1, which should manifest as high Ay scores across domain pairs."
l1_de_1809.10083_0167,1809.10083,1809.10083_xl_0078,formula+table,formula,table,1,discrepancy_analysis,True,,silver,"Across electronics-kitchen transfer, how does the relaxed disentanglement objective compare with supervised invariance induction methods in preserving task-relevant information?","The relaxed disentanglement achieves 0.890 accuracy compared with VFAE's 0.850 and DANN's 0.854, demonstrating that splitting representation into e_1 and e_2 components better preserves task-relevant information than direct supervised invariance constraints.",The disentanglement framework splits latent representation into e_1 (task-relevant F_y) and e_2 (nuisance factors). Table 5 compares three methods on Ay metric. The discrepancy analysis examines whether the proposed relaxed disentanglement approach (splitting into e_1 and e_2) yields better task prediction than supervised invariance methods that directly enforce invariance constraints.
l1_de_1809.10083_0168,1809.10083,1809.10083_xl_0080,formula+table,formula,table,1,causal_explanation,False,single_element_answer,silver,Why does the adversarial disentangler architecture achieve complete removal of lighting information from the first embedding despite supervised methods showing residual predictability?,"The adversarial minimax optimization between Dis_1 and Dis_2 creates opposing objectives that prevent e_1 from encoding e_2 information. This mechanism outperforms supervised invariance induction methods (DANN and VFAE) on the A_y metric, providing a significant boost because the adversarial training completely blocks nuisance factor encoding rather than merely reducing correlation.",The formula describes adversarial disentanglers with opposing objectives forming a minimax optimization. Table 5 shows accuracy metrics for predicting target variables from learned embeddings. The connection examines whether the adversarial disentanglement mechanism successfully prevents information leakage as measured by prediction accuracy.
l1_de_1809.10083_0169,1809.10083,1809.10083_xl_0080,formula+table,formula,table,1,hypothesis_verification,True,,silver,"Across domain-pair transfers in Amazon Reviews, which direction shows stronger disentanglement consistent with the bidirectional adversarial prediction constraint between embeddings?","The books-to-dvd transfer achieves 0.820 accuracy whereas dvd-to-books reaches 0.798, showing asymmetric disentanglement strength. This difference is consistent with the bidirectional constraint because Dis_1 and Dis_2 apply opposing pressures on both e_1 and e_2, but source domain characteristics affect how completely each embedding removes nuisance information under adversarial training.","The formula establishes that Dis_1 predicts e_2 from e_1 while Dis_2 does the inverse, creating adversarial pressure. Table 5 reports Amazon Reviews accuracy results across domain pairs. The question probes whether cross-domain transfer performance differences reflect the bidirectional disentanglement constraint's effectiveness."
l1_de_1902.03519_0170,1902.03519,1902.03519_xl_0084,figure+table,figure,table,1,causal_explanation,True,,silver,Why does the algorithm maintain near-linear runtime growth while simultaneously achieving lower fairlet decomposition cost than the baseline method?,"The algorithm achieves near-linear runtime (approximately 360 seconds at 2.5 million Census II points) because MinHeavyPoints performs O(1) operations per node, totaling O(n) time. This efficiency enables lower fairlet decomposition cost (2.31×10^7 versus 3.59×10^7 on Census) compared with Chierichetti et al., consistent with the theoretical O(n) complexity.","The figure shows runtime scaling almost linearly with the number of sub-sampled points on Census II, reaching approximately 360 seconds at 2.5 million points. The table reports fairlet decomposition cost for Census dataset (600 points) as 2.31×10^7 for Ours versus 3.59×10^7 for Chierichetti et al. The causal link requires understanding why the algorithm achieves both linear runtime scaling and lower decomposition cost compared to the baseline."
l1_de_1902.03519_0171,1902.03519,1902.03519_xl_0084,figure+table,figure,table,1,discrepancy_analysis,True,,silver,What mechanism allows the runtime-efficient approach to produce lower fair clustering cost on Census compared to the competing algorithm?,"The runtime efficiency (360 seconds for 2.5 million Census II points) stems from O(n) total operations in MinHeavyPoints, which processes each node exactly twice. This efficiency enables better fairlet decomposition, resulting in lower fair clustering cost (2.41×10^7 versus 3.65×10^7 on Census with k=20) because higher-quality fairlets constrain the subsequent clustering phase.","The figure demonstrates runtime performance on Census II reaching roughly 360 seconds at 2.5 million points, showing consistent linear scaling. The table shows fair clustering cost (k=20) for Census dataset as 2.41×10^7 for Ours versus 3.65×10^7 for Chierichetti et al. The discrepancy requires explaining how runtime efficiency translates to clustering quality advantage."
l1_de_1902.03519_0172,1902.03519,1902.03519_xl_0085,figure+table,figure,table,1,causal_explanation,True,,silver,Why does Census II exhibit substantially longer fairlet decomposition time compared to Census despite both datasets having similar target balance parameters?,"Census II requires 349.08 seconds for fairlet decomposition with target balance 0.5, whereas Census requires only 5.18 seconds with target balance 0.45. This dramatic difference is consistent with the figure showing Census II runtime reaching approximately 350 seconds at 2.5 million points, indicating Census II contains significantly more data points than Census despite similar balance constraints.","The figure shows Census II runtime increases dramatically beyond 1.5 million points, reaching approximately 350 seconds at 2.5 million points. The table reports Census II fairlet decomposition takes 349.08 seconds for k=20 with target balance 0.5. The near-identical values suggest the figure plots fairlet decomposition time specifically, not total clustering time."
l1_de_1902.03519_0173,1902.03519,1902.03519_xl_0085,figure+table,figure,table,1,discrepancy_analysis,True,,silver,What property of the Bank dataset accounts for its fairlet decomposition being orders of magnitude faster than Diabetes despite both having higher target balance?,"Bank achieves fairlet decomposition in 0.23 seconds with target balance 0.5, whereas Diabetes requires 7.42 seconds with target balance 0.8. The figure confirms Bank maintains the lowest runtime trajectory across all sample sizes, suggesting Bank contains fewer total points or more favorable distribution characteristics that enable faster decomposition despite a more restrictive balance constraint compared to Diabetes.","The figure demonstrates that Bank dataset runtime remains below 50 seconds even at maximum sample sizes, showing the flattest growth curve among all datasets. The table shows Bank has the shortest total runtime of 7.63 seconds and fairlet decomposition time of only 0.23 seconds. This efficiency difference must be explained by dataset characteristics beyond just balance parameters."
l1_de_1808.08166_0174,1808.08166,1808.08166_xl_0068,figure+table,table,figure,1,causal_explanation,True,,silver,Why does the Law School convergence pattern stabilize differently compared to datasets with fewer protected attributes relative to total feature count?,"Law School has 4 protected features out of 10 total features (40% ratio), whereas Communities and Crime has 18 protected out of 128 features (14% ratio) and Adult has 3 out of 14 (21% ratio). This higher protected-feature density in Law School constrains the optimization space more tightly, leading to the distinct convergence behavior shown in panels (a) and (b) compared to other datasets.","Figure 2 panels (a) and (b) show convergence behavior for the Law School dataset with error and fairness violation metrics. Table 1 indicates Law School has 2053 instances with 10 features and 4 protected features (Race, Income, Age, Gender). The convergence pattern's stability depends on the ratio of protected features to total features, which is higher for Law School than other datasets."
l1_de_1808.08166_0175,1808.08166,1808.08166_xl_0068,figure+table,table,figure,1,discrepancy_analysis,False,anchor_leakage,silver,What explains the Adult dataset's convergence trajectory when starting from the highest baseline performance among all evaluated datasets?,"The Adult dataset has a baseline of 0.50, compared to 0.30 for Communities and Crime, 0.49 for Law School, and 0.47 for Student. Starting from this highest baseline, the Adult dataset's convergence in panels (c) and (d) shows limited error reduction because the algorithm has less room for improvement, constrained by the already strong baseline predictor.","Figure 2 panels (c) and (d) display convergence for the Adult dataset with gamma values ranging from 0 to 0.03. Table 1 shows Adult has a baseline of 0.50, which is the highest among all four datasets. The baseline performance constrains how much improvement the SUBGROUP algorithm can achieve during convergence."
l1_de_2109.03952_0176,2109.03952,2109.03952_xl_0153,figure+formula,formula,figure,1,causal_explanation,False,weak_reasoning_connector,silver,Why does zeroing attention weights for feature subsets produce tightly clustered outcomes at lower accuracy rather than scattered degradation?,"Zeroing attention weights eliminates specific feature contributions, forcing the model to rely on remaining features. The tanh activation in the formula bounds the compensation capacity of remaining features, preventing them from arbitrarily scaling to recover lost information. This bounded compensation mechanism constrains both the mean accuracy drop and the variance of outcomes, producing the tight cluster observed at lower accuracy and standard deviation compared to the original model outcome.","The figure shows that zeroing attention weights for features 1 and 2 produces outcomes clustered at lower accuracy and lower standard deviation compared to the original model outcome. The formula contains a tanh activation function applied to weighted feature combinations, which bounds the contribution of individual features. When attention weights are zeroed, the tanh nonlinearity prevents unbounded compensation by remaining features, constraining both accuracy and variance."
l1_de_2109.03952_0177,2109.03952,2109.03952_xl_0153,figure+formula,formula,figure,1,discrepancy_analysis,True,,silver,Which mathematical parameter governs the separation magnitude between original and feature-zeroed outcomes across both accuracy and standard deviation dimensions?,"The alpha parameter in the formula governs feature importance weighting in the model's prediction function. When attention weights are zeroed for specific features, the alpha-weighted terms determine how much predictive capacity is lost, directly controlling the accuracy drop. Additionally, alpha modulates the contribution variance of each feature, so removing alpha-weighted features reduces outcome variability, consistent with the lower standard deviation observed for zeroed outcomes compared to the original model at 0.8 standard deviation.","The figure displays multiple outcomes labeled with different feature indices, indicating selective feature removal through attention weight zeroing. The formula includes a weighted combination term with parameter alpha controlling feature importance. The separation between original and zeroed outcomes in accuracy-standard deviation space reflects how the alpha-weighted terms modulate both predictive performance and outcome variability when features are systematically removed."
l1_de_2109.03952_0178,2109.03952,2109.03952_xl_0154,figure+formula,formula,figure,1,discrepancy_analysis,True,,silver,Why does the attention-based mitigation achieve lower parity difference than FCRL at similar accuracy levels on Heritage Health?,"The attention method achieves lower parity difference because the tanh-based attention weighting mechanism selectively reduces contributions from bias-inducing features rather than applying global constraints. This feature-level modulation allows the model to maintain predictive accuracy on non-sensitive features while suppressing unfair correlations, whereas FCRL applies uniform fairness penalties that degrade overall accuracy. The resulting trade-off curve shows the attention approach can reach parity differences below 0.4 at accuracies around 0.75, compared to FCRL's higher parity values at similar accuracy.","The Attention (Ours) method achieves a distinct accuracy-parity trade-off curve that differs from FCRL and MaxEnt-ARL, showing lower parity difference at comparable accuracy levels. The tanh-based attention weighting mechanism in the formula modulates feature contributions, enabling selective suppression of bias-contributing features. This selective modulation explains why the attention approach can reduce parity difference without the sharp accuracy degradation observed in methods that apply global fairness constraints."
l1_de_2109.03952_0179,2109.03952,2109.03952_xl_0154,figure+formula,formula,figure,1,causal_explanation,True,,silver,What mathematical property allows the attention method to traverse a more gradual accuracy-parity trade-off than MIFR's steeper descent?,"The alpha parameter in the attention formula provides adjustable scaling of attention weight reduction, allowing fine-grained control over how strongly bias-contributing features are suppressed. This continuous scaling enables the attention method to traverse the trade-off space gradually, whereas MIFR's steeper descent suggests a less flexible fairness mechanism. The attention curve shows a smoother transition from high accuracy (~0.82) to lower parity difference (~0.3), compared to MIFR's more abrupt drop in the same accuracy range.","MIFR shows a steeper accuracy-parity trade-off slope than the attention method, with both methods starting from similar high-accuracy regions but MIFR descending more rapidly in parity difference. The alpha parameter in the formula controls the strength of attention weight reduction applied to bias-contributing features. This adjustable scaling explains how the attention method can traverse the trade-off space more gradually, offering finer-grained control over the accuracy-fairness balance compared to MIFR's steeper descent."
l1_de_2109.03952_0180,2109.03952,2109.03952_xl_0155,figure+formula,formula,figure,1,discrepancy_analysis,False,numeric_leakage,silver,Why does the attention-based method achieve tighter equality opportunity clustering at 0.84 accuracy compared to mutual information methods with wider EQOP spread?,"The attention mechanism uses tanh-bounded weights to control feature contributions, enabling precise suppression of bias-inducing features while preserving accuracy-relevant information. In contrast, mutual information methods lack this fine-grained feature-level control, resulting in coarser trade-offs. This explains why Attention (Ours) clusters tightly around EQOP 0.02-0.18 at 0.84 accuracy, whereas MIFR exhibits wider EQOP spread (0.05-0.25) at comparable accuracy levels.","The figure shows Attention (Ours) achieves accuracy-fairness trade-offs clustered near 0.84 accuracy with EQOP values ranging from 0.02 to 0.18, while MIFR shows higher EQOP (0.05-0.25) at similar accuracy. The formula contains a tanh activation applied to feature representations, which bounds the attention weights. The bounded attention mechanism enables fine-grained control over feature contributions, allowing the model to suppress bias-contributing features while maintaining predictive accuracy, explaining the tighter EQOP clustering."
l1_de_2109.03952_0181,2109.03952,2109.03952_xl_0155,figure+formula,formula,figure,1,causal_explanation,False,anchor_leakage,silver,How do the alpha-weighted feature representations determine which specific words receive green highlighting as top prediction contributors in the bio text classification?,"The formula computes alpha weights that are applied to feature representations through tanh activation, producing normalized attention scores for each word token. Words with highest alpha-weighted scores are selected as top contributors and highlighted in green, because these weights directly quantify each token's influence on the final prediction. This mechanism enables the model to identify bias-contributing words (e.g., gendered terms) that drive unfair classification outcomes, as demonstrated by the green-highlighted regions in the bio texts.","The figure highlights green regions representing top three words the model used for prediction based on attention weights, demonstrating interpretable feature selection. The formula contains alpha weights that modulate feature importance through a tanh-bounded transformation. The alpha-weighted attention mechanism directly determines which features (words) receive highest weights, enabling the model to identify and visualize bias-contributing tokens as shown in the green highlighting."
l1_de_1802.08139_0182,1802.08139,1802.08139_xl_0039,formula+table,formula,table,1,causal_explanation,True,,silver,Why do the MMD values for latent representations drop by orders of magnitude between early and late training steps under the two-stage penalization approach?,"The MMD values decrease from 13.31 to 6.31 (for H_m) and from 3.73 to 0.22 (for H_l) because the two-stage approach applies beta=0 for the first 5,000 steps (no penalization), then beta=1000 for remaining steps, allowing the Monte-Carlo approximation with I=500 samples to enforce fairness constraints progressively. This staged penalization strategy prevents early training instability while achieving strong fairness guarantees in later stages.","The Monte-Carlo approximation with I=500 samples is used to compute the MMD penalization term. The table shows MMD values decreasing across training steps (5,000 to 20,000) for different latent representations. The two-stage approach (beta=0 then beta=1000) causes the MMD values to drop dramatically after initial training without penalization."
l1_de_1802.08139_0183,1802.08139,1802.08139_xl_0039,formula+table,formula,table,1,discrepancy_analysis,True,,silver,How does enforcing stronger fairness constraints through MMD penalization explain the seven-point accuracy degradation observed across extended training?,"Fair test accuracy drops from 81.66% to 73.98% (7.68 percentage points) as MMD values for H_m decrease from 13.31 to 6.31, consistent with the fairness-accuracy tradeoff inherent in the MMD penalization framework. The Monte-Carlo approximation with beta=1000 aggressively removes protected attribute information from latent representations, sacrificing predictive power to achieve fairness despite the two-stage training strategy.",The formula describes the fairness constraint through MMD penalization applied to latent variables. The table reveals that fair test accuracy drops from 81.66% to 73.98% while MMD values for H_m decrease from 13.31 to 6.31. This accuracy-fairness tradeoff occurs because stronger MMD enforcement removes discriminatory information but also predictive signal.
l1_de_1803.04383_0184,1803.04383,1803.04383_xl_0040,figure+formula,formula,figure,1,causal_explanation,True,,silver,Why do the three utility curves reach their maxima at different selection rates despite operating on the same underlying score distribution?,"The three utility curves peak at different selection rates because each fairness criterion imposes distinct constraints on the joint optimization over groups. The quantile function formulation transforms threshold policies into selection-rate-dependent utilities, allowing each fairness rule (MaxUtil unconstrained, DemParity rate-matching, EqOpt equalized thresholds) to independently determine its optimal acceptance rate. This structural difference in constraints causes the utility maxima to shift along the selection rate axis, with unconstrained MaxUtil optimizing earliest due to fewer restrictions.","The bottom panel shows three distinct utility curves (MU, DP, EQ) that peak at different selection rates, with MU peaking earliest. The quantile function formulation allows expressing utility as a function of selection rate rather than threshold. This enables comparing how different fairness constraints shift the optimal selection rate by transforming the optimization domain."
l1_de_1803.04383_0185,1803.04383,1803.04383_xl_0040,figure+formula,formula,figure,1,discrepancy_analysis,True,,silver,How does the concave shape of the outcome curve determine which fairness-constrained policies achieve higher outcomes than the unconstrained maximum-utility policy?,"The concave outcome curve shape determines improvement potential because fairness constraints shift selection rates away from the unconstrained MaxUtil optimum. When MaxUtil operates on the rising portion of the concave curve (left of the peak), fairness constraints like DemParity that increase selection rates move rightward toward the outcome maximum, achieving relative improvement. The quantile-based formulation enables this analysis by expressing outcome Δμ as a concave function of selection rate β, where the curvature dictates whether constraint-induced shifts increase or decrease outcomes compared to the unconstrained policy.","The top panel shows the outcome curve Δμ rising to a peak then declining back to zero at β=1, exhibiting concavity. The quantile function framework enables analyzing outcome as a function of selection rate, and concavity properties determine whether fairness constraints can improve outcomes relative to unconstrained policies. The marked positions (MaxUtil, EqOpt, DemParity) indicate where different policies operate on this concave curve."
l1_de_1803.04383_0186,1803.04383,1803.04383_xl_0041,figure+formula,formula,figure,1,discrepancy_analysis,True,,silver,Why does the equal opportunity constraint trace a curved path rather than following the linear diagonal trajectory of demographic parity?,"The EqOpt curve is nonlinear because it follows the graph of the group-conditional outcome transformation function, which maps group A selection rates to group B selection rates through score distributions. In contrast, DemParity constrains both groups to identical selection rates, forming a straight line with slope 1. The curvature arises from the upper quantile function Q, which relates selection rates to score thresholds through the cumulative distribution, creating a concave mapping when outcome distributions differ between groups. This mathematical relationship produces the curved constraint surface visible in the contour plot, whereas DemParity's equality constraint yields a linear path.","The EqOpt curve in the contour plot is nonlinear and concave, while the DemParity constraint is a straight diagonal line. The formula defines the partial derivative of utility with respect to selection rate using the upper quantile function Q, which determines the curvature of the outcome curve. The concavity of the EqOpt curve arises because the quantile function maps selection rates to score thresholds nonlinearly, creating the curved constraint surface."
l1_de_1803.04383_0187,1803.04383,1803.04383_xl_0041,figure+formula,formula,figure,1,causal_explanation,True,,silver,How do asymmetric optimal selection rates at the maximum utility point emerge from the quantile-based derivative structure?,"The MU point on the EqOpt curve shows group B selection rate approximately 0.7 while group A is near 0.2, demonstrating asymmetric optima. This asymmetry arises because the partial derivative of utility incorporates the upper quantile function Q, which maps selection rates to score thresholds differently for each group based on their distinct score distributions. Under EqOpt, the constraint requires equal outcome rates rather than equal selection rates, so the quantile function produces different thresholds that yield the curved constraint path. Maximum utility occurs where the gradient aligns with this curved constraint, naturally producing asymmetric selection rates that reflect the underlying distributional differences between groups.","The MU point lies on the EqOpt curve at a higher group B selection rate than group A selection rate, indicating asymmetric optimal thresholds. The formula's partial derivative with respect to selection rate incorporates the quantile function, which depends on group-specific score distributions. When maximizing utility under EqOpt, the optimal selection rates differ between groups because the quantile function maps different score thresholds to achieve the same outcome rate, creating the curved constraint that passes through MU."
l1_de_1803.04383_0188,1803.04383,1803.04383_xl_0042,figure+formula,formula,figure,1,discrepancy_analysis,True,,silver,Why do identical selection rates produce asymmetric utility outcomes between the two groups despite both curves reaching similar maxima?,"The solid and dashed curves exhibit different concavity profiles: the dashed curve rises steeply early (high payback at low scores) whereas the solid curve remains flat until mid-range scores. The upper quantile function Q maps selection rates to score cutoffs independently for each group, meaning the same selection rate accesses different regions of each payback curve. Consequently, a fixed selection rate captures high-utility individuals from the dashed group but low-utility individuals from the solid group, producing asymmetric outcomes despite convergent maxima.","The figure shows two distinct payback curves (solid black vs dashed gray) with different concavity profiles across the credit score distribution. The upper quantile function Q in the formula allows specification of thresholds in terms of selection rate, which directly determines which portion of each group's payback curve is accessed. The divergence in curve shapes means identical selection rates yield different utility outcomes between groups."
l1_de_1803.04383_0189,1803.04383,1803.04383_xl_0042,figure+formula,formula,figure,1,causal_explanation,True,,silver,How does the delayed rise in the solid curve compared to the steep early ascent in the dashed curve affect concavity requirements for threshold optimization?,"The dashed curve's steep early rise (payback 0.2 to 0.8 within CDF 0.0-0.4) suggests strong concavity in the low-selection regime, whereas the solid curve's flat plateau (payback below 0.2 until CDF≈0.5) indicates weak or absent concavity in that region. The quantile functions introduced in the formula enable threshold specification that depends on the outcome curve's concavity: concave regions allow efficient selection via quantile cutoffs, while flat regions require higher selection rates to achieve comparable utility. This structural difference means the two groups require distinct quantile-based strategies to satisfy fairness constraints under identical selection rates.","The figure displays empirical payback rates stratified by group (solid vs dashed curves) with markedly different functional forms in the low-to-mid CDF region. The formula introduces left and right quantile functions to specify thresholds, which requires understanding the concavity properties of the outcome curve. The steep early rise in the dashed curve versus the delayed rise in the solid curve directly impacts whether the outcome curve satisfies concavity assumptions needed for quantile-based threshold optimization."
l1_de_1803.04383_0190,1803.04383,1803.04383_xl_0044,figure+formula,figure,formula,1,discrepancy_analysis,True,,silver,Why do the three utility curves reach their maxima at different selection rates despite optimizing the same institutional objective?,"The three curves optimize institutional utility under different fairness constraints, which modify the feasible selection rate region for each group. MaxUtil (MU) maximizes unconstrained utility, while Demographic Parity (DP) and Equal Opportunity (EQ) impose additional constraints that shift the optimal selection rate. These constraints alter the utility function's curvature because they couple the selection rates across groups, forcing trade-offs that move the peak location compared to the unconstrained case.","The bottom panel shows three distinct utility curves (MU, DP, EQ) with different peak locations along the selection rate axis. The formula defines institutional utility as a function of selection rate and threshold policy. The spatial separation of these maxima directly reflects how different fairness constraints alter the utility optimization landscape."
l1_de_1803.04383_0191,1803.04383,1803.04383_xl_0044,figure+formula,figure,formula,1,causal_explanation,False,weak_reasoning_connector,silver,How do three distinct threshold markers on a single outcome curve correspond to different fairness criteria when the underlying outcome function remains unchanged?,"The outcome curve represents expected outcome as a function of selection rate for one group, which is determined solely by the score distribution and threshold policy. The three markers (MaxUtil, EqOpt, DemParity) identify selection rates where different fairness constraints are satisfied: MaxUtil maximizes utility without constraints, EqOpt equalizes true positive rates across groups, and DemParity equalizes acceptance rates. Each criterion imposes a different constraint on the selection rate, yielding distinct operating points on the same outcome curve.","The top panel shows outcome change (Δμ) as a single curve with three marked threshold points (MaxUtil, EqOpt, DemParity) at different selection rates. The formula expresses expected outcome in terms of selection rate for threshold policies. The vertical markers correspond to selection rates where different fairness criteria are satisfied, demonstrating that a single outcome function yields multiple decision points depending on the constraint imposed."
l1_de_1803.04383_0192,1803.04383,1803.04383_xl_0045,figure+formula,figure,formula,1,discrepancy_analysis,True,,silver,Why do the three utility curves reach their maxima at different selection rates despite optimizing the same underlying utility function?,"The three utility curves peak at different selection rates because each fairness criterion (MaxUtil, DemParity, EqOpt) imposes distinct constraints on the group-specific selection rates in the optimization. The partial derivative shows total utility decomposes into group-weighted terms evaluated at group-specific quantiles, so different fairness constraints force different combinations of group selection rates that maximize the aggregate. MaxUtil optimizes independently per group, while demographic parity and equal opportunity constrain the relationship between group A and B selection rates, shifting the location of the overall maximum.","The bottom panel shows three distinct utility curves (MU, DP, EQ) with different peak locations along the selection rate axis. The partial derivative expression decomposes total utility into group-specific contributions weighted by group proportions and evaluated at group-specific quantile functions. The spatial separation of utility maxima arises because each fairness criterion imposes different constraints on how the group-specific terms combine in the derivative."
l1_de_1803.04383_0193,1803.04383,1803.04383_xl_0045,figure+formula,figure,formula,1,causal_explanation,True,,silver,Which mathematical property guarantees the outcome curve exhibits exactly one interior maximum rather than multiple peaks or monotonic growth?,"The outcome curve exhibits exactly one interior maximum because the total utility functional is concave in the selection rates, as stated in the context referencing concavity of the aggregate utility. The partial derivative expression shows utility is a sum of concave functions u applied to group quantile functions, weighted by group proportions. Concavity ensures the derivative crosses zero at most once from positive to negative, producing a unique interior peak rather than multiple local maxima or unbounded growth.","The top panel shows the outcome curve Δμ rises from zero, reaches a single maximum, then declines back toward zero at selection rate 1. The partial derivative formula contains concave utility functions u applied to group quantile functions, and concavity of the aggregate utility functional ensures a unique interior maximum. The single-peaked shape reflects the concavity property propagating through the group-weighted sum."
l1_de_1803.04383_0194,1803.04383,1803.04383_xl_0047,figure+formula,formula,figure,1,discrepancy_analysis,True,,silver,Why does the equal opportunity fairness path follow a curved trajectory rather than the linear diagonal observed for demographic parity?,"The EqOpt curve follows the graph of G^(A→B), which maps group A selection rates to group B rates under equal true positive rate constraints. Because the quantile functions differ between groups, maintaining equal true positive rates requires nonlinear adjustments in selection rates. In contrast, DemParity enforces equal selection rates directly, producing the straight diagonal line with slope 1.","The EqOpt curve in the figure is nonlinear while the DemParity constraint is a straight line with slope 1. The formula defines G^(A→B) as a function mapping group A selection rates to group B rates under equal opportunity. The curvature arises because the quantile function relating score thresholds to selection rates differs between groups, making the equal true positive rate constraint produce a curved trajectory in the selection rate space."
l1_de_1803.04383_0195,1803.04383,1803.04383_xl_0047,figure+formula,formula,figure,1,causal_explanation,False,evidence_spans_incomplete;single_element_answer,silver,How can the maximum utility point on the equal opportunity curve achieve higher total utility than demographic parity at comparable selection rates?,"The MU point on the EqOpt curve reaches a higher utility contour (approximately 0.7 group B rate) compared to the DP line at similar group A selection rates (around 0.2). This occurs because the curved G^(A→B) constraint allows the optimizer to access regions of the utility surface that the linear slope-1 DemParity constraint excludes. The derivative conditions in the formula confirm that the EqOpt curve's curvature can align better with the utility gradient, enabling higher optima.",The figure shows the MU point lies on the EqOpt curve at a higher utility than the DP line achieves at the same group A selection rate. The formula's derivative analysis compares optima positions on the utility curve under different fairness constraints. The MU optimum on the EqOpt curve can dominate the DP optimum because the curved constraint allows exploration of higher-utility regions that the linear diagonal cannot reach.
l1_de_1803.04383_0196,1803.04383,1803.04383_xl_0048,figure+formula,formula,figure,1,discrepancy_analysis,False,numeric_leakage,silver,Why does the solid curve's abrupt transition near CDF 0.5 concentrate optimal threshold selection compared to the dashed curve's gradual rise?,"The solid curve exhibits a sharp payback rate increase concentrated around CDF 0.5, creating a narrow region where marginal utility gains are maximized. In contrast, the dashed curve shows a smooth S-shaped transition starting from CDF 0.2, distributing utility improvements across a broader threshold range. This difference arises because the group-specific payback probability mu_j(t) in the utility function directly determines where threshold-dependent gains concentrate, with steeper gradients yielding narrower optimal regions.","The solid curve shows a sharp transition from near-zero to high payback rates around CDF 0.5, while the dashed curve transitions smoothly starting from CDF 0.2. The utility function depends on group-specific payback probabilities mu_j(t), which determine optimal threshold placement. The abrupt transition in one group creates a narrow high-utility region, while the gradual transition spreads utility gains across a wider threshold range."
l1_de_1803.04383_0197,1803.04383,1803.04383_xl_0048,figure+formula,formula,figure,1,causal_explanation,False,weak_reasoning_connector,silver,How do the converging plateau regions near payback rate 1.0 shift the relative influence of group-specific acceptance rates versus payback probabilities?,"Both curves plateau near payback rate 1.0 at high CDF values, indicating that top-scoring applicants have nearly identical repayment behavior across groups. The utility function combines group-specific acceptance rate tau_j with payback probability mu_j, where marginal gains from mu_j vanish as it approaches 1.0. Consequently, in the plateau region, differences in tau_j dominate utility comparisons, making fairness constraints on acceptance rates more binding compared to regions where mu_j varies steeply.","Both curves plateau near 1.0 at high CDF values, indicating nearly perfect payback rates for top-scoring applicants. The utility maximization depends on the product of acceptance rate tau_j and payback probability mu_j for each group. When mu_j approaches 1.0, further threshold increases yield diminishing marginal utility gains, making fairness constraints more influential in determining optimal thresholds."
l1_de_1803.04383_0198,1803.04383,1803.04383_xl_0050,figure+formula,formula,figure,1,discrepancy_analysis,True,,silver,Why does the EqOpt feasible path exhibit curvature instead of following a linear trajectory like DemParity?,"The EqOpt curve is nonlinear because the partial derivative of utility along this constraint combines weighted upper quantile functions from both groups, creating curvature when group score distributions differ. In contrast, DemParity constrains selection rates to be equal across groups, which geometrically corresponds to a straight line with slope 1 in the selection rate space. The formula shows that EqOpt depends on the graph of the outcome transfer function between groups, whereas DemParity imposes a simple equality constraint independent of score distributions.","The EqOpt curve in the contour plot is nonlinear and deviates from the diagonal, while DemParity follows a straight line with slope 1. The partial derivative formula for utility along the EqOpt constraint involves weighted quantile functions from both groups, which creates curvature when group distributions differ. This mathematical structure explains why the EqOpt feasible region is a curved path rather than linear."
l1_de_1803.04383_0199,1803.04383,1803.04383_xl_0050,figure+formula,formula,figure,1,causal_explanation,False,weak_reasoning_connector,silver,How does restricting optimization to one-dimensional curves reduce the degrees of freedom compared to unconstrained utility maximization?,"The contour plot demonstrates that fairness constraints confine feasible solutions to one-dimensional curves (the DP line or EO curve) within the two-dimensional selection rate space, reducing optimization from two independent selection rates to a single parameter. The partial derivative formula operationalizes this reduction by expressing utility gradients in terms of a single threshold parameter beta that simultaneously determines both group selection rates along the constrained path. This contrasts with unconstrained optimization, which would allow independent selection of rates for each group across the full two-dimensional space.",The contour plot shows that utility optimization under fairness constraints is restricted to one-dimensional curves (DP line or EO curve) rather than exploring the full two-dimensional selection rate space. The partial derivative formula evaluates utility gradients along these constrained paths using quantile functions at a common threshold parameter beta. This mathematical structure reveals that fairness constraints reduce the optimization problem from two degrees of freedom to a single-parameter family of solutions.
l1_de_1803.04383_0200,1803.04383,1803.04383_xl_0051,figure+formula,formula,figure,1,discrepancy_analysis,False,numeric_leakage;single_element_answer,silver,Why do the two payback curves diverge most sharply between CDF 0.2 and 0.6 when the gradient combines group-weighted success probabilities?,"The sharp divergence occurs because the dashed group exhibits rapidly increasing payback rates (from ~0.3 to ~0.95) while the solid group remains nearly flat (~0.05 to ~0.15) in this CDF range. The gradient formula weights each group's success probability Q^+ by its population proportion g, so the optimizer experiences conflicting directional signals: increasing thresholds benefits the dashed group substantially but yields minimal utility gain for the solid group. This creates the steepest trade-off region where the concave utility function must balance heterogeneous group-specific returns.","The figure shows two distinct payback rate curves (solid vs dashed) that diverge significantly in the mid-CDF range, with the dashed curve reaching saturation near 1.0 while the solid curve remains below 0.2 at CDF=0.5. The formula contains group-specific success probability terms Q_A^+ and Q_B^+ weighted by group proportions g_A and g_B in the utility gradient. The divergence in empirical payback rates between groups directly determines the magnitude difference in these weighted gradient components, affecting how the optimizer balances utility across groups."
l1_de_1803.04383_0201,1803.04383,1803.04383_xl_0051,figure+formula,formula,figure,1,causal_explanation,False,numeric_leakage,silver,How does concavity of the utility function explain the plateau behavior observed in both payback curves as CDF exceeds 0.8?,"Both curves exhibit flattening as CDF exceeds 0.8, with the dashed curve reaching ~0.98 and the solid curve approaching 1.0, indicating diminishing incremental payback gains. The formula applies a concave utility function u to the success probabilities Q^+, which means the marginal utility derivative u'(Q^+) decreases as Q^+ increases. Consequently, even though higher credit scores (higher CDF) continue to improve payback rates, the optimizer experiences diminishing marginal benefit, consistent with the observed plateau where additional score increases yield minimal utility improvement.","The figure shows both payback curves approaching their respective plateaus (dashed near 1.0, solid near 1.0 at the right edge) as CDF approaches 1.0, indicating diminishing marginal returns. The formula expresses the utility gradient as a concave function u applied to group-specific success probabilities Q^+. Concavity of u implies that as Q^+ approaches its maximum (corresponding to high CDF regions), the marginal utility gain u'(Q^+) decreases, explaining why both curves flatten despite continued increases in credit score."
l1_de_1803.04383_0202,1803.04383,1803.04383_xl_0055,figure+formula,formula,figure,1,discrepancy_analysis,True,,silver,Why do the utility maxima for white and minority groups occur at different selection rates despite sharing the same cost ratio?,"The utility maxima occur at different selection rates because each group's utility curve is plotted while holding the other group's selection rate fixed at β^maxprof, as specified in the optimization constraint. This creates group-specific optimal thresholds that depend on each group's outcome distribution. The spatial separation of peaks reflects that maximizing utility for one group under a fixed selection rate for the other yields different optimal operating points, consistent with the asymmetric outcome curves shown.","The figure shows utility curves for both groups peaking at different selection rates, with the white group peak occurring earlier than the minority group peak. The formula specifies a fixed selection rate β for the non-displayed group when plotting utility curves. This constraint explains why the utility maxima are spatially separated: each group's optimal threshold is computed while holding the other group's selection rate constant at its own optimum."
l1_de_1803.04383_0203,1803.04383,1803.04383_xl_0055,figure+formula,formula,figure,1,causal_explanation,True,,silver,How does the fixed negative cost ratio transform positive outcome values into negative utility at high selection rates?,"The fixed cost ratio u_-/u_+ = -4 weights false positives four times more heavily than true positives in the utility calculation. At high selection rates, the outcome curves show declining but positive values, whereas utility curves turn negative because the increasing false positive rate (weighted by -4) dominates the diminishing true positive gains. This transformation explains why utility curves cross zero around selection rate 0.8, despite outcome curves remaining positive throughout.","The figure displays both outcome curves and utility curves simultaneously, with utility curves derived from outcome curves but exhibiting different shapes (utility curves turn negative while outcome curves plateau). The formula holds the cost ratio u_-/u_+ fixed at -4, which transforms outcome probabilities into utility values. This mathematical transformation explains why utility curves cross zero and become negative at high selection rates where outcome curves remain positive but declining."
l1_de_2005.07293_0204,2005.07293,2005.07293_xl_0113,formula+table,table,formula,1,causal_explanation,False,weak_reasoning_connector,silver,How does the two-layer architecture with tanh activation constrain the parameter optimization space compared to deeper network configurations?,"The architecture uses 256 hidden dimensions with tanh activation followed by 2 output dimensions, constraining theta to a relatively compact parameter space. This two-layer design limits the representational capacity compared to deeper networks, directly affecting the minimization landscape the optimization must traverse.",The formula describes a minimization objective over theta parameters. Table 7 specifies a two-layer dense architecture with 256 hidden units using tanh activation and 2-dimensional output. The architectural choices constrain the parameter space theta that the optimization traverses.
l1_de_2005.07293_0205,2005.07293,2005.07293_xl_0113,formula+table,table,formula,1,causal_explanation,False,single_element_answer;weak_reasoning_connector,silver,Why does tanh activation in the hidden layer affect the loss landscape traversal during fairness-accuracy optimization on the Adult dataset?,"The tanh activation introduces bounded non-linearity in the 256-dimensional hidden layer, creating smoother gradients compared to unbounded activations. This affects how the minimization over L navigates the fairness-accuracy tradeoff, as evidenced by the averaged accuracy and fairness gain metrics reported for the Adult dataset with this specific architecture.","The optimization objective involves minimizing over L and theta. The table shows tanh activation in the hidden layer, which introduces non-linearity affecting gradient flow. The choice of activation function directly impacts how the loss landscape L is navigated during parameter updates."
l1_de_2005.07293_0206,2005.07293,2005.07293_xl_0115,formula+table,formula,table,1,causal_explanation,True,,silver,Why does the minimization framework yield statistically significant fairness improvements for Equity loss compared to Parity and Classifier losses across all beta values?,"The minimization objective over theta with parameter L enables Equity loss to achieve p-values below 0.05 for both COMPAS and Adult datasets across all beta values, demonstrating statistically significant fairness gains compared to Parity and Classifier losses due to the optimization structure that directly targets fairness constraints.",The formula defines a minimization objective over theta with parameter L. The table reports p-values from Mann-Whitney U tests comparing Equity loss against Parity and Classifier losses across different beta values. The query connects the optimization framework to the statistical significance patterns observed for fairness gains.
l1_de_2005.07293_0207,2005.07293,2005.07293_xl_0115,formula+table,formula,table,1,discrepancy_analysis,True,,silver,How does the theta parameterization in the optimization objective explain the beta-dependent trade-off between fairness gain and test accuracy degradation observed empirically?,"The theta parameterization enables the optimization to balance fairness and accuracy, where larger beta values shift the objective toward fairness constraints, resulting in statistically significant fairness gains (p < 0.05) but non-significant accuracy loss, consistent with the flexible weighting mechanism in the minimization framework.",The formula represents the optimization objective with theta as the learnable parameter. The table shows that larger beta values produce greater fairness gains but also test accuracy degradation. The query explores how the parameter structure in the optimization relates to the beta-dependent trade-off pattern.
l1_de_2005.07293_0208,2005.07293,2005.07293_xl_0116,formula+table,formula,table,1,discrepancy_analysis,False,single_element_answer,silver,Why does statistical significance strengthen monotonically with increasing regularization strength in COMPAS whereas Adult dataset exhibits uniform significance across most settings?,"Because COMPAS dataset shows p-values decreasing from 0.2725 (beta=0.1) to 0.0008 (beta=0.9) for Parity loss, indicating gradual significance emergence as the optimization constraint tightens, whereas Adult dataset reaches minimal p-values (9.1e-05) at beta=0.4 and maintains them, consistent with faster convergence under the minimization objective.","The formula describes minimization over theta (model parameters). The table shows p-values testing statistical significance of Equity loss degradation versus Parity and Classifier losses across beta values. As beta increases from 0.1 to 0.9, COMPAS p-values decrease dramatically (0.2725 to 0.0008 for Parity), while Adult dataset shows consistently low p-values (9.1e-05) across most beta values, indicating different convergence behaviors."
l1_de_2005.07293_0209,2005.07293,2005.07293_xl_0116,formula+table,formula,table,1,causal_explanation,False,single_element_answer,silver,How does the optimization constraint affect the convergence gap between Parity and Classifier losses differently at weak versus strong regularization?,"At beta=0.1, COMPAS shows a large gap (Parity p-value 0.2725 versus Classifier 0.5151), but at beta=0.9 the gap narrows (0.0008 versus 0.0069), because stronger regularization in the minimization objective forces both loss functions toward similar parameter configurations, reducing their statistical divergence.","The optimization objective (min over theta) should produce similar convergence patterns for both loss types (Parity and Classifier) under the same beta regime. The table reveals that COMPAS Parity and Classifier p-values diverge at low beta (0.2725 vs 0.5151 at beta=0.1) but converge at high beta (0.0008 vs 0.0069 at beta=0.9), suggesting different sensitivity to the optimization constraint strength."
l1_de_1801.07593_0210,1801.07593,1801.07593_xl_0035,formula+table,formula,table,1,causal_explanation,False,numeric_leakage;anchor_leakage,silver,Why does the adversary loss term cause the false positive count for females to increase from 120 to 313 when debiasing is applied?,"The adversary loss term attempts to increase the adversary's loss and prevents the predictor from moving in directions that help the adversary, forcing the predictor to change its predictions to enforce equality of odds. This results in the false positive count for females increasing from 120 (without debiasing) to 313 (with debiasing) because the predictor must balance error rates across sex subgroups. The debiasing mechanism trades off some accuracy to achieve approximately equal FNR and FPR values across subgroups.","The formula includes an adversary loss term that attempts to increase adversary loss, preventing the predictor from helping the adversary. The table shows confusion matrices with and without debiasing, where debiasing changes the prediction distribution. The connection is that the adversary loss term causes the predictor to change its predictions to enforce fairness constraints, resulting in the shift from 120 to 313 false positives for females."
l1_de_1801.07593_0211,1801.07593,1801.07593_xl_0035,formula+table,formula,table,1,discrepancy_analysis,True,,silver,How does the projection term constraining predictor movement explain the asymmetric true negative shifts between male and female subgroups under debiasing?,"The projection term prevents the predictor from moving in directions that help the adversary decrease its loss, constraining updates to enforce equality of odds. Males show a smaller relative change in true negatives (6907 to 7071, +2.4%) compared to females (4711 to 4518, -4.1%) because the constraint must balance error rates across subgroups. This asymmetric adjustment is necessary to achieve approximately equal FNR and FPR values across sex subgroups, as the baseline distributions were highly imbalanced.","The formula includes a projection term that prevents the predictor from moving in directions that help the adversary decrease its loss. The table shows males have much higher true negatives (6907 vs 4711 for females) without debiasing. The projection term constrains predictor updates to maintain fairness, which explains why males show a smaller relative change in true negatives (6907 to 7071) compared to females (4711 to 4518) when debiasing is enforced."
l1_de_1801.07593_0212,1801.07593,1801.07593_xl_0036,formula+table,formula,table,1,causal_explanation,True,,silver,Why does the adversarial loss term reduce the false positive rate gap between female and male subgroups compared to the baseline?,"The adversarial loss term increases the adversary's loss, forcing the predictor to learn debiased representations. With debiasing, the FPR gap between females (0.0647) and males (0.0701) is 0.0054, whereas without debiasing the gap is 0.0675 (0.1875 vs 0.1200), demonstrating that the adversarial component constrains the predictor to achieve more equitable error rates across protected groups.","The formula includes an adversarial loss term that attempts to increase the adversary's loss, forcing the predictor to learn representations that deceive the adversary. The table shows FPR and FNR rates with and without adversarial debiasing across sex subgroups. The connection examines whether the adversarial term successfully reduces the disparity in error rates between male and female subgroups."
l1_de_1801.07593_0213,1801.07593,1801.07593_xl_0036,formula+table,formula,table,1,discrepancy_analysis,True,,silver,How does the projection term preventing adversary loss reduction explain the elevated female false negative rate under adversarial debiasing?,"The projection term constrains the predictor to avoid directions that help the adversary, forcing trade-offs in prediction accuracy to achieve fairness. Female FNR increases from 0.0651 without debiasing to 0.4458 with debiasing, whereas male FNR increases from 0.1828 to 0.4349, consistent with the projection constraint limiting the predictor's optimization freedom to enforce equality of odds across protected groups.","The formula's projection term prevents the predictor from moving in directions that help the adversary decrease its loss, constraining optimization to directions orthogonal to adversarial gradients. The table shows FNR values with and without debiasing. The query investigates whether this projection constraint explains the observed increase in female FNR when debiasing is applied."
l1_de_1805.11202_0214,1805.11202,1805.11202_xl_0063,figure+table,figure,table,1,causal_explanation,False,anchor_leakage,silver,Which Euclidean distance metric quantifies the tight diagonal alignment observed in the joint probability comparison for SYN4-FairGAN?,"The metric ||P_data(x,y) - P_G(x,y)||_2 quantifies the diagonal alignment, with SYN4-FairGAN achieving 0.0231±0.0003, which is the lowest among all methods. This low distance corresponds to the tight clustering of points along the diagonal, indicating accurate joint distribution matching between generated and real data.","The scatter plot shows the joint distribution alignment between SYN4-FairGAN generated data and real data, with points closely following the diagonal. The table quantifies this alignment through Euclidean distance metrics for joint and conditional probabilities across different GAN variants. The visual tightness around the diagonal must correspond to the specific distance metric that demonstrates SYN4-FairGAN's distributional fidelity."
l1_de_1805.11202_0215,1805.11202,1805.11202_xl_0063,figure+table,figure,table,1,discrepancy_analysis,False,anchor_leakage,silver,How do the conditional probability distances for different sensitive attribute values compare to the overall joint distribution distance in SYN4-FairGAN?,"SYN4-FairGAN achieves ||P_data(x,y|s=1) - P_G(x,y|s=1)||_2 = 0.0111±0.0004 and ||P_data(x,y|s=0) - P_G(x,y,s=0)||_2 = 0.0176±0.0005, both lower than the joint distance 0.0231±0.0003. This indicates that conditional distributions within each sensitive group are better preserved than the overall joint distribution, consistent with the fairness objective of balanced representation across groups.","The scatter plot demonstrates SYN4-FairGAN's ability to reproduce the joint distribution between features and labels. The table provides conditional probability distances for different sensitive attribute values (s=1 and s=0), which are critical for fairness evaluation. Comparing these conditional distances to the joint distance reveals whether fairness is achieved through balanced representation across sensitive groups."
l1_de_1805.11202_0216,1805.11202,1805.11202_xl_0064,figure+table,figure,table,1,causal_explanation,True,,silver,Why does SYN1-GAN exhibit tighter clustering along the diagonal compared to the dispersion at lower probability regions when examining joint versus conditional probability distances?,"SYN1-GAN achieves joint probability distance of 0.0231±0.0003, whereas its conditional distances are 0.0108±0.0002 for s=1 and 0.0166±0.0002 for s=0. The tighter diagonal clustering reflects lower conditional distance for s=1, while dispersion at lower values corresponds to higher distance for s=0, indicating better preservation of conditional structure in the protected attribute subgroup.","The scatter plot shows SYN1-GAN's generated data points clustering along a diagonal trend with some dispersion, particularly at lower values. The table reports Euclidean distances for different probability measures, with SYN1-GAN showing 0.0231±0.0003 for joint probability distance. The visual dispersion pattern must be quantitatively explained by comparing this joint probability distance to the conditional probability distances that capture attribute relationships."
l1_de_1805.11202_0217,1805.11202,1805.11202_xl_0064,figure+table,figure,table,1,hypothesis_verification,True,,silver,What explains the strong linear alignment between generated and real joint probabilities relative to the combined joint-conditional distance metric across different GAN architectures?,"SYN1-GAN's strong linear alignment corresponds to its joint-conditional distance of 0.0198±0.0002, which is lower than SYN2-NFGANI (0.0227±0.0003) and SYN3-NFGANII (0.0232±0.0006). This demonstrates that tighter visual correlation is consistent with smaller combined distance, indicating SYN1-GAN better preserves both marginal and conditional probability structures compared to the NFGAN variants.","The scatter plot displays a strong linear correlation between PG(x,y) and Pdata(x,y) for SYN1-GAN, with most points near the fitted line. The table shows SYN1-GAN's joint-conditional distance of 0.0198±0.0002 is lower than other methods like SYN2-NFGANI (0.0227±0.0003). The visual linearity must be connected to whether this combined distance metric reflects better overall distributional alignment than competing methods."
l1_de_1805.11202_0218,1805.11202,1805.11202_xl_0065,figure+table,figure,table,1,discrepancy_analysis,False,template_shortcut,silver,Which method achieves the smallest joint probability distance that corresponds to the tightest clustering around the diagonal in the probability comparison?,"SYN1-GAN achieves the smallest Euclidean distance of 0.0231±0.0003 for ||Pdata(x,y) - PG(x,y)||2, consistent with the tightest linear alignment observed in the scatter plot where points cluster most closely to the diagonal reference line.","The scatter plot shows a tight linear relationship between real and synthetic joint probabilities with minimal deviation from the diagonal. The table reports Euclidean distance for joint probability between Pdata(x,y) and PG(x,y) across all four methods. The visual tightness must correspond to the specific distance metric that quantifies this distributional similarity."
l1_de_1805.11202_0219,1805.11202,1805.11202_xl_0065,figure+table,figure,table,1,causal_explanation,True,,silver,"Why does SYN4-FairGAN produce the lowest conditional probability distance when the sensitive attribute is fixed at one, despite other methods showing similar visual patterns?","SYN4-FairGAN achieves 0.0111±0.0004 for ||Pdata(x,y|s=1) - PG(x,y|s=1)||2, the lowest among all methods, because it explicitly optimizes fairness constraints during generation. This is compared with 0.0108±0.0002 for SYN1-GAN and 0.0118±0.0003 for SYN2-NFGANI, demonstrating FairGAN's superior conditional distribution matching under the sensitive attribute constraint.","The scatter plot demonstrates strong correlation between real and synthetic conditional probabilities when sensitive attribute equals one. The table provides Euclidean distances for conditional probability ||Pdata(x,y|s=1) - PG(x,y|s=1)||2 across all generative methods. The visual correlation strength must be explained by the numerical distance values that measure conditional distribution matching."
l1_de_1810.08683_0220,1810.08683,1810.08683_xl_0082,figure+table,table,figure,1,causal_explanation,True,,silver,Why does accuracy degrade sharply at extreme regularization strengths despite the peak performance observed when sensitive features are included in the MTL framework?,"Accuracy degrades sharply because at λ=1 (extreme regularization), the fairness constraint dominates, reducing ACC from the peak of approximately 92-93% (around λ=2^-4) to below 70%. This is consistent with the MTL results in the table where P=0, D=1, F=1, S=0 achieves ACC=82.4 with DEOp=0.08, whereas stronger fairness enforcement trades off accuracy for lower EOd values.","The figure shows that ACC peaks around λ=2^-4 and then drops sharply toward λ=1 for D=1 (Gender+Race with sensitive features). The table reports specific ACC values for MTL with different P, D, F, S configurations. The causal link requires identifying which table configuration corresponds to the peak performance and explaining why accuracy degrades at extreme regularization."
l1_de_1810.08683_0221,1810.08683,1810.08683_xl_0082,figure+table,table,figure,1,discrepancy_analysis,True,,silver,What mechanism explains the stable fairness metric when sensitive features are excluded compared to the large variation observed when they are included?,"The stable EOd around 0.05 for D=0 occurs because without sensitive features (F=0), the model cannot directly optimize fairness constraints, resulting in constant bias across all λ values. In contrast, when D=1 with F=1, the table shows EOd varies from 0.07 (P=0,D=0,F=0,S=0) to 0.09 (P=0,D=0,F=1,S=0) for STL ITL, demonstrating that sensitive feature inclusion enables fairness optimization but introduces variability due to the accuracy-fairness tradeoff.","The figure shows that EOd remains nearly constant around 0.05 for D=0 (no sensitive features) across all λ values, whereas EOd varies dramatically from 0.05 to 0.12 for D=1. The table provides specific EOd values for different configurations with and without sensitive features (D=0 vs D=1). The discrepancy requires explaining why fairness metrics behave differently when sensitive features are excluded versus included."
