ResponseId,7040_1,7040_2,7040_3,10020_1,10020_2,10020_3,5550_1,5550_2,5550_3,9010_1,9010_2,9010_3,State,Gender,D2_2_TEXT,Education,Race,D4_8_TEXT,Community,D5_4_TEXT,Age,Political Affiliation,D7_5_TEXT
R_3LZ3idB7sQvGnjo,6.1,6.6,6,,,,,,,,,,nc,Female,,"High school degree or equivalent (e.g., GED)",Black or African-American,,Rural community,,29,Democratic party,
R_vNcg3VjmeKbhXDr,,,,,,,5.6,7.2,5.1,,,,illinois,Male,,Bachelor degree,White,,Suburban community,,28,Democratic party,
R_3G1TvlHFeXt85m6,,,,9,3.3,8.3,,,,,,,Florida,Male,,Associate degree,Black or African-American,,Suburban community,,26,Democratic party,
R_2rISgkYptlcalhV,,,,5,2.9,9,,,,,,,California,Female,,Graduate degree,White,,City or urban community,,26,Democratic party,
R_3I9SkBza0EVCXCu,2.5,5.2,4.6,,,,,,,,,,MO,Male,,Associate degree,White,,Suburban community,,39,Republican Party,
R_NUsUuQE0z4YZIiZ,,,,6.4,6.3,6.2,,,,,,,New Jersey,Female,,Graduate degree,White,,Suburban community,,26,Democratic party,
R_31twkBK4p08HQLS,7,5,7,,,,,,,,,,Pennsylvania,Female,,"High school degree or equivalent (e.g., GED)",White,,Suburban community,,57,Independent,
R_1H7gcGu2unux0Uq,,,,,,,,,,1.8,6.2,7.1,AK,Female,,Associate degree,White,,City or urban community,,41,Independent,
R_ykjDGk1056N1Bu1,,,,,,,,,,2,7.8,7,Kentucky,Male,,Bachelor degree,White,,Suburban community,,36,Democratic party,
R_Uo9zBdTEIDF5L0t,,,,3.1,4.1,7.8,,,,,,,AZ,Female,,"High school degree or equivalent (e.g., GED)",White,,City or urban community,,43,Independent,
R_1g60SeXNVkQ6nXb,,,,,,,1,9,9,,,,Florida,Female,,Associate degree,White,,Suburban community,,44,Republican Party,
R_1obzLKXT53vscgm,,,,,,,1,5,1,,,,Ohio,Female,,Some college but no degree,White,,City or urban community,,52,Democratic party,
R_2fCoQPAQm9usshI,5,6.5,8,,,,,,,,,,Colorado,Female,,Bachelor degree,White,,Rural community,,40,Republican Party,
R_2WujhAAnNNA1dUi,6,6.3,5.9,,,,,,,,,,New York,Male,,Some college but no degree,White,,Suburban community,,19,Democratic party,
R_Doe34OijiCvSlzj,,,,,,,,,,7.4,4,7.7,PA,Female,,Graduate degree,White,,Suburban community,,30,Democratic party,
R_3DubGCHyB3pTgDI,,,,,,,,,,1,5,1.6,IL,Female,,Bachelor degree,White,,Suburban community,,48,Republican Party,
R_22sNqmvHecl7lW9,4.8,5.8,5.7,,,,,,,,,,Arizona,Male,,Some college but no degree,White,,Suburban community,,27,Democratic party,
R_3izlLQk6BoyxP7H,,,,,,,1,7.7,6.5,,,,Washington,Female,,Some college but no degree,"Asian,Asian-American",,City or urban community,,20,"Libertarian Party,Independent",
R_3gSLcwf76zGflrh,,,,,,,,,,8.1,3.5,9,Mi,Female,,Bachelor degree,White,,Rural community,,25,"Libertarian Party,Independent",
R_3iyt1LiWQMNyxpR,,,,5.9,4.3,7.3,,,,,,,MN,Male,,Bachelor degree,White,,Rural community,,20,Republican Party,
R_1pYAbgEgpfavzxJ,,,,,,,,,,6.5,7.2,7.8,MI,Female,,Bachelor degree,White,,City or urban community,,24,Democratic party,
R_3D541iMx50Ll4tl,,,,2,9,2.5,,,,,,,California,Female,,Bachelor degree,White,,Suburban community,,27,Democratic party,
R_1onJ38ATqTc9xSr,,,,,,,,,,7.5,4,7.6,NY,Male,,Bachelor degree,White,,Suburban community,,29,Republican Party,
R_bCOLnxVKsl110Jj,,,,,,,7.2,8.9,9,,,,North Carolina,Female,,Bachelor degree,White,,Suburban community,,48,Independent,
R_PGIGh8wze37FDkB,,,,,,,,,,2.7,9,8.1,NJ,Female,,Associate degree,White,,Suburban community,,44,Democratic party,
R_3qZDthTRC9gVNQy,,,,,,,4,8.5,9,,,,California,Female,,Graduate degree,White,,Suburban community,,51,Democratic party,
R_1EZJM6bw5q3Uv3h,7.5,3,7.5,,,,,,,,,,Idaho,Female,,Some college but no degree,White,,City or urban community,,39,Democratic party,
R_1K9XUMf7lCBXfWN,6,4.1,8,,,,,,,,,,WA,Female,,Associate degree,White,,Suburban community,,25,Democratic party,
R_ulEa4VKcRVKlPdn,,,,,,,9,9,9,,,,MICHIGAN,Female,,"High school degree or equivalent (e.g., GED)",White,,Suburban community,,58,Democratic party,
R_2aE9Bmo6ePRVWVD,,,,,,,,,,9,2.3,9,NC,Female,,Some college but no degree,White,,Rural community,,66,Independent,
R_YYACUEwCIdg7lst,5.6,3.1,8.3,,,,,,,,,,Washington,Male,,Some college but no degree,White,,Suburban community,,25,Democratic party,
R_2ZKdj987J5bppMm,,,,,,,1.1,5,5.3,,,,California,Female,,Bachelor degree,Asian,,Suburban community,,23,Democratic party,
R_3lXrsE31gY8mrnq,,,,,,,1,9,9,,,,CA,Male,,Bachelor degree,"Spanish, Hispanic, or Latino",,City or urban community,,40,Democratic party,
R_R8DKeCF4bho8aKR,4,1,9,,,,,,,,,,illinois,Female,,Graduate degree,White,,Rural community,,40,Republican Party,
R_0P1fDhp4NXfZtsZ,,,,,,,,,,5.8,3.5,6.2,Ga,Female,,Bachelor degree,White,,Suburban community,,29,Democratic party,
R_3F2mEaQKik1xoUG,,,,,,,,,,1,9,1,md,Female,,Bachelor degree,Asian,,City or urban community,,24,Democratic party,
R_2P72iTr91reOaJ9,,,,3.2,6.6,7.7,,,,,,,Massachusetts,Male,,Graduate degree,White,,Suburban community,,35,Democratic party,
R_71Zm50vWYksdelX,,,,3,4,7,,,,,,,Pennsylvania,Female,,Graduate degree,Black or African-American,,City or urban community,,41,Democratic party,
R_2bj4wcmgZAidPO1,,,,,,,1,3.9,9,,,,Ohio,Female,,"High school degree or equivalent (e.g., GED)",White,,Rural community,,54,Independent,
R_2vkb0MXRBfQr8q3,,,,6,1,7,,,,,,,Ohio,Male,,Some college but no degree,White,,Rural community,,58,Independent,
R_3HC6v3FTuy3bHC5,2.1,4.2,5.5,,,,,,,,,,West Virginia,Male,,Less than high school degree,White,,Rural community,,36,Republican Party,
R_3n0pNBWtrhLv7HO,,,,,,,4,9,9,,,,KS,Male,,Bachelor degree,"Spanish, Hispanic, or Latino",,City or urban community,,53,Democratic party,
R_dpf9lNUXXFUEPxT,4.9,4.7,6.1,,,,,,,,,,ma,Male,,Associate degree,White,,Suburban community,,28,Republican Party,
R_YWHqKRdXEqOudrP,,,,,,,,,,3.2,2.3,8.1,Florida,Male,,Some college but no degree,"Spanish, Hispanic, or Latino",,City or urban community,,32,Democratic party,
R_1OjFR4X9XqOn2R5,,,,7,8.2,9,,,,,,,NewYork,Male,,Some college but no degree,Black or African-American,,City or urban community,,25,Democratic party,
R_RIDutlT1igdOqMp,,,,6.2,3.8,4.5,,,,,,,florida,Female,,"High school degree or equivalent (e.g., GED)",White,,Suburban community,,23,Independent,
R_26hfjaXGhKFJccE,,,,9,1,9,,,,,,,Illinois,Female,,Bachelor degree,White,,Rural community,,42,Democratic party,
R_3MFPxcw6opcIKsN,,,,,,,,,,2.5,7.9,7.8,NC,Male,,Graduate degree,White,,Suburban community,,29,Democratic party,
R_11gy00WTh3JfRqN,2,6,8,,,,,,,,,,Michigan,Female,,Some college but no degree,White,,Rural community,,60,Independent,
R_3dFibMzXgda4a6K,5.2,2.9,9,,,,,,,,,,FL,Male,,Graduate degree,White,,City or urban community,,30,Republican Party,
R_6yCz7PAAeOC14Mp,,,,1,9,5.1,,,,,,,PA,Female,,Graduate degree,White,,City or urban community,,31,Democratic party,
R_3oN3JCnyrSRAAL8,,,,,,,1,6.5,4,,,,Utah,Male,,Bachelor degree,White,,Suburban community,,39,Democratic party,
R_1MWlFqKpXjS627T,,,,,,,1,3,9,,,,Florida,Female,,Bachelor degree,White,,Suburban community,,74,Independent,
R_1Lbp9FQfaOc1osn,,,,1,9,1,,,,,,,Missouri,Male,,Some college but no degree,White,,Suburban community,,46,Independent,
R_e9SEjH55rSsEskp,,,,,,,,,,7.7,3.5,3.5,FL,Female,,Bachelor degree,White,,Suburban community,,50,Republican Party,
R_vAdhYqVNbnzN2yl,,,,7.6,6.7,9,,,,,,,PA,Male,,Graduate degree,White,,City or urban community,,38,Democratic party,
R_3IWtacxrT7zAfxS,,,,,,,1,7.6,9,,,,MA,Male,,Bachelor degree,White,,Suburban community,,32,Independent,
R_3EmvOygnAvYLz5t,,,,,,,,,,7.8,2.9,7.8,NJ,Female,,Bachelor degree,White,,Suburban community,,46,Democratic party,
R_3IRXp61JmUFi28q,,,,,,,9,8.1,9,,,,PA,Female,,Bachelor degree,White,,Suburban community,,37,Republican Party,
R_3ERUij9UVqkSOaJ,9,4.5,9,,,,,,,,,,Penna.,Male,,Bachelor degree,White,,Suburban community,,49,Republican Party,
R_szIJ5ZQuMlOKUCZ,,,,,,,2.9,7.3,9,,,,Missouri,Male,,Some college but no degree,White,,Suburban community,,32,Republican Party,
R_12r7nvOFWtoDHV0,,,,,,,9,4.7,9,,,,North Carolina,Female,,Bachelor degree,"Spanish, Hispanic, or Latino",,Rural community,,27,Republican Party,
R_2X4KhDjaGUrgKlf,,,,7.6,2.1,9,,,,,,,Texas,Female,,Bachelor degree,White,,Rural community,,49,Democratic party,
R_1Qxwy4QjsyAPsVK,,,,,,,6,7.5,8,,,,New Jersey,Female,,Graduate degree,White,,Suburban community,,50,Democratic party,
R_beaYJTSEbIqykGl,1,9,5.8,,,,,,,,,,North Carolina,Female,,Graduate degree,"White,Asian",,Suburban community,,40,Democratic party,
R_2ZETOyaXdXnow7y,2.3,7.4,9,,,,,,,,,,Kansas,Female,,Bachelor degree,White,,City or urban community,,35,Democratic party,
R_1MN9enKZTrXkDvZ,,,,4.9,2.5,8.3,,,,,,,Pennsylvania,Female,,Associate degree,White,,Suburban community,,36,Democratic party,
R_262RS5g3ZWkOBJC,,,,,,,,,,8.3,2.9,8.9,texas,Male,,Bachelor degree,Black or African-American,,Suburban community,,33,Democratic party,
R_3OoJ27ESubvBJaX,,,,5.1,8.1,1.1,,,,,,,NM,Male,,Some college but no degree,"White,American Indian or Alaskan Native",,Suburban community,,59,Independent,
R_1DBIaeu5S2OzXlm,3.8,2.9,6.8,,,,,,,,,,TN,Male,,Associate degree,White,,"City or urban community,Rural community",,30,Democratic party,
R_s5mqJVgKMDTFDmF,3.1,8,3.1,,,,,,,,,,PA,Male,,Associate degree,White,,Suburban community,,30,Republican Party,
R_3dSTnsMlAEpMJJ0,,,,,,,,,,8.2,8.5,8.5,New york,Male,,Bachelor degree,Black or African-American,,City or urban community,,31,Republican Party,
R_1gOXisuOWx3b5vP,,,,,,,,,,5.4,5.1,4.7,ut,Female,,Less than high school degree,White,,City or urban community,,28,Libertarian Party,
R_1oI0t7ILEbndxGW,,,,6.6,7.1,9,,,,,,,SC,Female,,"High school degree or equivalent (e.g., GED)","Spanish, Hispanic, or Latino",,Rural community,,19,Republican Party,
R_1hFOMAT77Rwbt6I,,,,,,,,,,1,7,2,California,Male,,Some college but no degree,"Spanish, Hispanic, or Latino",,Suburban community,,25,Democratic party,
R_3M5UTwZFpU7Ua1Y,,,,,,,,,,1.2,1.5,1.4,NJ,Female,,Graduate degree,"Spanish, Hispanic, or Latino",,Suburban community,,56,Republican Party,
R_1mErYC9j2WlzLju,,,,,,,5,5,1,,,,Missouri,Female,,Bachelor degree,White,,Rural community,,24,Republican Party,
R_OKazhXxDVL5Gucx,,,,1,1.6,1.7,,,,,,,USA,Female,,"High school degree or equivalent (e.g., GED)",Black or African-American,,Suburban community,,47,Democratic party,
R_1rOocASxlAPS3Dd,1.8,7.8,8.1,,,,,,,,,,utah,Male,,Bachelor degree,White,,Suburban community,,39,Democratic party,
R_2sWMX8rtuOwahEW,,,,1,1.9,8.3,,,,,,,Texas,Female,,Graduate degree,White,,Rural community,,23,Green Party,
R_10SOetWZYtfLr8Z,,,,,,,2.8,9,7.3,,,,IL,Female,,Associate degree,White,,Suburban community,,38,Democratic party,
R_3fVI30MtDuYbLS7,,,,6.3,2.8,8.2,,,,,,,Texas,Female,,Bachelor degree,White,,City or urban community,,30,Democratic party,
R_6KyWLO2CL7GdIrf,9,1,9,,,,,,,,,,TX,Female,,Some college but no degree,White,,Suburban community,,36,Independent,
R_1mrfz78xUibCSzF,,,,,,,,,,5.8,5.1,5.3,LA,Male,,Associate degree,White,,City or urban community,,28,"Democratic party,Republican Party",
R_2tF3s2TX95701ZY,4.3,6.9,7.8,,,,,,,,,,Ohio,Female,,Bachelor degree,White,,City or urban community,,27,Democratic party,
R_AiHeWcAlEDsJEw9,,,,,,,1,3.9,9,,,,Colorado,Male,,Some college but no degree,White,,City or urban community,,27,Republican Party,
R_xFtccP0nI8QDzlT,,,,,,,,,,6,2.9,8,Missouri,Male,,Some college but no degree,White,,Rural community,,20,Republican Party,
R_3NL0YIrH32KXv8O,,,,,,,8.2,6.6,6.7,,,,PA,Female,,Associate degree,White,,Suburban community,,43,Independent,
R_2hrQwpOoKTAomEV,9,2,5,,,,,,,,,,New Jersey,Male,,Bachelor degree,White,,City or urban community,,23,Republican Party,
R_9GoPikct59V1OLf,,,,1,5,5,,,,,,,Minneso0ta,Female,,Associate degree,White,,"Suburban community,Rural community",,42,Democratic party,
R_1LA1w9N36ZBZICA,,,,8.9,1,6.6,,,,,,,Mississippi,Female,,Bachelor degree,White,,Suburban community,,46,Republican Party,
R_1jPV5W4joAQp7aP,,,,,,,,,,9,1,8,Arizona,Female,,Associate degree,White,,Suburban community,,25,Democratic party,
R_2YodcyCyjFiGz8K,2,9,3.2,,,,,,,,,,KY,Female,,"High school degree or equivalent (e.g., GED)",White,,Rural community,,25,Independent,
R_1mrWFn2uvVHsDto,,,,,,,2.9,3,5,,,,ILLINOIS,Female,,Graduate degree,White,,City or urban community,,70,Republican Party,
R_0rhbiz9pSskWEMN,,,,,,,6,7.2,8.1,,,,AK,Male,,Associate degree,White,,Rural community,,32,Independent,
R_3GfB41UBIAiHkPQ,1,9,9,,,,,,,,,,Maine,Female,,Bachelor degree,White,,Suburban community,,25,Democratic party,
R_2AFGDaJGo18DO5l,,,,,,,9,4,9,,,,Texas,Male,,Graduate degree,Asian,,Suburban community,,49,Republican Party,
R_1MR5LACcN0MPTU6,,,,3.5,8.7,7.2,,,,,,,Michigan,Female,,Some college but no degree,White,,Suburban community,,49,Democratic party,
R_3sbvbnaZ8iEllrQ,,,,5.1,6.2,7.5,,,,,,,ca,Female,,Some college but no degree,Asian,,Suburban community,,22,Green Party,
R_2D06jvONRNZk1uP,,,,,,,1,4.4,9,,,,NC,Male,,Bachelor degree,White,,Suburban community,,27,Democratic party,
R_1nUPCUMpMAFIKsE,,,,1.2,9,3.6,,,,,,,Michigan,Male,,Bachelor degree,White,,Suburban community,,30,Republican Party,
R_265Qd4CWIheACoP,,,,,,,,,,9,1,2.5,Minnesota,Male,,Bachelor degree,White,,Rural community,,40,Republican Party,
R_2w6MTH3m8Ltr9WJ,,,,,,,,,,2,6.5,3,New Jersey,Male,,Bachelor degree,White,,Suburban community,,34,Republican Party,
R_2ZJEcbGN4QNJbqY,,,,,,,,,,6.1,7.6,3,washington,Male,,Some college but no degree,White,,Rural community,,36,Republican Party,
R_2zUAvoGkrbxfRj6,,,,,,,1,4,6.6,,,,Texas,Male,,Bachelor degree,Black or African-American,,City or urban community,,27,"Democratic party,Independent",
R_5uRDWwhqALaoCQN,,,,1.1,8.1,5.1,,,,,,,NC,Female,,Some college but no degree,White,,Rural community,,22,Independent,
R_3QGLaLDguFwPQdi,,,,,,,9,2.9,6,,,,Virginia,Male,,Graduate degree,White,,Suburban community,,44,Republican Party,
R_3r1ZPiUluTsLvdw,1,9,1,,,,,,,,,,CA,Female,,Bachelor degree,"Spanish, Hispanic, or Latino",,Rural community,,25,Democratic party,
R_cSD40qh5XFzx20h,,,,6.3,8.3,6.2,,,,,,,ca,Female,,Bachelor degree,Other (please specify):,,Suburban community,,41,Independent,
R_29s4sGrhYENvF5r,7.2,6.5,7,,,,,,,,,,USA,Female,,Bachelor degree,Black or African-American,,Suburban community,,30,Democratic party,
R_3FLOFqr1SFL7RZy,,,,,,,1.3,8.6,8,,,,Arizona,Male,,Bachelor degree,"Spanish, Hispanic, or Latino",,Rural community,,27,Democratic party,
R_3CZWvsu8INXW04f,9,9,9,,,,,,,,,,Wisconsin,Female,,Bachelor degree,White,,City or urban community,,34,Independent,
R_1MPVzf8VH6fI4w0,,,,,,,,,,6,2,9,Illinois,Female,,Graduate degree,White,,Suburban community,,42,Democratic party,
R_1ePrA4oFS7qz5d6,,,,2,3,5,,,,,,,TN,Male,,Some college but no degree,White,,City or urban community,,30,Independent,
R_1QKmxjJP4M2qrPg,2,1.9,5.3,,,,,,,,,,NY,Male,,Bachelor degree,White,,Rural community,,54,Republican Party,
R_2EAf5JoOZN8NfCm,,,,,,,,,,9,1.1,8.6,pennsylvania,Female,,Bachelor degree,White,,Suburban community,,32,Republican Party,
R_W6DG4lbWk0X8oU1,8.2,1,9,,,,,,,,,,Maryland,Male,,Some college but no degree,White,,Suburban community,,25,Independent,
R_1Q9PwcPuLgNhKQ6,,,,,,,,,,1,1,9,MN,Male,,Bachelor degree,"Spanish, Hispanic, or Latino",,City or urban community,,25,Democratic party,
R_11cF7iDow7FvYeD,,,,,,,9,9,9,,,,tn,Female,,Bachelor degree,White,,Rural community,,40,Republican Party,
R_XtSEmriyov2Vsel,,,,,,,5,9,1,,,,Florida,Male,,Some college but no degree,White,,Rural community,,31,Republican Party,
R_PtelTTPUom2564p,,,,,,,,,,6.1,6.1,6.1,Utah,Male,,Bachelor degree,White,,Suburban community,,26,Democratic party,
R_0ig0EbYoJxr2xWh,,,,9,5.1,2.3,,,,,,,north carolina,Female,,Associate degree,White,,Suburban community,,30,Republican Party,
R_3nTQBM1cLioMPVg,,,,,,,,,,1.5,5,5,Texas,Female,,Bachelor degree,White,,City or urban community,,25,Democratic party,
R_2uUrxJCfP4sRqb7,,,,1.8,6.1,4.2,,,,,,,New York,Male,,Some college but no degree,Black or African-American,,Suburban community,,21,Democratic party,
R_3qeDCwToaXneK7c,,,,,,,1.1,4.4,8.6,,,,ma,Female,,Bachelor degree,White,,Suburban community,,47,Republican Party,
R_2TQKGIrbUwtvmH0,1,7.3,9,,,,,,,,,,IN,Male,,Associate degree,Black or African-American,,City or urban community,,30,Democratic party,
R_3noS8kqexAacMAS,,,,7.7,4.4,9,,,,,,,Wyoming,Male,,Graduate degree,White,,City or urban community,,41,Republican Party,
R_C4bBS7XQJ348Qff,4.8,6.3,6.2,,,,,,,,,,Texas,Female,,"High school degree or equivalent (e.g., GED)",White,,Suburban community,,35,Independent,
R_2rTwluml5GsCOYB,,,,,,,,,,1.4,5.8,7.8,California,Male,,Bachelor degree,Asian,,Suburban community,,23,Independent,
R_33rpghLgxNJoPcl,,,,,,,1,5.1,5.1,,,,CAlifornia,Female,,Some college but no degree,"Spanish, Hispanic, or Latino",,City or urban community,,42,Democratic party,
R_1LNlhKPBSfxN38Y,8.2,2.3,9,,,,,,,,,,New York,Male,,Graduate degree,"Spanish, Hispanic, or Latino,White",,Suburban community,,33,Republican Party,
R_bQUuli4nJuiaqlj,,,,,,,1,9,6.3,,,,Georgia,Male,,Some college but no degree,Asian,,City or urban community,,21,Republican Party,
R_231MRtGj5WSW0EV,,,,,,,4.3,4.2,4.5,,,,SC,Male,,Bachelor degree,White,,City or urban community,,30,Republican Party,
R_RXNgAMgXOJjPNjb,,,,3.8,2.5,8.3,,,,,,,ny,Male,,Bachelor degree,White,,Suburban community,,34,Republican Party,
R_2fBUFjFKFhfgaV7,,,,1,8.9,1,,,,,,,New Jersey,Female,,Associate degree,White,,Rural community,,53,Republican Party,
R_1nPFeuRbVDEd3dO,,,,,,,,,,2.5,7.1,3.7,Iowa,Female,,Bachelor degree,White,,Rural community,,35,Independent,
R_3NVsoCKLa9Ja3GL,,,,,,,,,,9,9,1.9,Oregon,Male,,Bachelor degree,White,,Suburban community,,33,Democratic party,
R_3piq7PAs36gzlQt,,,,7.3,6.4,7.5,,,,,,,Louisiana,Female,,Some college but no degree,White,,City or urban community,,25,Democratic party,
R_237e5uMw6mA3SNO,3,7,8.9,,,,,,,,,,Illinois,Male,,Graduate degree,White,,Suburban community,,45,Democratic party,
R_30kLBNudUonDYLg,7.2,8.4,8.4,,,,,,,,,,new york,Male,,Bachelor degree,Black or African-American,,City or urban community,,30,Republican Party,
R_ZIRqsdcG2SuGhnX,,,,,,,,,,9,1,9,Virginia,Female,,Some college but no degree,White,,Suburban community,,26,Democratic party,
R_1FnaqQ1GCRhuCst,,,,,,,1.9,9,6.2,,,,Louisiana,Female,,Associate degree,Black or African-American,,Rural community,,26,Democratic party,
R_1Q9gcX8jBvekVuJ,,,,,,,,,,4.6,2,8.2,IA,Male,,Graduate degree,White,,City or urban community,,48,Republican Party,
R_3y2pgN4oi1bZbBn,3.3,4.1,6.7,,,,,,,,,,Illinois,Male,,Bachelor degree,Black or African-American,,City or urban community,,34,Democratic party,
R_2YK4C6jlNNNMZEB,,,,,,,4.3,9,6.2,,,,Colorado,Male,,Bachelor degree,White,,Suburban community,,41,Democratic party,
R_Oe5ttJZoAzvUFsB,,,,2.1,7.2,5.9,,,,,,,Michigan,Female,,Associate degree,White,,City or urban community,,24,Democratic party,
R_2q7SePI1kXwqL8u,,,,,,,8,9,9,,,,Missouri,Male,,Bachelor degree,White,,Suburban community,,32,Independent,
R_3HuXSVL3oziReOd,,,,,,,,,,9,1,8,Illinois,Female,,Bachelor degree,White,,Suburban community,,48,Republican Party,
R_2CVVRGGUTCuJMIW,,,,9,1,9,,,,,,,Massachusetts,Female,,Bachelor degree,White,,City or urban community,,32,Independent,
R_eKjwN8o170sWwrD,,,,,,,2,8.2,9,,,,utah,Female,,Bachelor degree,White,,Suburban community,,40,Independent,
R_tKbgnyEYT1UluH7,4,6.2,8,,,,,,,,,,Pennsylvania,Male,,Some college but no degree,White,,Suburban community,,26,Libertarian Party,
R_2Sk3REqMbRQeXA2,,,,3.6,3.8,6.3,,,,,,,FL,Female,,Bachelor degree,White,,Suburban community,,26,Democratic party,
R_1IxUnC1Ai2LNN6O,5.6,4.7,5.6,,,,,,,,,,ca,Female,,Some college but no degree,"Spanish, Hispanic, or Latino,White",,Suburban community,,23,Democratic party,
R_pgYuQrLDG2gUu3L,,,,,,,8.5,3.6,9,,,,Michigan,Male,,Bachelor degree,White,,City or urban community,,32,Republican Party,
R_31tq6Xq3YvAiF5O,,,,5.1,5.1,5,,,,,,,TX,Male,,"High school degree or equivalent (e.g., GED)",White,,Rural community,,22,Republican Party,
R_31GY6SvFSnnIbrb,,,,1,8,7,,,,,,,SC,Female,,Graduate degree,White,,Suburban community,,24,Democratic party,
R_3I3mEqpnuBuUqc8,,,,,,,1,8.4,9,,,,Virginia,Male,,Bachelor degree,Asian,,Suburban community,,24,Independent,
R_dmbWTZmYxfUD8rf,1,4.1,8.5,,,,,,,,,,MN,Female,,Bachelor degree,White,,City or urban community,,26,Democratic party,
R_25SBTaqKQlud2sn,,,,,,,,,,8,3,9,Pennsylvania,Female,,Bachelor degree,White,,City or urban community,,28,Democratic party,
R_31uu4IdhsLaI9rg,,,,,,,5.5,5.4,5.7,,,,indiana,Male,,Associate degree,White,,Suburban community,,33,Republican Party,
R_saHDalZEyYO4nFn,6,4,9,,,,,,,,,,Massachusetts,Male,,Bachelor degree,White,,Suburban community,,28,Libertarian Party,
R_241PkU9mUu5c8UW,,,,,,,,,,1,4,9,California,Female,,Some college but no degree,"Spanish, Hispanic, or Latino",,City or urban community,,28,Independent,
R_zePBKUVBBvBQSJj,,,,,,,,,,3,9,8,New York,Female,,Some college but no degree,White,,Suburban community,,56,Democratic party,
R_rrTRCsyYpgiqoLf,,,,9,1,5,,,,,,,Montana,Male,,Bachelor degree,White,,Rural community,,33,Libertarian Party,
R_yWsDqOPbTnVJrLb,,,,,,,3,9,1,,,,New Hampshire,Male,,Graduate degree,White,,Rural community,,25,Independent,
R_1LM4qGLmujO30Bt,,,,8.6,5.6,7.4,,,,,,,Arizona,Male,,Associate degree,"Spanish, Hispanic, or Latino",,Suburban community,,33,Libertarian Party,
R_1TUpgSFdGD86dQB,,,,,,,,,,7.5,2.9,4.7,Oregon,Male,,"High school degree or equivalent (e.g., GED)",White,,City or urban community,,60,Republican Party,
R_3Rqh6IoLPNFlNX4,6.4,7,6.1,,,,,,,,,,fl,Male,,Some college but no degree,White,,Suburban community,,21,Republican Party,
R_1OZhpjROFNftwOR,5.9,7.5,9,,,,,,,,,,NJ,Female,,Bachelor degree,Asian-American,,City or urban community,,39,Democratic party,
R_2CmnrxnHle7DcSO,,,,9,1.9,6.2,,,,,,,MD,Male,,Graduate degree,White,,Suburban community,,33,Democratic party,
R_2qdR7MCeVBmpH1W,,,,,,,1,9,1,,,,NJ,Male,,Associate degree,White,,Suburban community,,39,Independent,
R_2SC4I6hrlxBJrto,,,,,,,2,8.6,7.2,,,,Minnesota,Male,,Bachelor degree,White,,Suburban community,,51,Democratic party,
R_3MoE2QqPsLN6st3,,,,,,,3,7.9,9,,,,florida,Female,,Graduate degree,Asian,,Suburban community,,34,Democratic party,
R_1rNewECoVtpMQfO,,,,,,,,,,2.9,8.1,5.1,PA,Female,,Associate degree,White,,Suburban community,,40,Democratic party,
R_s5wHYFXXt8zQTG9,,,,3.2,7.6,3.4,,,,,,,New York,Male,,Bachelor degree,Asian,,City or urban community,,28,Independent,
R_2D1d7vMO4h6rhde,,,,7,5.1,7.1,,,,,,,Massachusetts,Male,,"High school degree or equivalent (e.g., GED)",White,,City or urban community,,29,Democratic party,
R_3IPOmFyCiSOJ555,2,8,6.6,,,,,,,,,,Massachusetts,Male,,Bachelor degree,White,,Suburban community,,34,Democratic party,
R_2qxiWyST3a6z6jV,,,,,,,,,,1,9,1,Georgia,Female,,Graduate degree,White,,Suburban community,,32,Independent,
R_1Ca3qmzNFzpST1i,1,4,8,,,,,,,,,,Virginia,Male,,Bachelor degree,White,,City or urban community,,33,Republican Party,
R_2xQrvZowFBGlqep,,,,,,,,,,4.4,5.6,5.2,oregon,Female,,Some college but no degree,White,,Rural community,,25,Independent,
R_2dtIOuaYBp7Dt2k,1,9,2.9,,,,,,,,,,TN,Male,,"High school degree or equivalent (e.g., GED)",White,,City or urban community,,29,Independent,
R_12sD3bzw7gtgpG6,,,,,,,2.8,7.6,4.4,,,,NC,Male,,Associate degree,White,,Rural community,,36,Libertarian Party,
R_2y4xTIDCE9xEHtY,,,,6,7.1,1,,,,,,,Indiana,Male,,Associate degree,White,,Suburban community,,29,Independent,
R_3pnfDMegmZjXM21,9,3,9,,,,,,,,,,Rhode Island,Female,,"High school degree or equivalent (e.g., GED)",White,,Rural community,,35,Democratic party,
R_2dYYYSTvcfzU3Zf,,,,,,,1,9,7,,,,Ok,Male,,Some college but no degree,White,,City or urban community,,55,Republican Party,
R_u1HlLIFjKyXhPMd,,,,6,4.2,9,,,,,,,Rhode Island,Female,,Bachelor degree,White,,Suburban community,,23,Democratic party,
R_3MfmU1d0EKYdewm,1,5,9,,,,,,,,,,California,Male,,Associate degree,White,,Suburban community,,46,Democratic party,
R_3Ia94v7qrmveuRi,,,,,,,,,,5.1,4.9,2.9,Georgia,Female,,Bachelor degree,White,,Suburban community,,25,Republican Party,
R_2nOW7qu4JyztXBT,,,,,,,,,,8,2.5,8.4,NC,Female,,Graduate degree,White,,Rural community,,36,Republican Party,
R_20SdH3BBv3aNaf5,,,,6.4,5.9,6.5,,,,,,,Illinois,Female,,"High school degree or equivalent (e.g., GED)",White,,City or urban community,,23,Democratic party,
R_1FCy5aZ2uvwqqnT,,,,,,,,,,2.1,4,7,Georgia,Female,,Graduate degree,White,,City or urban community,,64,Democratic party,
R_2fa4QD6CGe6JAmr,,,,,,,2,9,8.2,,,,North Carolina,Male,,"High school degree or equivalent (e.g., GED)",Black or African-American,,City or urban community,,34,Other (please specify):,No political affiliation
R_3PBl6MN8eJXrt0f,1,9,6.8,,,,,,,,,,Florida,Female,,Some college but no degree,White,,City or urban community,,27,Democratic party,
R_T01Y4clB9C1Li25,,,,,,,,,,1,3.6,9,Montana,Female,,Some college but no degree,White,,Suburban community,,53,Independent,
R_PB380HedRex4EZb,,,,,,,1,9,2.5,,,,Wisconsin,Male,,Bachelor degree,White,,Suburban community,,40,Republican Party,
R_9vM08hFPMWNNiSZ,,,,9,2.7,9,,,,,,,Alabama,Male,,Bachelor degree,White,,Suburban community,,37,Republican Party,
R_tXm5NsX9aDRm06J,9,9,9,,,,,,,,,,Michigan,Male,,Bachelor degree,White,,Rural community,,58,Independent,
R_xGf2RkC4IneZ6WB,,,,,,,6.6,6.1,3.5,,,,MA,Female,,Some college but no degree,"Spanish, Hispanic, or Latino",,Suburban community,,20,Democratic party,
R_41OeoMfPY2ae7bH,,,,1,9,1,,,,,,,OH,Female,,Bachelor degree,"Spanish, Hispanic, or Latino",,Suburban community,,59,Independent,
R_3JC0PBiChjBYQVb,,,,,,,,,,2.8,4.8,7.9,VA,Male,,Bachelor degree,Asian,,Suburban community,,22,Democratic party,
R_1ifyG4DbvehSwWp,,,,4.7,9,8.7,,,,,,,Oklahoma,Male,,Graduate degree,White,,Rural community,,67,Independent,
R_3nASG4fQbZgGBBz,1,5,6,,,,,,,,,,new mexico,Female,,Bachelor degree,"Spanish, Hispanic, or Latino",,Suburban community,,31,Independent,
R_12a0IpLFlXFQhgG,,,,,,,2.9,9,7.6,,,,Pennsylvania,Female,,Bachelor degree,White,,Rural community,,45,Democratic party,
R_xrRW4zEhfjUS0vL,,,,,,,,,,8,3,9,Virginia,Female,,Bachelor degree,White,,Rural community,,30,Republican Party,
R_2Sx0mcrkOIkP4cD,,,,,,,,,,2.8,7.7,6.5,Montana,Female,,Bachelor degree,White,,City or urban community,,34,Republican Party,
R_1IDZ1sB4WJuqi2A,,,,6.9,9,6.5,,,,,,,INDIANA,Female,,Associate degree,White,,City or urban community,,70,Independent,
R_2TN96MzoGF3l1Ar,,,,,,,4,8.5,7,,,,NY,Male,,Some college but no degree,White,,Rural community,,42,Independent,
R_9G1oT6ycwgEhgK5,6,8,9,,,,,,,,,,colorado,Male,,Bachelor degree,White,,Suburban community,,49,Independent,
R_1LB8s0utrDDAX42,9,9,9,,,,,,,,,,Illinois,Male,,Graduate degree,Black or African-American,,City or urban community,,30,Democratic party,
R_R5gbH0gWBC4fifL,,,,,,,3.2,6.1,8.1,,,,Wyoming,Female,,Bachelor degree,White,,Rural community,,57,Democratic party,
R_ZBNQ9zhKkzVe6Y1,,,,,,,8.3,2.6,8,,,,North Carolina,Female,,Some college but no degree,White,,Suburban community,,25,Republican Party,
R_1GxfVbXAnYr2fdi,,,,,,,,,,7,7,8.5,Pennsylvania,Female,,Less than high school degree,"Spanish, Hispanic, or Latino",,Suburban community,,23,Independent,
R_3R8VimddkLEwlzQ,1,9,4.9,,,,,,,,,,Ohio,Female,,Associate degree,White,,Suburban community,,24,Democratic party,
R_RF61S7BMSREhAsN,,,,9,1,9,,,,,,,Colorado,Male,,Graduate degree,White,,Rural community,,37,"Republican Party,Independent",
R_1mkKXYSgOu1DvwR,,,,5,6.1,9,,,,,,,NY,Male,,Associate degree,White,,Rural community,,30,Independent,
R_VVw6jvkhyaRgA9j,,,,,,,,,,2.6,2.8,2.9,florida,Male,,Bachelor degree,White,,Suburban community,,38,Independent,
R_33e7nBxhOojbYMl,,,,,,,4,6.2,6.4,,,,NV,Female,,Some college but no degree,White,,Suburban community,,23,Democratic party,
R_b4t7arhTsu56OYN,,,,,,,2,2.9,8,,,,Illinois,Male,,Associate degree,White,,City or urban community,,34,Democratic party,
R_20Vzr82kqWl7iyJ,,,,,,,,,,5.6,3.7,8.5,Pennsylvania,Female,,Bachelor degree,White,,Suburban community,,53,Democratic party,
R_3D7m62c2z6iHXQg,,,,,,,,,,7.2,5.5,6.2,ca,Male,,Associate degree,White,,City or urban community,,29,Republican Party,
R_1Lb693aEDda65wh,,,,5.8,5.9,4.5,,,,,,,AL,Male,,Bachelor degree,Black or African-American,,City or urban community,,33,Democratic party,
R_1E0R8DgVbYCmja2,,,,2.4,5.1,4.3,,,,,,,North Carolina,Male,,Bachelor degree,White,,Rural community,,38,Independent,
R_2RPyO1wu07TIsQs,1,9,6,,,,,,,,,,Wisconsin,Female,,Some college but no degree,Asian,,Suburban community,,46,Republican Party,
R_snUP7YWE9EopNvz,1,9,3.1,,,,,,,,,,Wisconsin,Female,,Some college but no degree,White,,Suburban community,,31,Democratic party,
R_27lqRBq8VVX7khA,,,,,,,,,,5.1,5.1,5.1,ca,Male,,Some college but no degree,White,,City or urban community,,22,Democratic party,
R_PtvQaIhA62RfVGV,,,,,,,1.9,4.4,8.3,,,,GA,Female,,Bachelor degree,White,,Suburban community,,40,Independent,
R_3exa3flNrdimRA2,1,9,7.2,,,,,,,,,,Minnesota,Male,,Bachelor degree,White,,City or urban community,,21,Independent,
R_1LuuWxuTyd1FXhh,3,4,8.3,,,,,,,,,,North Carolina,Male,,Bachelor degree,White,,Rural community,,62,Democratic party,
R_3CUySCiCfRColi5,,,,,,,,,,5.6,7.9,9,IL,Female,,Bachelor degree,White,,Rural community,,25,Republican Party,
R_BM3PqMXWsxDTLW1,,,,5.1,5.1,5.1,,,,,,,fl,Female,,Bachelor degree,White,,City or urban community,,24,Libertarian Party,
R_2qsyPAtLEsZ6md4,,,,1,9,1,,,,,,,California,Female,,Bachelor degree,Asian,,City or urban community,,40,Democratic party,
R_1DCQ2cHA7Qbj5zI,,,,,,,6.4,8.3,3.6,,,,Virginia,Female,,Graduate degree,White,,Suburban community,,31,Democratic party,
R_9t5hHEvCEhzmiQx,,,,,,,,,,1.2,7.6,2.6,Pennsylvania,Female,,"High school degree or equivalent (e.g., GED)",White,,Suburban community,,24,Libertarian Party,
R_1LhYXuHauUtkxrq,,,,,,,1,9,5,,,,ca,Female,,Bachelor degree,White,,City or urban community,,26,Democratic party,
R_2bZUoUXrsAD70f6,,,,5,7.6,5.1,,,,,,,New York,Male,,Bachelor degree,Asian,,City or urban community,,38,Republican Party,
R_24HtibLC3TAdOXe,,,,,,,5,8.8,8.8,,,,California,Male,,Associate degree,White,,Rural community,,42,Independent,
R_9N6yf01JYQWWYYp,,,,7.8,2.9,8.9,,,,,,,NC,Female,,Graduate degree,White,,Suburban community,,31,Democratic party,
R_1f1JyhLietZp1FD,,,,,,,,,,1,9,1,CO,Male,,Graduate degree,White,,City or urban community,,76,Independent,
R_3sso32fdV64yGy6,4.3,6.2,6.2,,,,,,,,,,NJ,Male,,Graduate degree,White,,Rural community,,31,Republican Party,
R_3I0OrfPzVVaUBYa,8.2,2.9,2,,,,,,,,,,Maryland,Female,,Bachelor degree,White,,Suburban community,,56,Democratic party,
R_0rfr90AZnTUJEhH,5.9,5.9,5.9,,,,,,,,,,texas,Female,,Bachelor degree,White,,Suburban community,,25,Democratic party,
R_5o8tra0BEQBHtgl,,,,,,,3.1,6.9,8,,,,Arkansas,Female,,Graduate degree,White,,Rural community,,47,Democratic party,
R_2zGFnOvCNOFRvTq,,,,,,,,,,9,1,8.6,Texas,Female,,Bachelor degree,White,,City or urban community,,24,Libertarian Party,
R_RwXdSHinWrQJaMx,5.2,4.9,4.7,,,,,,,,,,Ohio,Male,,Graduate degree,White,,Suburban community,,38,Independent,
R_3hsvn9cl9frbQcG,,,,,,,,,,1.5,5,7,Delaware,Male,,Graduate degree,White,,Suburban community,,29,Democratic party,
R_3MbroLHeA2e1QIa,,,,,,,1.2,9,8.5,,,,WV,Male,,Some college but no degree,White,,Suburban community,,46,Republican Party,
R_1Ijew96djrT41RN,,,,7.9,4,6,,,,,,,ohio,Female,,Bachelor degree,White,,Rural community,,27,Democratic party,
R_9uHUqwhkGdhxUaJ,,,,1,9,1,,,,,,,Michigan,Female,,Some college but no degree,White,,Suburban community,,27,Republican Party,
R_2wQUXsmYWegjOPH,,,,,,,,,,9,3,9,Texas,Female,,Some college but no degree,"Spanish, Hispanic, or Latino",,Suburban community,,52,Democratic party,
R_3n8gsJzuyrezhhX,,,,1.9,5.1,2.2,,,,,,,Louisiana,Female,,Some college but no degree,White,,Suburban community,,40,Independent,
R_3HpQnkLWCk0pKo7,2.2,8.9,7.2,,,,,,,,,,Illinois,Male,,Graduate degree,White,,Suburban community,,33,Democratic party,
R_02oCg7pgxmXw2BP,,,,,,,1,5.1,1,,,,colorado,Male,,Bachelor degree,White,,Suburban community,,45,Democratic party,
R_2dzN33OFMKSzoFL,5.1,6.4,4.7,,,,,,,,,,texas,Female,,Bachelor degree,Black or African-American,,Suburban community,,22,Democratic party,
R_XTcp0lVoGRu0MRb,,,,,,,1,7,9,,,,Colorado,Male,,Associate degree,White,,City or urban community,,47,Independent,
R_2wTPjfTa9l2Beiv,,,,,,,,,,1,9,1,,,,Some college but no degree,White,,City or urban community,,50,Republican Party,
R_3HY3cnnLLhmQeMo,,,,,,,,,,2.6,1.5,2.8,new york,Male,,"High school degree or equivalent (e.g., GED)",White,,Suburban community,,36,Independent,
R_0wkuS3g8nOAfEmB,,,,8.5,1.5,9,,,,,,,California,Male,,Bachelor degree,Asian,,City or urban community,,41,Democratic party,
R_1GN8hc2aTxJmdnw,,,,,,,5.6,6.4,4.2,,,,Texas,Male,,Associate degree,Asian,,Suburban community,,34,Republican Party,
R_1FtuKUgXYwj4NHP,,,,,,,,,,1,9,5.1,MICHIGAN,Male,,"High school degree or equivalent (e.g., GED)","White,Black or African-American",,City or urban community,,27,Independent,
R_3fCexm1QVrt1Q1h,1,9,4,,,,,,,,,,Nevada,Female,,Some college but no degree,White,,Rural community,,31,Independent,
R_1IXD8HPjs8dmoQU,,,,,,,6.2,3.9,3.6,,,,California,Male,,Some college but no degree,White,,Suburban community,,31,Democratic party,
R_1o5wFFBt7KHFPhe,7,4,8.5,,,,,,,,,,California,Male,,Bachelor degree,"Spanish, Hispanic, or Latino",,Suburban community,,27,Independent,
R_12ovxftv64HUJWj,,,,1,1,9,,,,,,,AR,Female,,Some college but no degree,White,,Rural community,,69,Republican Party,
R_ApzbjnmCXLk8Gk1,,,,3,9,5,,,,,,,Texas,Male,,Bachelor degree,White,,Suburban community,,71,Independent,
R_D2XewhoQt37IIfv,,,,,,,,,,3,8.4,4,california,Male,,Graduate degree,Asian,,Suburban community,,30,Democratic party,
R_2s4uWZHBq71w6v6,,,,,,,1,8.1,9,,,,pennsylvania,Female,,Some college but no degree,White,,Suburban community,,23,Democratic party,
R_2s75CcY5ruIhwfv,7.2,3.7,9,,,,,,,,,,Minnesota,Female,,Bachelor degree,White,,Rural community,,23,Republican Party,
R_2yd3FMjPjKGTuaV,,,,,,,,,,8.3,2.5,8.3,ohio,Female,,Bachelor degree,White,,Suburban community,,37,Republican Party,
R_1OZkfO6oscydect,,,,1,1,9,,,,,,,AR,Male,,Some college but no degree,White,,Rural community,,28,Democratic party,
R_UFTab63Xrl4LiI9,,,,,,,1,9,2,,,,Indiana,Female,,"High school degree or equivalent (e.g., GED)",White,,City or urban community,,54,Independent,
R_1PSj55C3LHHo3PS,2.7,5.1,3.6,,,,,,,,,,Florida,Male,,"High school degree or equivalent (e.g., GED)","White,Black or African-American,Other (please specify):",Mixed Race (White & Black),Suburban community,,27,Republican Party,
R_uxMOPmBB8irDkXf,,,,,,,,,,6.3,3.2,1.9,nv,Female,,Some college but no degree,White,,City or urban community,,36,Libertarian Party,
R_20TN13X2PmeXN4s,,,,,,,6.1,4,8,,,,Virginia,Female,,Bachelor degree,White,,Suburban community,,49,Democratic party,
R_cI9ArWnrClJuv2F,,,,,,,1,8.5,9,,,,Tennessee,Male,,Associate degree,White,,Rural community,,35,Other (please specify):,none
R_2pXqrs3S7qlZAWy,,,,,,,,,,9,9,9,Wisconsin,Female,,Bachelor degree,White,,Suburban community,,59,Democratic party,
R_10ZB6z2FSvKn5E6,1,9,4.5,,,,,,,,,,New JERSEY,Female,,"High school degree or equivalent (e.g., GED)",Black or African-American,,Suburban community,,47,Democratic party,
R_2WSBqmOtZhxiFGG,,,,7,3.5,8,,,,,,,Alaska,Male,,Bachelor degree,White,,Rural community,,30,Republican Party,
R_3kvM8n8x94ECVZX,3.9,6.5,9,,,,,,,,,,IN,Male,,Bachelor degree,White,,Suburban community,,32,Independent,
R_xh0XJqLYbMkUpUJ,,,,9,7.5,3.9,,,,,,,Florida,Female,,Associate degree,White,,Suburban community,,61,Independent,
R_3ewwWnTsbqLbWS6,,,,9,9,2.2,,,,,,,Texas,Male,,Some college but no degree,"Spanish, Hispanic, or Latino",,City or urban community,,32,Democratic party,
R_1IQsSpdajEfVQni,,,,1,3.6,8.6,,,,,,,Indiana,Male,,"High school degree or equivalent (e.g., GED)",White,,Rural community,,34,Independent,
R_3kttQEm8Vcis1hp,,,,,,,,,,8,3,9,California,Male,,Some college but no degree,Asian,,Suburban community,,31,Democratic party,
R_SOuqrbIrVVaCdWh,,,,,,,6,8.2,9,,,,California,Male,,Bachelor degree,Asian-American,,Suburban community,,34,Democratic party,
R_290yXic6rCUcbWt,,,,,,,9,2.3,6.6,,,,Kansas,Female,,Some college but no degree,White,,Rural community,,25,Republican Party,
R_2YsRxsi7xRhslNA,3.8,4.9,5.1,,,,,,,,,,utah,Female,,Bachelor degree,Black or African-American,,Suburban community,,21,Independent,
R_riGSn9lbg8oejTP,,,,1,9,5.1,,,,,,,FLORIDA,Male,,Bachelor degree,Black or African-American,,City or urban community,,33,Republican Party,
R_302hex1qFfHqKSL,7.2,4.2,9,,,,,,,,,,North Carolina,Female,,Some college but no degree,White,,Rural community,,24,Independent,
R_2CTdowEbnh7Fk9q,3.9,9,7.1,,,,,,,,,,Illinois,Female,,Some college but no degree,Black or African-American,,Suburban community,,57,Democratic party,
R_2y8vdHXF51Cr4pT,,,,,,,4.5,5.6,6.8,,,,new york,Male,,Associate degree,White,,City or urban community,,26,Republican Party,
R_3rZkbYhOzOwfcgr,,,,,,,2,6.2,7.5,,,,New York,Female,,Bachelor degree,Black or African-American,,City or urban community,,28,Democratic party,
R_WkwmXwbDwOPHZq9,,,,7.3,2.6,8,,,,,,,Texas,Female,,Some college but no degree,White,,Suburban community,,31,Republican Party,
R_UintiaP04J36Jq1,1,3,9,,,,,,,,,,NY,Male,,Some college but no degree,White,,Suburban community,,19,Democratic party,
R_2U5x8rGvikmnrjd,6.2,3.9,6.3,,,,,,,,,,Va,Male,,Associate degree,Black or African-American,,Suburban community,,29,Democratic party,
R_U9JMKWk7oYLyMYV,,,,,,,,,,1.1,8,4.3,Missouri,Female,,Some college but no degree,White,,Rural community,,34,Democratic party,
R_2waz4IwAELxqJEs,,,,,,,,,,1,9,1,Mass,Male,,"High school degree or equivalent (e.g., GED)",White,,Suburban community,,20,Independent,
R_3fe1waAvrQlo5An,,,,,,,,,,1,2,8,texas,Male,,Bachelor degree,Asian,,City or urban community,,25,Democratic party,
R_0pqKM70b7cS9elX,,,,7,2.9,3.5,,,,,,,California,Female,,Some college but no degree,White,,Suburban community,,59,Democratic party,
R_1jxplPfXtkTfXEk,,,,,,,6.2,5.5,9,,,,Pennsylvania,Female,,Some college but no degree,White,,Rural community,,21,Democratic party,
R_3qP7VnvRRmh684q,,,,3.1,4,7,,,,,,,California,Male,,Bachelor degree,Asian-American,,Suburban community,,33,Independent,
R_29jed8utTowPWjW,1,5,1,,,,,,,,,,Texas,Male,,Bachelor degree,"Spanish, Hispanic, or Latino",,Suburban community,,23,Independent,
R_AgMDPH8QjgC8qcN,,,,,,,,,,9,1.7,9,New York,Male,,Some college but no degree,White,,Suburban community,,26,Democratic party,
R_Uyf70ACjhjfDhND,,,,,,,1,9,9,,,,Washington,Female,,Associate degree,White,,Rural community,,37,Democratic party,
R_3fOu7suE6rJRFlN,,,,,,,,,,7,1,1,Arkansas,Male,,Associate degree,White,,Suburban community,,69,Independent,
R_2Po2ZVntCnjMpA5,,,,6.5,4.5,6.3,,,,,,,Oregon,Male,,Some college but no degree,"White,Asian",,City or urban community,,21,Green Party,
R_3pr9ESw3xmtgx8s,,,,,,,1,8,9,,,,Alabama,Female,,Some college but no degree,Black or African-American,,Suburban community,,46,Democratic party,
R_2Y2NrvTLmhfM43W,1,9,4.1,,,,,,,,,,Florida,Female,,Some college but no degree,White,,Suburban community,,43,Democratic party,
R_2R7INLwGmpVm93c,1,5,9,,,,,,,,,,NC,Female,,Bachelor degree,White,,Suburban community,,33,Libertarian Party,
R_12fN9rHs3OlT2m1,,,,,,,,,,1.1,1.1,4.3,connecticut,Male,,Associate degree,Asian,,City or urban community,,25,Democratic party,
R_86yMFof2WAljaXT,,,,,,,3,4.9,7.4,,,,Texas,Male,,Some college but no degree,"Spanish, Hispanic, or Latino",,City or urban community,,26,Independent,
R_ABDnd5uQXwMEiDD,,,,,,,,,,3,4,7,Pa,Female,,Associate degree,White,,Rural community,,29,Democratic party,
R_1IsLXPEnLELjHBG,,,,,,,1.9,1.9,9,,,,MISSISSIPPI,Female,,Bachelor degree,White,,Rural community,,34,Republican Party,
R_Aaf5QidEGUP98fT,,,,4.5,1.9,6,,,,,,,Tennessee,Female,,Some college but no degree,Black or African-American,,Suburban community,,29,Democratic party,
R_1ePqRhQ4xHJPF8j,2.1,3,6,,,,,,,,,,Colorado,Male,,Some college but no degree,White,,Suburban community,,19,Republican Party,
R_bdzIVof2B3Rirm1,,,,9,2,3,,,,,,,Washington,Male,,Bachelor degree,White,,Suburban community,,33,Independent,
R_10q6dHmgNG4Igfm,,,,,,,9,9,4.2,,,,Oregon,Male,,Some college but no degree,Asian-American,,Rural community,,21,Democratic party,
R_2ZPU0qKl36SjKCf,,,,5,9,1,,,,,,,Iowa,Female,,Some college but no degree,White,,Rural community,,22,Republican Party,
R_3gOu5j1ZOwv8yoX,,,,,,,,,,8.6,1,9,MD,Male,,Graduate degree,"Spanish, Hispanic, or Latino",,Suburban community,,42,Libertarian Party,
R_2ylT0Z1NRpbicLa,6.3,5.5,9,,,,,,,,,,california,Male,,Bachelor degree,White,,Rural community,,54,Democratic party,
R_2yknWoyCsC93wMF,5,5,5,,,,,,,,,,Delaware,Male,,Graduate degree,White,,Suburban community,,55,Republican Party,
R_11WL1YEPcdWMJRk,,,,9,3,3.4,,,,,,,Geogia,Male,,Some college but no degree,White,,City or urban community,,57,Independent,
R_ZlyIUxdUfq4od0J,,,,,,,7.8,7.9,7.9,,,,Ny,Male,,Graduate degree,Black or African-American,,Suburban community,,22,Democratic party,
R_3O0VBDb6FRmHwNs,,,,,,,,,,6.1,6,6,Illinois,Male,,Bachelor degree,White,,Rural community,,35,Independent,
R_1eQRnF1snPIy4DB,,,,,,,1,9,9,,,,California,Female,,Some college but no degree,White,,Suburban community,,61,Democratic party,
R_YbQjgayHV794UKd,1.8,2.2,7.5,,,,,,,,,,Oklahoma,Male,,Bachelor degree,White,,Suburban community,,28,Republican Party,
R_1nOMTiKvpV6iVHq,,,,2.1,8.2,3.5,,,,,,,Nevada,Female,,Some college but no degree,Asian,,Suburban community,,26,"Democratic party,Independent",
R_2CfGDj81omhj15I,1,9,1,,,,,,,,,,Nevada,Female,,Some college but no degree,White,,City or urban community,,25,Independent,
R_1gzMqkW3Gmal6pD,,,,,,,1,8.3,9,,,,Louisiana,Male,,"High school degree or equivalent (e.g., GED)",White,,Rural community,,30,Independent,
R_1pFJlnVUdWsi5Pp,,,,,,,,,,1,6,8.1,TX,Female,,Graduate degree,Other (please specify):,N/A,City or urban community,,25,Independent,
R_2fJQfMNNvBjNNeC,,,,7.9,4.1,5.4,,,,,,,ohio,Male,,Graduate degree,White,,City or urban community,,53,Republican Party,
R_ebp1NNgftsNjzJT,,,,1,8,3,,,,,,,nc,Male,,Bachelor degree,White,,Suburban community,,35,Republican Party,
R_2SAjbsk1jRQuZ6c,,,,,,,,,,1,8,7,Ohio,Female,,Bachelor degree,White,,Suburban community,,39,Republican Party,
R_1OUdB4APLFFNwv9,,,,,,,1.1,5.2,1,,,,Nh,Male,,Associate degree,"Spanish, Hispanic, or Latino,White",,Suburban community,,27,Independent,
R_1FeP1JRQ2Hv9jV6,,,,,,,,,,4,6,6,Ma,Female,,Bachelor degree,White,,Suburban community,,35,Democratic party,
R_3w87TLFwf55YDxT,1,2,6.6,,,,,,,,,,Arkansas,Male,,"High school degree or equivalent (e.g., GED)",White,,City or urban community,,36,Republican Party,
R_3KZ6sEYGf93Gc3r,,,,1.5,5.8,8.5,,,,,,,NORTH CAROLINA,Male,,Bachelor degree,White,,Suburban community,,40,Republican Party,
R_2CPLnzxvHdiIZJ9,,,,9,1,1,,,,,,,Mo,Female,,Associate degree,White,,Rural community,,34,Independent,
R_qwFjCOxO2c5ewRH,,,,,,,1.3,9,6.9,,,,nj,Female,,Associate degree,White,,Rural community,,58,Democratic party,
R_2SepDMPa4Avxo6M,,,,,,,,,,7.9,2.7,5,Missouri,Female,,Some college but no degree,White,,Rural community,,45,Independent,
R_SJ1nsdYDrB4Dlqp,1.3,9,1,,,,,,,,,,FL,Male,,Some college but no degree,Black or African-American,,City or urban community,,31,Independent,
R_1FPuc0dLXk2m9oD,,,,,,,,,,1.8,4.4,3.4,KY,Male,,Some college but no degree,White,,Suburban community,,33,Republican Party,
R_1r6837pRcFVwHjK,,,,,,,8,5.8,7.2,,,,MI,Male,,Bachelor degree,White,,Rural community,,22,Independent,
R_1mf1VanvNZqALun,3.8,4.2,8.5,,,,,,,,,,Tennessee,Female,,Bachelor degree,White,,City or urban community,,27,"Democratic party,Republican Party",
R_211xKpanepaVb3O,1,8,8,,,,,,,,,,Ohio,Male,,Some college but no degree,White,,Suburban community,,35,Democratic party,
R_xhfBLTS0bLCjRst,,,,1,1,9,,,,,,,LA,Female,,"High school degree or equivalent (e.g., GED)",Black or African-American,,City or urban community,,31,Independent,
R_1oo4NVPedmjTHzS,,,,,,,,,,3.5,8.1,7,Virginia,Female,,Graduate degree,White,,Suburban community,,42,Democratic party,
R_3gYELW9YY2yUH7o,,,,,,,8,4,6,,,,PA,Male,,Associate degree,White,,City or urban community,,61,Democratic party,
R_3n2cPPg3k3SwcOZ,5,5,5,,,,,,,,,,ca,Female,,Some college but no degree,Black or African-American,,City or urban community,,39,Democratic party,
R_UazfBncaM0bwkTf,,,,,,,3,7.7,8.1,,,,california,Male,,Graduate degree,Asian,,Suburban community,,62,Independent,
R_1HbiwYvNTzhNrCH,,,,4.3,5.1,8.2,,,,,,,Michigan,Male,,Some college but no degree,White,,Rural community,,18,Democratic party,
R_2VxLm1pTzMRHwSR,,,,,,,,,,1.8,8,3,Massachusetts,Male,,Bachelor degree,Black or African-American,,City or urban community,,58,Independent,
R_2WOqfyGhHmBgPCc,1,7.9,3.8,,,,,,,,,,texas,Male,,Some college but no degree,White,,City or urban community,,52,Independent,
R_272yjGoUtAA5IQQ,,,,5.1,6,7,,,,,,,Connecticut,Male,,Graduate degree,White,,Rural community,,24,Democratic party,
R_22EXn2U3DjDFu0d,,,,,,,,,,5.1,1,3.9,arkansas,Male,,Some college but no degree,Black or African-American,,City or urban community,,43,Independent,
R_2PvU3oJn3Dd7zZX,,,,,,,1.2,1.9,1.1,,,,NY,Female,,"High school degree or equivalent (e.g., GED)",White,,Suburban community,,65,Libertarian Party,
R_28GLLPiAlMfEOWk,,,,,,,,,,2.3,5,3,California,Female,,Bachelor degree,Asian,,Suburban community,,25,Democratic party,
R_3r26ZyjyRKDgZTX,,,,9,1,1,,,,,,,INDIANA,Male,,Bachelor degree,Black or African-American,,Suburban community,,32,Democratic party,
R_3RrtLluQXHFq5ji,1.1,9,1,,,,,,,,,,Colorado,Female,,Some college but no degree,White,,Suburban community,,25,Independent,
R_1DvzReXBtuLcEYw,,,,,,,5.5,6,7,,,,Louisiana,Male,,Graduate degree,White,,Rural community,,29,Independent,
R_3G7E3YY0GxIdCyP,,,,,,,,,,2.5,3.2,8.1,Virginia,Female,,Some college but no degree,White,,City or urban community,,37,Libertarian Party,
R_2TTusn1rauKgNlI,,,,,,,1,9,1,,,,California,Female,,Bachelor degree,"Spanish, Hispanic, or Latino",,Suburban community,,22,Democratic party,
R_324P5SQNvMJU6ac,7,6,5.5,,,,,,,,,,Louisiana,Male,,Graduate degree,White,,Rural community,,29,Independent,
R_3fCrVCYppyNbxcz,,,,1.7,3.9,3.7,,,,,,,Pennsylvania,Male,,Some college but no degree,Black or African-American,,City or urban community,,22,Independent,
R_22zwvSKoyDmVCXp,,,,9,9,9,,,,,,,Arizona,Male,,"High school degree or equivalent (e.g., GED)",White,,City or urban community,,28,Republican Party,
R_4TqFgLVVDE36bwR,,,,,,,,,,3.9,1.8,9,il,Male,,Bachelor degree,White,,Suburban community,,43,Democratic party,
R_DfcUzahFRVOABG1,,,,,,,1.7,5.1,8.9,,,,Texas,Female,,Graduate degree,White,,Suburban community,,54,Republican Party,
R_30vsjjefHb3JCjD,4.6,5.1,8.1,,,,,,,,,,Texas,Female,,Some college but no degree,White,,Suburban community,,19,Green Party,
R_25GcsD4gLtQxB44,,,,,,,2.8,8.8,8.9,,,,Indiana,Female,,Graduate degree,White,,Suburban community,,36,Democratic party,
R_1Oq23HYWRUqkon9,2,5.2,5.1,,,,,,,,,,Florida,Male,,Some college but no degree,White,,Suburban community,,22,Democratic party,
R_3DqH5r5ipwtP2lW,,,,9,5.8,8,,,,,,,PA,Female,,Bachelor degree,White,,City or urban community,,24,Democratic party,
R_2fIHDdb77JebozE,,,,,,,,,,4,3,9,Idaho,Female,,Bachelor degree,White,,Suburban community,,24,Democratic party,
R_2e8YjWeXNTrlRO0,,,,8.2,6.1,7,,,,,,,Texas,Male,,Bachelor degree,Black or African-American,,City or urban community,,25,Democratic party,
R_23UhlXwi1V02NhU,,,,,,,,,,4,6.1,7.1,Massachussetts,Female,,Bachelor degree,White,,Suburban community,,55,Democratic party,
R_3lGgSQHzVvc7NTw,1,9,3.1,,,,,,,,,,Florida,Female,,Bachelor degree,White,,City or urban community,,30,Democratic party,
R_1CkHkrtiFNovOeB,1.9,2.9,7.2,,,,,,,,,,Maryland,Male,,Graduate degree,White,,City or urban community,,31,Democratic party,
R_3KvTBc9sMfCcOpj,,,,3.7,9,9,,,,,,,Indiana,Female,,Bachelor degree,White,,Rural community,,50,Republican Party,
R_1Ks9oApnMfo6WRO,,,,,,,5.1,7.7,5.2,,,,TN,Male,,Bachelor degree,White,,Suburban community,,30,Independent,
R_2eRp6YHaQU8tkzz,,,,,,,3,6.3,7.1,,,,NY,Male,,Some college but no degree,White,,Suburban community,,46,Independent,
R_oXp2mM4tqzfBbIB,,,,,,,,,,2,6,4,NJ,Male,,Graduate degree,White,,Suburban community,,35,Independent,
R_3DbSzY3uaAN1wJn,,,,,,,,,,5.6,3.9,5.7,california,Male,,Associate degree,White,,City or urban community,,25,Independent,
R_1MSpf4uoShb8vfQ,,,,5,4,9,,,,,,,Tennessee,Female,,Some college but no degree,White,,Suburban community,,27,Independent,
R_2AHfInNzrmPfQHY,,,,,,,,,,8.3,4.7,9,Texas,Female,,Graduate degree,White,,Suburban community,,59,Democratic party,
R_3stP2NYfdPyYHBX,,,,,,,3.1,7.1,6.2,,,,pa,Male,,Associate degree,Asian,,Suburban community,,39,Republican Party,
R_1rv2nnMWOnMWSQR,,,,2.1,5.1,7.9,,,,,,,California,Female,,Bachelor degree,"Asian,Asian-American",,City or urban community,,28,Democratic party,
R_3fMIJeHJXnyP0GT,2.3,9,9,,,,,,,,,,Minnesota,Female,,Associate degree,White,,Rural community,,55,Republican Party,
R_2rMIGZWhpfLwGjx,1,9,9,,,,,,,,,,Colorado,Male,,Bachelor degree,White,,Suburban community,,70,Republican Party,
R_rdS5sVlzhLYquJP,,,,,,,6,8.2,9,,,,New Jersey,Male,,Some college but no degree,White,,Suburban community,,44,Democratic party,
R_1LHW4VkzAfUyliE,8.3,4,7.1,,,,,,,,,,Maryland,Female,,Graduate degree,White,,Suburban community,,37,Republican Party,
R_1CIw3Mid5MyokG2,,,,,,,,,,7.6,7.7,8.7,Maryland,Male,,Some college but no degree,White,,Rural community,,39,Republican Party,
R_3ozqf88zJJsvffX,,,,,,,5.4,4.9,5.1,,,,NEw York,Male,,Graduate degree,White,,Suburban community,,37,Independent,
R_9ojgiLE0RUo06Y1,5,5,5,,,,,,,,,,Ohio,Female,,"High school degree or equivalent (e.g., GED)",White,,City or urban community,,20,Democratic party,
R_3Pq4dbBWBjfYKH0,,,,2,7.9,8,,,,,,,California,Male,,Associate degree,"Spanish, Hispanic, or Latino",,City or urban community,,69,Republican Party,
R_1oHk8IiBplELGKd,,,,,,,1,9,7.2,,,,GA,Male,,Some college but no degree,Black or African-American,,City or urban community,,21,Democratic party,
R_bw4kub4gz53HtRv,,,,,,,,,,1,9,1,California,Male,,Some college but no degree,Asian,,Suburban community,,23,Libertarian Party,
R_1KwrtOsTmQ1X9gs,,,,,,,1,9,5.9,,,,Ohio,Female,,Less than high school degree,White,,City or urban community,,66,Democratic party,
R_3KI3klG31bxiiX3,,,,1,4,9,,,,,,,florida,Male,,"High school degree or equivalent (e.g., GED)",White,,Suburban community,,37,Democratic party,
R_268VFJbHc3OUVp3,1,1,1,,,,,,,,,,North Carolina,Male,,Some college but no degree,Black or African-American,,City or urban community,,37,Democratic party,
R_3TQLr2hGC6XgKvT,,,,,,,,,,9,4.6,9,Ohio,Male,,Some college but no degree,White,,Suburban community,,61,Republican Party,
R_2YQEO4lfpiG4mYO,,,,8.2,3.8,9,,,,,,,Indiana,Female,,"High school degree or equivalent (e.g., GED)",White,,Rural community,,30,Independent,
R_WCBonhBo2a3vOlb,6,6.2,3.8,,,,,,,,,,texas,Female,,Some college but no degree,White,,Suburban community,,23,Independent,
R_2qDUoplVNvqRkJ4,,,,,,,9,3.2,9,,,,New Jersey,Female,,"High school degree or equivalent (e.g., GED)",White,,"City or urban community,Suburban community",,34,Republican Party,
R_27xNVjKGpxbsTaZ,,,,,,,,,,6,4.1,7.1,Califonia,Male,,Some college but no degree,White,,City or urban community,,20,Democratic party,
R_z9kyISG556UgxMZ,,,,9,1.9,9,,,,,,,Massachusetts,Female,,"High school degree or equivalent (e.g., GED)",White,,City or urban community,,45,Independent,
R_RJQksHzaHrqasdr,1,9,9,,,,,,,,,,GA,Female,,Graduate degree,Other (please specify):,Biracial,Suburban community,,26,Republican Party,
R_2VxqWiRE8qnd7bV,,,,9,2,1,,,,,,,florida,Male,,Graduate degree,White,,Rural community,,61,Republican Party,
R_1LThWjtXILmmYzC,,,,,,,,,,6.1,4.6,9,Minnesota,Male,,Bachelor degree,White,,Suburban community,,26,Democratic party,
R_cFObFdANfsTNZfz,6.7,7.1,8.2,,,,,,,,,,California,Male,,Bachelor degree,"Spanish, Hispanic, or Latino,White",,Suburban community,,28,Independent,
R_3ktXkcgCDxujwU9,,,,,,,8.1,2,8,,,,PA,Male,,Bachelor degree,White,,Suburban community,,28,Independent,
R_sO9GZbbU4iTbnBT,,,,,,,5,9,7,,,,NE,Male,,Bachelor degree,White,,City or urban community,,48,Democratic party,
R_3Hn6oEVGcuEuffW,,,,,,,,,,1.6,7.7,3.1,oklahoma,Male,,Bachelor degree,White,,Suburban community,,32,Democratic party,
R_2uD6fEmPICQ6qtm,,,,,,,,,,7,3,9,Texas,Female,,Bachelor degree,White,,Rural community,,47,Republican Party,
R_yEm43v6H05l5F2V,,,,,,,1,8,5.9,,,,NC,Female,,Some college but no degree,White,,Suburban community,,48,Democratic party,
R_3sidrJqcs6OLPjD,,,,1,6.3,4.1,,,,,,,florida,Male,,Associate degree,Asian,,Suburban community,,22,Democratic party,
R_2ypvHantxv8UBhP,1.7,4.1,9,,,,,,,,,,NC,Female,,Bachelor degree,White,,Suburban community,,31,Republican Party,
R_2AHfwSXSGS73Tdx,,,,,,,1,9,5,,,,california,Male,,Some college but no degree,"Spanish, Hispanic, or Latino",,City or urban community,,26,Independent,
R_1d5LD17t0k43u2e,2.4,3.9,7.7,,,,,,,,,,Washington,Male,,Bachelor degree,White,,Suburban community,,28,Democratic party,
R_1MQj9Bv74TsB5Jy,,,,2.1,9,2.6,,,,,,,Ohio,Female,,Some college but no degree,White,,Rural community,,26,Republican Party,
R_2CUijpYA6TFvhfc,,,,,,,,,,1,9,5.1,Texas,Female,,Bachelor degree,White,,Suburban community,,34,Independent,
R_2b2Hch8EMJ9T8Iy,,,,,,,,,,9,1,1,Louisiana,Female,,Bachelor degree,White,,City or urban community,,42,Democratic party,
R_31bWEKxmGbSaT3q,,,,,,,8,7.7,2.3,,,,Ca,Female,,"High school degree or equivalent (e.g., GED)",White,,Rural community,,34,Republican Party,
R_1g5hth79nHqjWhb,,,,3,7,3,,,,,,,PA,Female,,Some college but no degree,White,,Suburban community,,69,Independent,
R_6maFfiA3O7yaBR7,,,,7.2,1.4,9,,,,,,,Pennsylvania,Female,,Bachelor degree,White,,Rural community,,26,Democratic party,
R_8Cb6HDvS6qJ2iJP,,,,,,,1.1,8.2,8.1,,,,Louisiana,Female,,Some college but no degree,White,,City or urban community,,29,Independent,
R_2rN5wFWpVKZsrvH,4,4.8,9,,,,,,,,,,CO,Female,,Bachelor degree,White,,Suburban community,,51,Independent,
R_2c0YJ2WyVWyzR8Z,,,,,,,,,,1,9,7.3,VT,Female,,Associate degree,White,,Suburban community,,20,Republican Party,
R_74zELAGmyjXWd8Z,1,1,1,,,,,,,,,,California,Male,,"High school degree or equivalent (e.g., GED)","Spanish, Hispanic, or Latino",,Suburban community,,25,Independent,
R_2zhVcZTIQzE455P,,,,1.6,5.1,6.1,,,,,,,Michigan,Male,,Some college but no degree,White,,Suburban community,,34,Democratic party,
R_R5dLYYXTdIR38Ah,1,9,5,,,,,,,,,,CA,Male,,Bachelor degree,Asian-American,,Suburban community,,53,Democratic party,
R_1I6qxlFUj3rj2Qi,,,,7,3,9,,,,,,,KY,Female,,Graduate degree,White,,Suburban community,,43,Republican Party,
R_3QYPUXwL1NvEtbn,,,,,,,,,,2,4,4,PA,Female,,Bachelor degree,White,,Suburban community,,60,Other (please specify):,no party affilation
R_3EHfMw9SlYVEKye,,,,,,,4,1,1,,,,Florida,Male,,Bachelor degree,White,,Suburban community,,58,Republican Party,
R_3Du7rdCt47TDDFH,,,,1,2.3,8.2,,,,,,,California,Female,,Graduate degree,White,,Suburban community,,44,Independent,
R_Zzd8jOnc9wcXtw5,,,,,,,3.3,6.9,3.7,,,,michigan,Female,,Some college but no degree,White,,Rural community,,44,Republican Party,
R_BrXLtevuGkSvOOl,,,,,,,1.2,9,9,,,,PA,Female,,Some college but no degree,Asian,,Suburban community,,34,Republican Party,
R_3MLHJ3DB4Kxi2wq,3.6,4.1,8.1,,,,,,,,,,californina,Female,,Bachelor degree,White,,Suburban community,,36,Independent,
R_24H0EeehmS6ZqJZ,,,,,,,,,,8.2,2.5,8.7,Florida,Male,,Some college but no degree,White,,Suburban community,,52,Democratic party,
R_12Jtm8wxj35SbOg,,,,9,3,5.1,,,,,,,Ohio,Male,,Some college but no degree,White,,Rural community,,47,Libertarian Party,
R_2QzndkbCmiHRJ0C,3.8,3.1,3.9,,,,,,,,,,Colorado,Male,,"High school degree or equivalent (e.g., GED)",White,,City or urban community,,25,Independent,
R_qwtdvaRetpRAoUx,1.9,4.1,5.6,,,,,,,,,,OR,Female,,Bachelor degree,Black or African-American,,City or urban community,,33,Democratic party,
R_BQvoPaihyRbs8tb,,,,,,,,,,3.6,8.8,7.4,Florida,Male,,Bachelor degree,"Spanish, Hispanic, or Latino",,City or urban community,,36,Independent,
R_d3Snhsh5PIgSCQx,,,,,,,3,2.2,6.8,,,,PA,Female,,Bachelor degree,White,,Suburban community,,36,Republican Party,
R_vubAYW6yUzawjZf,,,,,,,,,,1.9,4.4,7.7,OHIO,Female,,Some college but no degree,White,,Suburban community,,54,Democratic party,
R_4V34ysmQVBhE3N7,,,,,,,,,,4,5,4,MA,Male,,Graduate degree,White,,City or urban community,,54,Democratic party,
R_1po3Iwt66Rl9tcw,,,,2,3.5,8.2,,,,,,,California,Male,,Bachelor degree,White,,Suburban community,,31,Independent,
R_1prhMXddkQyiKWN,,,,,,,1,5.2,9,,,,NewYork,Male,,Some college but no degree,Other (please specify):,Bi racial mixed race multi ethnic,City or urban community,,47,Other (please specify):,Neutral
R_3feYMGUTgHQO5is,,,,1,5.3,5.2,,,,,,,NC,Female,,Bachelor degree,Black or African-American,,Suburban community,,30,Democratic party,
R_31NugILdPa4IjVw,,,,6.5,6.8,6.5,,,,,,,pa,Female,,Some college but no degree,White,,Suburban community,,21,Republican Party,
R_3IWwmGpoSEyb4iZ,8.3,1,7.4,,,,,,,,,,Michigan,Male,,Some college but no degree,White,,Suburban community,,68,Republican Party,
R_290a87lgfgIzIIw,,,,,,,1,4.3,6.4,,,,Nebraska,Female,,Some college but no degree,White,,Suburban community,,20,Democratic party,
R_3JEkzZysWHyyUBA,7,3,9,,,,,,,,,,Utah,Male,,Some college but no degree,White,,City or urban community,,47,Democratic party,
R_2rX0rdUsbMj6bD3,,,,,,,,,,8.2,2.2,8.1,CA,Female,,Some college but no degree,White,,Suburban community,,65,Independent,
R_CmltkVWo27an7jz,,,,,,,1,9,9,,,,Georgia,Male,,Associate degree,"White,Black or African-American",,Suburban community,,28,Independent,
R_10r58tspyU8kezB,9,1,8.4,,,,,,,,,,WI,Female,,Some college but no degree,White,,Suburban community,,47,Independent,
R_3E9DOO1C1qzbXoz,,,,9,3.1,8.2,,,,,,,New York,Male,,Graduate degree,White,,Suburban community,,32,Libertarian Party,
R_3soah9Bs3UfpUsD,2.8,7.5,6,,,,,,,,,,Texas,Female,,Bachelor degree,White,,Suburban community,,41,Republican Party,
R_2RWJvEJ5NzhYavG,,,,9,5,9,,,,,,,Ohio,Male,,Bachelor degree,White,,Rural community,,56,Independent,
R_cTsSMT6xB37H47D,,,,,,,,,,2,5.1,3.1,California,Female,,Graduate degree,White,,City or urban community,,31,Democratic party,
R_3EKyVSsVCEkqhTZ,,,,,,,5.4,6.4,4,,,,Pennsylvania,Female,,"High school degree or equivalent (e.g., GED)",White,,Rural community,,19,Independent,
R_2XbLf9TCyYJ64Os,,,,,,,1,7.5,9,,,,California,Male,,Bachelor degree,Asian,,Suburban community,,26,Democratic party,
R_22qQfIsUR0l1KK0,,,,5.6,4.2,6.9,,,,,,,Missouri,Female,,Some college but no degree,White,,Suburban community,,46,Republican Party,
R_3HOHLnZUOJ1Zx41,2.9,9,7.6,,,,,,,,,,New York,Female,,Some college but no degree,White,,Suburban community,,20,Democratic party,
R_3MfBOT4yY449dE8,,,,,,,,,,3.6,6.9,8.3,Oklahoma,Male,,"High school degree or equivalent (e.g., GED)","White,Black or African-American",,"City or urban community,Suburban community",,30,Independent,
R_2TOhrWPsJtNRHYV,9,1,9,,,,,,,,,,Delaware,Female,,"High school degree or equivalent (e.g., GED)",White,,Suburban community,,45,Independent,
R_3MFhNAw9AREBMe0,,,,,,,,,,8.7,3.2,8.5,Wisconsin,Male,,Graduate degree,White,,City or urban community,,36,Republican Party,
R_1KiNKt8ls33wUXQ,,,,,,,9,9,9,,,,Michigan,Female,,Less than high school degree,White,,City or urban community,,44,Democratic party,
R_UzOZNuKhRcq03a9,,,,9,1,4.5,,,,,,,KY,Female,,Bachelor degree,White,,Rural community,,38,Republican Party,
R_2ZQWz5fCDURPelq,1,4,9,,,,,,,,,,California,Male,,Some college but no degree,Asian,,Suburban community,,23,Democratic party,
R_tSfWyMffVK7L6hP,,,,,,,7,4.6,7,,,,Utah,Male,,Bachelor degree,White,,Suburban community,,67,Republican Party,
R_2t5wWqFz6LrbBg5,,,,,,,,,,9,1.9,1,MI,Male,,Some college but no degree,White,,City or urban community,,37,Democratic party,
R_1poFgxOm0uR1wh4,,,,1,9,1,,,,,,,FL,Female,,"High school degree or equivalent (e.g., GED)",White,,City or urban community,,19,Democratic party,
R_2dYAjVmH2iBhhfv,,,,,,,,,,5,3,9,Colorado,Male,,Bachelor degree,Asian,,Suburban community,,31,Independent,
R_1Dpr8Jwwy4UuDou,,,,,,,,,,4.5,2.5,9,Michigan,Male,,Some college but no degree,White,,Suburban community,,31,Independent,
R_1dAAMJCSZ3MEDoD,,,,6.8,1.8,8.7,,,,,,,MN,Female,,Graduate degree,White,,Suburban community,,27,Republican Party,
R_3GBYTqjJpLmGEmd,,,,,,,1.5,2.5,3.8,,,,Nevada,Male,,Bachelor degree,White,,City or urban community,,,Democratic party,
R_3erl1y9Ze4Y9opU,1,2,1,,,,,,,,,,ohio,Female,,Bachelor degree,White,,Suburban community,,34,Democratic party,
R_2QmIdgyfdglBzuM,,,,,,,,,,8,1.4,7.2,Georgia,Male,,"High school degree or equivalent (e.g., GED)",White,,Suburban community,,52,Republican Party,
R_2VxASqaaTCvhZTp,5.2,5.2,5.2,,,,,,,,,,Florida,Male,,Bachelor degree,White,,City or urban community,,23,Democratic party,
R_2QMt3Q9XqQ3o7Es,,,,,,,1,5,4.4,,,,CA,Male,,Some college but no degree,"Spanish, Hispanic, or Latino",,City or urban community,,28,"Libertarian Party,Independent",
R_1KjPqyaRXLWCgTY,1,5,9,,,,,,,,,,ohio,Male,,Some college but no degree,White,,Suburban community,,64,Republican Party,
R_3oTTcvGnZQwZWqH,,,,,,,,,,3,7.8,6.9,Ohio,Female,,Bachelor degree,"Spanish, Hispanic, or Latino",,Suburban community,,24,Green Party,
R_3MzziuXSxKhv8oe,,,,,,,2.5,5,5,,,,Virginia,Female,,Associate degree,White,,Suburban community,,74,Independent,
R_3r05hZ5YWpNNPrm,,,,,,,,,,5.1,6.3,3.5,ky,Female,,Graduate degree,White,,Rural community,,25,Republican Party,
R_9n28z0OcnhxQz3b,,,,1.1,8.7,1.3,,,,,,,Idaho,Male,,"High school degree or equivalent (e.g., GED)",White,,City or urban community,,38,Independent,
R_3qli43ToOzcnTzf,,,,,,,5.1,9,7,,,,Illinois,Male,,Bachelor degree,White,,Suburban community,,24,Democratic party,
R_DCyC8N7qlQ2DKkF,2,7.2,6,,,,,,,,,,ma,Female,,Bachelor degree,White,,City or urban community,,27,Democratic party,
R_1gw3rrgX0zl4fOU,,,,9,1,1,,,,,,,Indiana,Male,,Bachelor degree,Other (please specify):,biracial,City or urban community,,59,Libertarian Party,
R_27kSgwEDfp8l9n0,,,,,,,,,,5.1,8.5,3.8,CA,Female,,Less than high school degree,"Spanish, Hispanic, or Latino",,Suburban community,,28,Independent,
R_29t3vhk8vm67fBz,,,,3.6,4.2,7.6,,,,,,,South Carolina,Male,,Some college but no degree,White,,Suburban community,,26,Independent,
R_29gF1Ghqmoa8nxh,,,,,,,4.3,7.4,7.5,,,,NH,Male,,Bachelor degree,White,,City or urban community,,29,Independent,
R_3FONRrVwbsiFRJT,,,,,,,9,6.1,7.2,,,,California,Female,,Some college but no degree,Asian,,Suburban community,,20,Democratic party,
R_1Kd7XOROTJE3LiU,,,,1,8.2,6,,,,,,,nh,Female,,"High school degree or equivalent (e.g., GED)",White,,City or urban community,,32,Independent,
R_28D2wu86R6r0GnY,1,7.5,7,,,,,,,,,,New York,Male,,Bachelor degree,White,,Suburban community,,23,Democratic party,
R_28HRAtAX33CgRcq,,,,,,,,,,8.8,3.4,8.1,Illinois,Male,,Bachelor degree,White,,Suburban community,,31,Republican Party,
R_2pLz77DgcOm0iMH,1,5,1,,,,,,,,,,california,Female,,Bachelor degree,White,,Suburban community,,61,Democratic party,
R_31SNf9ncY3VMfXd,7.6,3,8.7,,,,,,,,,,Oregon,Female,,Bachelor degree,White,,Rural community,,42,Democratic party,
R_24uQLlVkNE0ZHdh,,,,,,,,,,8.1,4,9,California,Female,,Bachelor degree,White,,City or urban community,,25,Democratic party,
R_2cA9b9b3EgSem2w,,,,1,5.2,3,,,,,,,Indiana,Male,,Bachelor degree,Black or African-American,,City or urban community,,36,Democratic party,
R_3ERzHJVOGGBK4Pk,,,,,,,,,,1.9,5.1,1.9,IL,Male,,Graduate degree,White,,Rural community,,47,Republican Party,
R_XX7aPGOWB4QwLzH,1,4.5,9,,,,,,,,,,ohio,Female,,Some college but no degree,White,,Suburban community,,19,Democratic party,
R_1Lv4Gv1ShMAmbQi,,,,8.3,1,9,,,,,,,PA,Female,,Bachelor degree,White,,Rural community,,28,Republican Party,
R_3EKJxqxyzbXnJZD,,,,,,,2,9,6.3,,,,VA,Female,,Bachelor degree,White,,Rural community,,31,Republican Party,
R_2YPrwq9LCPUYAna,,,,,,,2,8,8,,,,louisiana,Male,,Bachelor degree,White,,City or urban community,,57,Independent,
R_2tKlGW1q9ZIroT9,,,,3.4,9,3.5,,,,,,,mi,Female,,Some college but no degree,Black or African-American,,City or urban community,,20,Democratic party,
R_2VxA6e1qoOd3keE,3,5,7.9,,,,,,,,,,New jersey,Female,,"High school degree or equivalent (e.g., GED)",White,,Suburban community,,58,Democratic party,
R_BK95IapNqlMXqTv,,,,,,,1.8,4.9,8.3,,,,Georgia,Female,,Bachelor degree,Black or African-American,,Suburban community,,62,Democratic party,
R_30xftoqMUYD9bAX,,,,,,,,,,8.4,2.3,4,NM,Male,,Bachelor degree,White,,Suburban community,,34,Libertarian Party,
R_yW3zDe6FvZMYh1v,,,,,,,1,4.2,5.7,,,,Kentucky,Male,,Bachelor degree,Black or African-American,,Suburban community,,28,Democratic party,
R_3PvnDVyGGAQq2fF,,,,6,4,7,,,,,,,PA,Male,,Bachelor degree,White,,Suburban community,,37,Independent,
R_6Jbw5GKphzc4lRT,,,,,,,2.2,8,8,,,,Florida,Male,,Associate degree,White,,City or urban community,,35,Democratic party,
R_1kFdiuFNs8l48Vp,1,9,9,,,,,,,,,,Wisconsin,Female,,Some college but no degree,White,,Rural community,,22,Republican Party,
R_7NVx3jjPrR8ehTr,,,,1,9,3.3,,,,,,,TEXAS,Female,,Bachelor degree,White,,City or urban community,,32,Republican Party,
R_2YJ9HFJc9DWP8qk,,,,9,2,8.1,,,,,,,New Jersey,Female,,Graduate degree,White,,Suburban community,,32,Republican Party,
R_1kLKXEVRMoO87ig,7.1,5,6,,,,,,,,,,Michigan,Male,,Graduate degree,White,,City or urban community,,32,Republican Party,
R_2QmjxSzHaQYcou9,,,,,,,1,9,5,,,,pa,Male,,Some college but no degree,White,,Suburban community,,41,Democratic party,
R_2R9WlPdq1Du1cjw,,,,,,,,,,6,8,6,CA,Female,,Bachelor degree,Asian,,City or urban community,,28,Independent,
R_2E4AKq3uy5FCA8V,9,1,1,,,,,,,,,,Colorado,Male,,Some college but no degree,White,,Rural community,,39,Republican Party,
R_pDJ8tmEBGfNHkC5,,,,1,5.8,6.3,,,,,,,Maryland,Female,,Bachelor degree,White,,Suburban community,,31,Democratic party,
R_2UWNcNtY0dxvfkq,,,,,,,,,,4.3,9,6.2,florida,Female,,Associate degree,Black or African-American,,City or urban community,,40,Republican Party,
R_2PhPRfKjQopEK25,7,4,8.3,,,,,,,,,,SD,Female,,Associate degree,White,,Other (please specify):,"Small city about 20,000 population",39,Independent,
R_2wnVONHwzSmMk5D,,,,,,,1.6,8,9,,,,Alabama,Female,,Some college but no degree,Black or African-American,,City or urban community,,24,"Democratic party,Independent",
R_6swiIhpBqxpocal,,,,,,,,,,1.1,9,6.3,Nevada,Male,,"High school degree or equivalent (e.g., GED)",Native Hawaiian or other Pacific Islander,,Suburban community,,32,Republican Party,
R_DGAZjfLDyqONIGJ,,,,2.4,7.3,7.1,,,,,,,Texas,Female,,Bachelor degree,White,,City or urban community,,23,Democratic party,
R_26hZMSbLwumjpIP,,,,,,,,,,7,8,6,NY,Female,,Associate degree,White,,Suburban community,,42,Democratic party,
R_2t5MPZNpoEEabRC,9,2.7,1,,,,,,,,,,new jersey,Male,,Bachelor degree,White,,Suburban community,,37,Republican Party,
R_siBCQ5klTXxv3Tb,6,9,9,,,,,,,,,,MINNESOTA,Female,,Graduate degree,White,,Suburban community,,31,Democratic party,
R_6KjYxui32xC8qB3,,,,,,,1,7.9,9,,,,California,Female,,Some college but no degree,Asian,,Rural community,,33,Republican Party,
R_W2mheIAZKKEp9dv,,,,,,,3.4,5.1,5.1,,,,VA,Female,,Graduate degree,Black or African-American,,City or urban community,,26,Democratic party,
R_Djh6cISU8WogKEV,,,,,,,,,,6,7,8,Michigan,Male,,Some college but no degree,White,,City or urban community,,36,Independent,
R_1C7tzygCjdzch7Y,,,,1.1,9,2.2,,,,,,,WA,Male,,Associate degree,White,,Suburban community,,29,Independent,
R_8vLLZyjh3sqxdMR,,,,2.2,9,8.6,,,,,,,Pa,Female,,Bachelor degree,White,,Suburban community,,43,Republican Party,
R_1LuhYzGQMTwtP1i,,,,,,,1.4,7.1,8.3,,,,illinois,Female,,"High school degree or equivalent (e.g., GED)",White,,City or urban community,,26,Democratic party,
R_2DZVK6Lyyw2o8JI,,,,,,,,,,8.1,6.4,8,tx,Female,,Bachelor degree,Asian,,Suburban community,,58,Independent,
R_2UVDvFNSo2BWwm6,,,,1.2,5,4.8,,,,,,,Pennsylvania,Female,,Bachelor degree,White,,Suburban community,,54,Democratic party,
R_1QfP6WuVzEeWRhX,,,,,,,,,,5.1,9,5.1,PA,Female,,Bachelor degree,White,,City or urban community,,53,Democratic party,
R_sShjTnu3bA6LMkx,8,2.7,8.5,,,,,,,,,,ID,Male,,Graduate degree,White,,Suburban community,,50,Independent,
R_1ImFKc6ZQ9VZRVK,,,,,,,,,,6,3.4,9,new york,Male,,Bachelor degree,White,,Rural community,,31,Republican Party,
R_3exz6RR6R7Z2Fua,2.5,5,7.5,,,,,,,,,,Michigan,Female,,Some college but no degree,White,,Suburban community,,58,Republican Party,
R_2QQaSOOpHPNUe4t,,,,9,9,9,,,,,,,Indiana,Male,,Bachelor degree,White,,Suburban community,,34,Republican Party,
R_31S2tdNRnsA3iNZ,3.6,4.4,5.6,,,,,,,,,,Washington,Male,,Bachelor degree,White,,Suburban community,,30,Independent,
R_21bO5i9WDSBwFWX,9,7.4,8.2,,,,,,,,,,US,Male,,Bachelor degree,White,,Rural community,,30,Republican Party,
R_2xwKJkx9ZydvmyS,,,,,,,1,9,1,,,,Texas,Female,,"High school degree or equivalent (e.g., GED)",White,,Rural community,,57,Republican Party,
R_1Ed1cYROiqaTgak,,,,,,,,,,4,3,8.3,Nebraska,Female,,Some college but no degree,White,,Rural community,,46,Democratic party,
R_bkJygqa7perZ5Dj,,,,,,,1,9,9,,,,Pennsylvania,Female,,"High school degree or equivalent (e.g., GED)",White,,Suburban community,,28,Libertarian Party,
R_3Rqqo9RYwUpVF0x,,,,,,,,,,7,6.2,7.9,Texas,Female,,Some college but no degree,White,,Rural community,,19,"Democratic party,Independent",
R_pinVlfUA9WE8sQp,,,,,,,1,9,2.3,,,,NY,Male,,Bachelor degree,White,,Suburban community,,62,Republican Party,
R_3dLK21lu4IKTddE,,,,,,,4.5,5.5,5.3,,,,Texas,Male,,Bachelor degree,White,,Suburban community,,63,Republican Party,
R_10NrznPQEVWJYo0,,,,9,2,6.1,,,,,,,WI,Female,,Some college but no degree,White,,Rural community,,51,Republican Party,
R_31ux4nEd9wwf0nv,,,,5.9,2.1,9,,,,,,,Ohio,Female,,Some college but no degree,White,,Rural community,,29,Independent,
R_4OqdWhkkZMdpKKZ,8,8,8.5,,,,,,,,,,Illinois,Female,,Graduate degree,White,,City or urban community,,24,Democratic party,
R_2BfgsvA3DBsTZTY,,,,,,,3.4,3.9,8.2,,,,Iowa,Male,,Bachelor degree,White,,Rural community,,49,Independent,
R_pslJLVnqll2DdzH,,,,,,,,,,1,7.5,1.8,NC,Other (please specify):,Nonbinary,Graduate degree,White,,Suburban community,,38,Democratic party,
R_3CJhiXaDD5myOxG,8.6,8.5,8.3,,,,,,,,,,USA,Male,,Bachelor degree,Black or African-American,,City or urban community,,30,Republican Party,
R_2v81baBvT7wzTau,4,5.9,6.7,,,,,,,,,,,,,Some college but no degree,Asian,,Suburban community,,31,Other (please specify):,
R_2yjb276p5S7dq30,,,,1,4,8,,,,,,,Missouri,Female,,Bachelor degree,"White,Black or African-American,Asian",,Suburban community,,24,Republican Party,
R_2CeNdtFL9Nf5Ddx,,,,,,,,,,1,8.3,2.9,Texas,Female,,Graduate degree,"Spanish, Hispanic, or Latino",,"Suburban community,Rural community",,30,Democratic party,
R_sXL4KiOvHKLwt69,,,,,,,2,7.6,7.7,,,,Arkansas,Female,,Bachelor degree,Asian,,Rural community,,43,Independent,
R_eVgxiiYXMMpjEu5,,,,,,,,,,1,8,7,New York,Male,,Bachelor degree,Black or African-American,,City or urban community,,24,Independent,
R_BVdY3tQ9BdwerhD,,,,,,,1,4,2.3,,,,Texas,Female,,Bachelor degree,"Spanish, Hispanic, or Latino",,Suburban community,,25,Democratic party,
R_1IggfoRaV60aJYG,3.2,9,1.2,,,,,,,,,,OH,Female,,Some college but no degree,White,,Rural community,,59,Democratic party,
R_2X0eC4AT7fpnGcw,1,9,9,,,,,,,,,,california,Female,,Graduate degree,Black or African-American,,Suburban community,,40,Democratic party,
R_2fAJzTB9xBbNJzU,,,,6.4,7,4.5,,,,,,,Ny,Male,,Graduate degree,White,,City or urban community,,32,Democratic party,
R_1K1rlvkiseSDDbG,,,,2.9,9,2.6,,,,,,,Louisiana,Female,,Some college but no degree,Black or African-American,,Rural community,,43,Independent,
R_2tfWApLuBWqm2BI,,,,,,,1,5,1,,,,New York,Female,,Bachelor degree,Black or African-American,,Suburban community,,33,Democratic party,
R_3mlep7j02S1VNNt,,,,,,,,,,7.1,2.9,9,georgia,Female,,Bachelor degree,White,,Suburban community,,31,Republican Party,
R_3sA6ejdsoq8n9Id,,,,,,,,,,8.5,3,9,Ohio,Male,,Bachelor degree,White,,Suburban community,,26,Democratic party,
R_8wso5acnGId3csN,,,,,,,2,7,8,,,,California,Male,,Bachelor degree,Asian-American,,Suburban community,,32,Republican Party,
R_3mlNITao96gdbDh,6.7,3.1,6.6,,,,,,,,,,GEORGIA,Female,,Bachelor degree,White,,City or urban community,,45,Republican Party,
R_2uQioECBCtw6qYr,6.1,3.9,5.1,,,,,,,,,,Missouri,Female,,Some college but no degree,White,,Suburban community,,63,Independent,
R_3qvu5BzfY5FnZwO,,,,1,2.8,1.6,,,,,,,New York,Male,,Bachelor degree,Black or African-American,,City or urban community,,24,Democratic party,
R_290r9ibo3EhJP7I,,,,8,4,2,,,,,,,CA,Female,,Graduate degree,White,,Suburban community,,25,Democratic party,
R_VOOoE4D0jGb4DUB,,,,,,,,,,3,4,7,New Mexico,Male,,Some college but no degree,American Indian or Alaskan Native,,City or urban community,,23,Democratic party,
R_eh8E0kW5aeJV6Nz,5.5,5,2.8,,,,,,,,,,llinois,Female,,Bachelor degree,Black or African-American,,Suburban community,,62,Democratic party,
R_0wcKeN8G6Ct1iDv,,,,,,,6.6,9,4,,,,NY,Female,,Bachelor degree,White,,Rural community,,37,Democratic party,
R_7WLwMxXieNT4QRb,,,,,,,,,,7.2,4,8.2,MN,Female,,Bachelor degree,White,,Suburban community,,44,Republican Party,
R_2SwSvgrPlxXm6TV,,,,,,,,,,7.6,3.5,9,CA,Female,,"High school degree or equivalent (e.g., GED)",Asian,,Suburban community,,26,Democratic party,
R_1kHpTQ2JuKfBSi7,,,,7.7,3.2,8.6,,,,,,,Pennsylvania,Female,,Some college but no degree,Black or African-American,,City or urban community,,47,Independent,
R_2RV9x8EXn78Fu8X,1,9,1,,,,,,,,,,Kentucky,Male,,Some college but no degree,White,,Rural community,,31,Independent,
R_2Sejcc9UWLfQQZ7,,,,1.4,8.1,5.7,,,,,,,tennessee,Female,,Some college but no degree,White,,Suburban community,,23,Independent,
R_2RaHu1JwJiYh3mm,,,,,,,,,,1.8,3.1,8,in,Female,,Graduate degree,White,,Suburban community,,42,Republican Party,
R_3lSLffXml2mDJVK,,,,7,7,9,,,,,,,Ohio,Male,,Bachelor degree,White,,Suburban community,,29,Independent,
R_OeOzpft4WYTesAV,,,,,,,1,8.6,7.9,,,,New Jersey,Female,,Some college but no degree,"Spanish, Hispanic, or Latino,Black or African-American",,Suburban community,,33,Independent,
R_2xXh2bPjV0lhLz9,8.1,7.5,7.7,,,,,,,,,,Texas,Female,,"High school degree or equivalent (e.g., GED)",White,,Suburban community,,58,Democratic party,
R_zYfPRZ3My43CBAl,,,,,,,,,,7.6,8.1,8,florida,Female,,"High school degree or equivalent (e.g., GED)",Black or African-American,,"City or urban community,Rural community,Other (please specify):",,22,Democratic party,
R_3ma8meQWNNQnpmS,,,,,,,1,8,9,,,,Arizona,Female,,Bachelor degree,White,,City or urban community,,48,Democratic party,
R_1GV6RGpJiGHBFak,,,,1.1,2.7,7.7,,,,,,,Michigan,Female,,Bachelor degree,White,,Rural community,,29,Republican Party,
R_skdjp7LCKu38QN3,7.1,5.8,6.5,,,,,,,,,,illinois,Female,,Some college but no degree,White,,City or urban community,,41,"Democratic party,Independent",
R_30er0avRMCmBqRC,,,,,,,,,,2,9,6,New Jersey,Male,,Associate degree,White,,Suburban community,,27,Republican Party,
R_1IaWG9yQocrVbbT,1.5,6,3.5,,,,,,,,,,Vermont,Male,,Bachelor degree,White,,Suburban community,,26,Republican Party,
R_1PRwz4FcbzIcA1w,,,,,,,6.9,9,9,,,,Texas,Female,,Bachelor degree,Black or African-American,,City or urban community,,38,Democratic party,
R_2CIJomplGXaDwrx,,,,2.7,3.6,3.1,,,,,,,New Jersey,Male,,Bachelor degree,White,,Suburban community,,46,Republican Party,
R_tRJI3uRu4coPmDL,,,,7.4,7.9,7.5,,,,,,,CA,Male,,Bachelor degree,White,,City or urban community,,27,Democratic party,
R_3qF4Lg0LO3aapkn,,,,,,,,,,5.8,6.1,4.1,Ohio,Female,,Graduate degree,Other (please specify):,Mixed,Rural community,,35,Independent,
R_1mOzwey9eZhz9lJ,2,8.5,4,,,,,,,,,,California,Female,,Some college but no degree,White,,Suburban community,,54,Democratic party,
R_2B2PMA5kxYedjNa,,,,,,,6,8,9,,,,FL,Female,,Some college but no degree,White,,Suburban community,,38,Democratic party,
R_6stOGI9uwLWiw2R,,,,4.5,5.1,4.7,,,,,,,Wisconsin,Male,,Bachelor degree,White,,Rural community,,27,Republican Party,
R_3KTJPT0TJvVUXVY,,,,,,,1,9,4,,,,,Female,,Graduate degree,White,,Suburban community,,27,Democratic party,
R_1QDFjkaY7bQ0bU0,,,,,,,6,8,9,,,,Florida,Female,,Bachelor degree,White,,City or urban community,,56,Independent,
R_1P29eNq629Q68Hf,1.5,8.6,3.8,,,,,,,,,,Virginia,Male,,Bachelor degree,White,,Suburban community,,28,Republican Party,
R_PvuCL5g6GA8G4h3,,,,,,,,,,4,7,7,ca,Female,,Associate degree,"Asian,Asian-American",,Suburban community,,50,Democratic party,
R_2DTbob76aNDxOZT,1,9,4,,,,,,,,,,Texas,Female,,Bachelor degree,White,,City or urban community,,40,Independent,
R_pgE2XNPXUdCh5aF,,,,5.2,9,3.5,,,,,,,Missouri,Female,,"High school degree or equivalent (e.g., GED)",White,,Rural community,,55,Republican Party,
R_3KJ9sPkEYYhLBRZ,,,,,,,,,,9,8,9,California,Female,,"High school degree or equivalent (e.g., GED)",Asian,,City or urban community,,19,Democratic party,
R_3ERpbj4YLJPAFCH,1,6.6,1,,,,,,,,,,Wisconsin,Female,,Some college but no degree,White,,City or urban community,,21,Independent,
R_0SXEm734MOyMOGd,,,,9,1,6.6,,,,,,,mt,Male,,Some college but no degree,White,,Suburban community,,43,Republican Party,
R_2rpTrELsHLUVEyO,,,,,,,3.4,6.1,8.5,,,,Utah,Male,,Associate degree,White,,Suburban community,,33,Independent,
R_1jvmPK26I51h98m,1,9,2.6,,,,,,,,,,California,Male,,Bachelor degree,White,,City or urban community,,32,Democratic party,
R_1gb9F8byOlAAynp,,,,,,,,,,3,8,9,Washington,Female,,Bachelor degree,White,,Suburban community,,34,Democratic party,
R_TvJ1J7Fle8gb077,,,,4.1,6.9,6.2,,,,,,,texas,Female,,Bachelor degree,White,,Rural community,,29,Republican Party,
R_2PpwpmUSCZNIGqP,,,,,,,3.2,6.6,7.3,,,,michigan,Female,,Graduate degree,White,,Suburban community,,57,Republican Party,
R_39KfeEIpzrKo7WV,1.7,7.4,8,,,,,,,,,,Colorado,Male,,Associate degree,White,,City or urban community,,29,Libertarian Party,
R_1lAx4wJnMsuZIHV,,,,,,,,,,7.1,3.9,9,Washington,Male,,"High school degree or equivalent (e.g., GED)",White,,Suburban community,,29,Democratic party,
R_r7GT1pCGF85FjZ7,,,,8.5,2,4.5,,,,,,,NY,Male,,Bachelor degree,White,,Rural community,,35,Republican Party,
R_QhQKn9aHvtE9wVX,,,,,,,,,,1,9,2.9,Texas,Female,,Some college but no degree,Black or African-American,,Rural community,,41,Democratic party,
R_3KxdxR1p1msJhaH,,,,,,,1,1,1,,,,Ohio,Female,,Some college but no degree,White,,Suburban community,,21,Democratic party,
R_s6Y4MJxOm70G4Jr,,,,7.1,3.1,8.2,,,,,,,Maryland,Female,,Bachelor degree,White,,City or urban community,,23,Democratic party,
R_3M4Ip9i7mvzncWJ,,,,,,,,,,1,5.2,2.7,oklahoma,Female,,Bachelor degree,White,,Suburban community,,46,Democratic party,
R_2BaCKjh4kHdCZ2M,,,,,,,1,6.7,9,,,,Georgia,Female,,"High school degree or equivalent (e.g., GED)",White,,Rural community,,29,Republican Party,
R_21iA5nc2Eu75BTn,9,3,3,,,,,,,,,,Ohio,Male,,Bachelor degree,Other (please specify):,Middle Eastern Descent,Suburban community,,59,Independent,
R_3fiR6vDV0ITODTH,,,,,,,4.2,4.5,9,,,,AZ,Female,,Associate degree,White,,Suburban community,,50,Independent,
R_2fvZ4yCsp8zEomB,,,,,,,,,,9,5,1,Michigan,Male,,Associate degree,White,,City or urban community,,44,Republican Party,
R_22Eq7ZzT6TdXJb7,,,,,,,,,,3.5,5.9,6.8,Texas,Female,,Bachelor degree,American Indian or Alaskan Native,,City or urban community,,25,Democratic party,
R_21B8LNtUxHdEpBe,6,5,6,,,,,,,,,,Arizona,Female,,Some college but no degree,White,,Rural community,,29,Republican Party,
R_vxJPOhzgX1ltb8Z,7,5,9,,,,,,,,,,New York,Male,,Bachelor degree,White,,City or urban community,,40,Democratic party,
R_21BrrJSLZO5k5Cu,,,,,,,6.1,4.5,4.7,,,,UTAH,Female,,Some college but no degree,White,,Suburban community,,28,Republican Party,
R_9NSz0Dd53g2MZPP,,,,1,9,1,,,,,,,WI,Male,,"High school degree or equivalent (e.g., GED)",White,,Suburban community,,22,"Democratic party,Independent",
R_10N34HXiOIKLNhH,,,,8,3,6,,,,,,,Florida,Female,,Graduate degree,White,,Suburban community,,57,Democratic party,
R_12L4Z0foV21ytcN,,,,4,5,7,,,,,,,California,Male,,Some college but no degree,Asian,,Suburban community,,34,"Democratic party,Independent",
R_1n7oSxu2l22yrMv,,,,,,,4.1,9,4,,,,Connecticut,Female,,Associate degree,White,,Suburban community,,54,Democratic party,
R_1jIX2C8d2I6GI1w,,,,,,,,,,5.1,6.8,5,New York State,Male,,Graduate degree,White,,Suburban community,,48,Independent,
R_2TvfI6J08Yaxh1t,8.2,6.6,3.8,,,,,,,,,,Georgia,Male,,Associate degree,White,,Suburban community,,30,Democratic party,
R_12DTqqVZKd4Lwn1,,,,1.4,8.2,2.4,,,,,,,New York,Male,,Bachelor degree,Asian,,Suburban community,,25,Democratic party,
R_3L84iCDmX8DxbR0,,,,,,,,,,5.1,9,5.1,Ohio,Female,,Bachelor degree,Black or African-American,,Suburban community,,41,Democratic party,
R_3Eg1VMmnv8gYuoE,4.7,4.1,5.9,,,,,,,,,,Minnesota,Female,,Some college but no degree,White,,Suburban community,,39,Democratic party,
R_3exHHibiX5SSa01,,,,,,,,,,3,2,9,NC,Female,,Some college but no degree,Black or African-American,,Suburban community,,26,Republican Party,
R_BEO1Fg2srn4Vfwd,,,,,,,1,9,9,,,,North Carolina,Female,,Bachelor degree,White,,City or urban community,,26,Democratic party,
R_yECpJM7E99Tk7Xb,,,,2.9,3,9,,,,,,,FL,Female,,Bachelor degree,White,,Suburban community,,60,Other (please specify):,Libertarian
R_24PmbsuzOGbDTlW,7,3,8,,,,,,,,,,CT,Female,,Graduate degree,White,,Suburban community,,48,Democratic party,
R_28ZY6xji8CeJWTn,,,,,,,1,6.2,3.9,,,,Colorado,Male,,Bachelor degree,White,,City or urban community,,23,Democratic party,
R_eaCQNJJEEE6df8Z,3,7.1,6.5,,,,,,,,,,oh,Female,,Some college but no degree,White,,Suburban community,,56,Independent,
R_1hA6tfYZB82Aa2h,,,,2,9,7,,,,,,,Illinois,Female,,Bachelor degree,White,,City or urban community,,46,Democratic party,
R_1IY2OZZ3ZEXapU6,,,,,,,,,,8,4,9,Florida,Male,,Associate degree,White,,Suburban community,,25,Independent,
R_z8RjpiaSvoeOaK5,,,,,,,1.4,4.4,8.6,,,,michigan,Female,,Associate degree,White,,Rural community,,40,Republican Party,
R_6nazVwVbeh95go9,,,,,,,1,8.9,9,,,,TX,Female,,"High school degree or equivalent (e.g., GED)","White,Asian",,Suburban community,,35,Independent,
R_1jNxfAwKxGfVpDA,3,6,7,,,,,,,,,,Kentucky,Male,,Bachelor degree,White,,Suburban community,,42,Independent,
R_1OIRLm6phrZ5kX4,,,,,,,,,,9,1.5,7,Missouri,Male,,Bachelor degree,Other (please specify):,American,Rural community,,29,"Democratic party,Republican Party,Green Party,Libertarian Party,Other (please specify):,Independent",other
R_3gMgoBiFG4sLqtl,,,,,,,,,,9,1,1,IL,Female,,Associate degree,White,,Rural community,,36,Independent,
R_Ptgdo1H4hDokLCN,,,,,,,2.8,8,9,,,,Massachusetts,Male,,Graduate degree,White,,Suburban community,,46,Green Party,
R_3qNZJNeoRwJ5OHN,,,,2.9,4.1,8.7,,,,,,,Michigan,Female,,Bachelor degree,White,,Suburban community,,49,Independent,
R_3nTXcNRGadYxrSa,,,,8,1.5,9,,,,,,,Ohio,Female,,Some college but no degree,White,,Suburban community,,22,Democratic party,
R_1hYKf7QiP7ARdrC,7.3,7.4,8.8,,,,,,,,,,Ny,Female,,Bachelor degree,White,,Suburban community,,31,Democratic party,
R_2cupzEb3yMtIcXn,,,,,,,,,,7,4,4.4,Virginia,Female,,Some college but no degree,White,,Suburban community,,32,Independent,
R_26bCV52P8PqecBE,1.2,8.9,6.7,,,,,,,,,,Pennsylvania,Female,,Bachelor degree,White,,Suburban community,,45,Republican Party,
R_272tWuppOkoDYni,,,,,,,1,3,6.1,,,,Tennessee,Male,,Bachelor degree,White,,City or urban community,,35,Republican Party,
R_a4Qvvz3embVThFT,,,,2,4.1,7,,,,,,,Maine,Female,,Some college but no degree,White,,City or urban community,,36,Republican Party,
R_2bmmTiOwuUak9jz,,,,8.1,3,8.1,,,,,,,illinois,Male,,Some college but no degree,White,,City or urban community,,45,Republican Party,
R_3IRfpRU4BTlYZxT,2,9,4,,,,,,,,,,Illinois,Male,,"High school degree or equivalent (e.g., GED)",White,,Suburban community,,35,Independent,
R_oZVaXUxcdfIkmmR,7,6,9,,,,,,,,,,New Mexico,Female,,Bachelor degree,White,,Rural community,,51,Independent,
R_C9pgd4qFzqtNyDv,,,,,,,,,,9,2.1,6.3,Florida,Male,,Some college but no degree,White,,Suburban community,,49,Libertarian Party,
R_3rNVm2KVZs9uNSf,,,,,,,1,7,9,,,,CA,Male,,Bachelor degree,"Spanish, Hispanic, or Latino",,City or urban community,,38,Democratic party,
R_3n2k6bAMGMb2j8N,,,,,,,1,8.7,8.9,,,,Tennessee,Male,,Bachelor degree,White,,Suburban community,,37,Republican Party,
R_3nxyMQzxzOfzIBE,,,,3,4.1,5,,,,,,,California,Male,,Bachelor degree,Asian,,Suburban community,,57,Republican Party,
R_PtWyNKXsjWTdMl3,7.4,1,9,,,,,,,,,,IL,Female,,Some college but no degree,White,,Suburban community,,33,Democratic party,
R_3PUmeTdaibSWLYu,,,,,,,,,,1,9,1,,Female,,Bachelor degree,Asian-American,,City or urban community,,,Democratic party,
R_1mKHLPnNIGOg7JM,,,,9,1.4,5,,,,,,,Florida,Female,,Bachelor degree,White,,Suburban community,,24,Republican Party,
R_pJzd3Iiwq6RzPnb,,,,,,,,,,1,9,1,Florida,Female,,Some college but no degree,White,,Suburban community,,28,Republican Party,
R_TqlhguzS2d4CcpP,,,,,,,1,8.9,1,,,,New Jersey,Female,,Bachelor degree,White,,Suburban community,,43,Democratic party,
R_1pXz6q5aGl7XIlm,,,,,,,,,,9,4.1,6.2,Georgia,Male,,Bachelor degree,White,,Suburban community,,52,Republican Party,
R_sZ2xogUapwfvP9L,8.3,5.8,6.8,,,,,,,,,,tx,Male,,Bachelor degree,White,,City or urban community,,66,Republican Party,
R_3r1ZOhwqLZD6V2V,,,,,,,1,9,1,,,,Michigan,Female,,Some college but no degree,Black or African-American,,City or urban community,,20,Independent,
R_3EsQVAmWVnEqyM3,,,,1,8.9,1,,,,,,,NM,Female,,"High school degree or equivalent (e.g., GED)","Spanish, Hispanic, or Latino",,City or urban community,,53,Democratic party,
R_2zMyZYQ7pBLCFLI,,,,,,,,,,2,8,2,fl,Male,,Some college but no degree,White,,City or urban community,,51,Democratic party,
R_3qKxNTfSrnUYNTo,,,,9,1,9,,,,,,,California,Male,,Some college but no degree,White,,Suburban community,,23,Republican Party,
R_3PFRNhlisnMSyxj,1,9,7.7,,,,,,,,,,california,Male,,"High school degree or equivalent (e.g., GED)","Spanish, Hispanic, or Latino,White",,City or urban community,,29,Democratic party,
R_ebKs6KDGTp6d5fj,,,,,,,6,2.4,3.8,,,,maryland,Male,,Some college but no degree,White,,Suburban community,,32,Independent,
R_xfnSrgRxEdyShfH,1.7,8,6.7,,,,,,,,,,Maryland,Male,,Graduate degree,White,,Suburban community,,35,Independent,
R_z2wmrX0jaV8cAo1,,,,5.1,5.1,9,,,,,,,Alabama,Female,,Bachelor degree,White,,City or urban community,,71,Republican Party,
R_UaTpFo9r0wuvg2Z,,,,,,,,,,7.1,6.6,8,Oregon,Female,,Some college but no degree,White,,Suburban community,,23,Democratic party,
R_AEYYKTqWaS3JSZX,,,,,,,1.2,7,8.2,,,,virginia,Female,,Bachelor degree,Asian,,Suburban community,,28,Democratic party,
R_1ruk2cShavmSAmQ,1,9,9,,,,,,,,,,,Female,,Bachelor degree,"Spanish, Hispanic, or Latino",,City or urban community,,26,Democratic party,
R_3FKcrLKO25Ase2d,,,,4.7,1.6,8.1,,,,,,,Indiana,Male,,Bachelor degree,White,,Suburban community,,46,Republican Party,
R_2TSO2pd90gl6iDH,,,,,,,5.1,5.8,4.7,,,,florida,Male,,Some college but no degree,White,,Rural community,,30,Republican Party,
R_ZftOdbQQ5GDE7NT,1,1,3.5,,,,,,,,,,CA,Male,,Associate degree,White,,City or urban community,,46,Independent,
R_1JEcSiGRZJRii3M,,,,,,,,,,7,9,7,Florida,Male,,Some college but no degree,White,,City or urban community,,32,Republican Party,
R_21huAfvNtQIDbWy,,,,6,6,9,,,,,,,Iowa,Male,,Bachelor degree,White,,Suburban community,,33,Independent,
R_2bTaho4DWGC1Y6q,,,,,,,1.9,9,3.3,,,,AL,Female,,"High school degree or equivalent (e.g., GED)",Black or African-American,,City or urban community,,56,Democratic party,
R_3puuSP7mfFpc9O2,,,,,,,1.5,6.2,8.4,,,,Arizona,Male,,Bachelor degree,White,,Suburban community,,65,Republican Party,
R_1Nzy8CkPxdhQxmK,6.9,4,7.3,,,,,,,,,,ca,Male,,Graduate degree,White,,City or urban community,,36,Republican Party,
R_Q5MPG2LgyAq1H4B,,,,,,,,,,1,3,8,FL,Female,,Graduate degree,White,,City or urban community,,31,Republican Party,
R_247AweT2plZT1e2,,,,6,9,9,,,,,,,Alabama,Male,,"High school degree or equivalent (e.g., GED)",White,,Suburban community,,27,Democratic party,
R_3MtbfWmFZ2iZtcv,1.9,6.1,4.1,,,,,,,,,,OR,Male,,Bachelor degree,White,,City or urban community,,48,Democratic party,
R_6x3oZMKZdaqWlMt,,,,,,,2,9,2,,,,California,Female,,Graduate degree,White,,City or urban community,,66,Democratic party,
R_vekDDGSKXVKzYxb,,,,5,9,2.1,,,,,,,Texas,Female,,Associate degree,White,,Suburban community,,51,Republican Party,
R_3F3ZbXIrGQBN9Sd,,,,,,,,,,1,9,1,Florida,Female,,Some college but no degree,White,,Rural community,,32,Independent,
R_eeul5pKv2YA7pa9,1,8,8,,,,,,,,,,Maryland,Female,,Bachelor degree,White,,Rural community,,50,Republican Party,
R_3jViAGi9yiHJNaA,,,,1,9,9,,,,,,,Florida,Male,,Bachelor degree,"White,Black or African-American,Native Hawaiian or other Pacific Islander",,Suburban community,,30,Democratic party,
R_ZfO6A1BEQOuyUkp,,,,,,,4.1,2.8,3.9,,,,Arizona,Female,,"High school degree or equivalent (e.g., GED)",White,,Suburban community,,45,Republican Party,
R_1o7IHVydCrsxK3T,2.6,5.7,4.2,,,,,,,,,,California,Male,,Bachelor degree,Asian,,City or urban community,,26,Democratic party,
R_bNlgAtF6LWb4J6F,,,,,,,,,,1.3,3.2,6,California,Female,,Graduate degree,White,,City or urban community,,30,Democratic party,
R_3ITerWcODq6YTG1,,,,1.4,3.3,8,,,,,,,California,Male,,Bachelor degree,White,,City or urban community,,47,Democratic party,
R_3JhgqCZs0f591AB,,,,,,,,,,9,1,1,South Carolina,Male,,Bachelor degree,White,,Suburban community,,61,Independent,
R_27dk8NwLq1fhLeK,,,,5,9,1,,,,,,,ny,Male,,Associate degree,Asian,,"City or urban community,Suburban community",,20,Libertarian Party,
R_SVqZNkE7ae847M5,,,,,,,3.3,4,7.6,,,,California,Male,,Bachelor degree,"Spanish, Hispanic, or Latino",,Suburban community,,41,Democratic party,
R_1CxyPxB36OJ6whs,,,,,,,1,9,9,,,,texas,Female,,Associate degree,White,,City or urban community,,26,Democratic party,
R_1OIEXDJAzTnf8k8,,,,,,,,,,3,9,6.1,nevada,Male,,Some college but no degree,"Spanish, Hispanic, or Latino",,Suburban community,,20,Independent,
R_xnDZrmzjiGh0x4l,,,,8,1.1,8.5,,,,,,,la,Female,,Graduate degree,White,,Rural community,,45,Republican Party,
R_3snqwSIyPhMkfUk,,,,,,,1,9,9,,,,Oregon,Female,,Bachelor degree,White,,City or urban community,,43,Democratic party,
R_O23AQ5PryJHujZL,1,7.3,7.8,,,,,,,,,,IA,Female,,Bachelor degree,White,,Suburban community,,23,Republican Party,
R_3F4cTtHOW89m8Jn,6,4,5,,,,,,,,,,Michigan,Female,,Graduate degree,White,,Suburban community,,49,Democratic party,
R_2aDkdhMm2ps0RDv,,,,1,3,5,,,,,,,South Carolina,Male,,Some college but no degree,White,,Suburban community,,22,Republican Party,
R_2B5xPWzOncJJFtz,,,,,,,,,,7.5,3,8,California,Male,,Some college but no degree,"Asian,Asian-American",,City or urban community,,42,Democratic party,
R_1f2Znoz8XPxUMDU,,,,4,9,6.1,,,,,,,OR,Female,,Associate degree,White,,Rural community,,37,Republican Party,
R_08LlWUp3iuBYSIN,,,,,,,,,,8,2,7,Texas,Female,,Bachelor degree,White,,City or urban community,,61,Republican Party,
R_2U5ejsMclhK3Bap,,,,,,,,,,8.2,8.4,7.9,USA,Male,,Bachelor degree,Black or African-American,,Suburban community,,30,Republican Party,
R_3hsBtqgeIVwHl5N,1,5.1,2.7,,,,,,,,,,SD,Male,,Bachelor degree,White,,Rural community,,35,Democratic party,
R_3L7RLZjsJDpw27K,6.3,5.4,2.9,,,,,,,,,,Me,Female,,Bachelor degree,White,,Rural community,,22,Democratic party,
R_2asne28ehzWPWJ1,,,,,,,1,9,8,,,,New Jersey,Female,,Some college but no degree,White,,Suburban community,,41,Independent,
R_1DvPZ0p3z5iYohD,,,,,,,1.8,4.5,8.5,,,,New Mexico,Female,,Some college but no degree,"Spanish, Hispanic, or Latino",,Suburban community,,51,Independent,
R_2SfskVw8y78f2yC,,,,,,,2.1,8.2,8.2,,,,virginia,Male,,Bachelor degree,Asian,,Suburban community,,38,Republican Party,
R_xc213CGfKifgz2F,,,,2.4,3.5,2.2,,,,,,,oh,Male,,Associate degree,White,,Suburban community,,35,Independent,
R_1NrZkNpq3AAH60s,7.6,7.3,6.2,,,,,,,,,,Illinois,Female,,Bachelor degree,White,,City or urban community,,32,Independent,
R_cMEWdc94dY0RmNj,,,,,,,1,9,4.1,,,,Texas,Female,,Bachelor degree,"Spanish, Hispanic, or Latino",,City or urban community,,41,Democratic party,
R_2aWuuX0mvYKXLkJ,,,,,,,,,,9,1.1,6,Florida,Female,,Bachelor degree,White,,City or urban community,,55,Republican Party,
R_1FxpAZmiOxjdRYi,,,,2.9,9,8.2,,,,,,,KS,Male,,Graduate degree,White,,Suburban community,,29,Republican Party,
R_2VPClc0r1iONta9,,,,,,,,,,1,9,1,Connecticut,Male,,Bachelor degree,Black or African-American,,Suburban community,,51,Democratic party,
R_1TfGTzNeMYp3wJ3,,,,,,,1.5,6.5,9,,,,Wisconsin,Male,,Graduate degree,White,,Suburban community,,31,"Democratic party,Independent",
R_3QQuz5BK9nAFNPM,1,1,1,,,,,,,,,,ca,Female,,Graduate degree,"Spanish, Hispanic, or Latino",,"City or urban community,Suburban community",,27,Democratic party,
R_CfCArIyuJtwGAiB,,,,8,1,9,,,,,,,Florida,Male,,Bachelor degree,White,,Suburban community,,42,Democratic party,
R_1LHSQwmvyN5NyZQ,,,,,,,,,,6.4,4,8,ND,Female,,Bachelor degree,White,,Rural community,,25,Democratic party,
R_szcLi53YKIxUnvP,,,,1.8,7.1,5.1,,,,,,,Florida,Female,,Some college but no degree,Black or African-American,,City or urban community,,24,Democratic party,
R_1jIIzeOSnu6TOFn,,,,,,,,,,1,9,1,California,Female,,Some college but no degree,White,,City or urban community,,20,Independent,
R_3fwaIP1piqV3w0V,5,5,8,,,,,,,,,,NJ,Female,,Graduate degree,Black or African-American,,Suburban community,,33,Other (please specify):,Democratic Socialist
R_2VC72kQom0MZhlE,,,,,,,3,6,8,,,,TX,Male,,Some college but no degree,White,,Rural community,,28,Democratic party,
R_7Um4EOYrPXpbnc5,,,,,,,1.2,6.9,9,,,,Michigan,Male,,Bachelor degree,Asian,,Suburban community,,40,Democratic party,
R_3dM8UV3EkNgXHtT,1,9,1,,,,,,,,,,Pennsylvania,Female,,Bachelor degree,White,,City or urban community,,42,Democratic party,
R_eXTCXoUmXYAm7mx,,,,1,9,5,,,,,,,Michigan,Female,,Bachelor degree,Black or African-American,,City or urban community,,31,Democratic party,
R_Wjpj382OrKd7O01,,,,,,,,,,1.1,9,1,Florida,Male,,Associate degree,"Spanish, Hispanic, or Latino",,City or urban community,,27,Democratic party,
R_3prmAQin7AesixR,,,,3.6,3.7,5.4,,,,,,,California,Male,,Bachelor degree,Asian,,Suburban community,,24,Independent,
R_2DN3VQMQLkJtOYu,,,,8,6,9,,,,,,,ohio,Female,,Associate degree,White,,Suburban community,,39,Independent,
R_1odTWXyLnTxvcql,,,,,,,,,,1,8,5,California,Female,,Bachelor degree,Asian,,City or urban community,,37,Republican Party,
R_AzJWIo6vVvqiLQt,6.5,8,9,,,,,,,,,,CA,Male,,Bachelor degree,Black or African-American,,Suburban community,,25,Democratic party,
R_3fjJ3SLtuhjud3Z,,,,,,,3,5.1,4.1,,,,California,Female,,Some college but no degree,"Spanish, Hispanic, or Latino",,Suburban community,,23,Independent,
R_25WOTbBAXrenIsi,6.5,8.2,5.9,,,,,,,,,,Nj,Female,,Some college but no degree,White,,Suburban community,,25,Independent,
R_3kGTgUpDzAYtCIW,,,,,,,,,,1.1,7.1,1.3,IN,Female,,Some college but no degree,White,,City or urban community,,32,Republican Party,
R_3nUDLkwXcL0lThU,,,,,,,3,4,3.6,,,,MI,Male,,"High school degree or equivalent (e.g., GED)",White,,City or urban community,,39,Independent,
R_2AEkhmKzD5wL8MW,,,,,,,8.1,8.1,8.1,,,,Michigan,Female,,Bachelor degree,White,,City or urban community,,23,Democratic party,
R_2DTvNUpd7OwtgZS,,,,,,,9,9,9,,,,Utah,Male,,Some college but no degree,White,,Suburban community,,35,Republican Party,
R_22Wag5sVn0ZgF1b,,,,,,,1,5.1,1.5,,,,texas,Female,,Some college but no degree,White,,City or urban community,,24,Independent,
R_2BsrEl3LA5kJLjk,,,,,,,,,,9,2,7,MS,Male,,Bachelor degree,White,,Suburban community,,48,Republican Party,
R_3R8DECVzL7DptyE,,,,9,1,9,,,,,,,New Hampshire,Female,,"High school degree or equivalent (e.g., GED)",White,,City or urban community,,27,Republican Party,
R_ZdC9ihw4vu2tgg9,8,8.7,7.1,,,,,,,,,,Illinois,Female,,Bachelor degree,Black or African-American,,Suburban community,,56,Democratic party,
R_1Lo0N636YVIbfbS,1.5,3.5,7.3,,,,,,,,,,California,Male,,Some college but no degree,White,,Suburban community,,34,Independent,
R_263ZRNHapHKBhLd,,,,,,,,,,3.2,5.1,6,MN,Female,,Bachelor degree,Black or African-American,,Rural community,,22,Democratic party,
R_27KcKzWDAW4YMOq,,,,1,9,1,,,,,,,Tennessee,Male,,Associate degree,Black or African-American,,Rural community,,33,Republican Party,
R_1hBhWwOmOEBXkSW,9,2.9,6.2,,,,,,,,,,CA,Female,,Bachelor degree,White,,Suburban community,,58,Independent,
R_bgyBOXHUQXWxWKt,,,,8,6.6,6.8,,,,,,,TEXAS,Male,,Bachelor degree,White,,Rural community,,24,Green Party,
R_2aESnznejKMQY9o,,,,,,,,,,8.3,2.7,9,Minnesota,Female,,Bachelor degree,White,,Suburban community,,31,Democratic party,
R_xnl9PZQqbic2Rqh,,,,,,,8.2,9,9,,,,Nevada,Male,,Some college but no degree,White,,City or urban community,,34,Democratic party,
R_3IXgHPaOQfU98k4,,,,1,9,1,,,,,,,Arizona,Female,,Some college but no degree,White,,City or urban community,,70,Independent,
R_cuOD7QyjAtXw0Ex,,,,,,,2,8,8.1,,,,California,Female,,Bachelor degree,White,,City or urban community,,24,Independent,
R_3DwsldKmDh41QWb,2,9,5.1,,,,,,,,,,PA,Female,,Bachelor degree,White,,Suburban community,,41,Independent,
R_300ItjKAz01AtUb,9,7,9,,,,,,,,,,Colorado,Male,,Some college but no degree,White,,Suburban community,,36,Independent,
R_3F5vp5uhGuevtW6,,,,,,,,,,7,4,8,texas,Male,,Some college but no degree,White,,Suburban community,,35,Republican Party,
R_2YidHGehCLpl8Nc,,,,7.7,1.8,7.1,,,,,,,Illinois,Male,,Graduate degree,Asian,,Suburban community,,29,Independent,
R_1LAv4DWCTS59abe,,,,,,,1,8,8.9,,,,Missouri,Female,,Associate degree,White,,City or urban community,,42,Republican Party,
R_2zuSqfqfhBF4Xap,,,,,,,,,,3.6,8.8,6.8,MO,Female,,"High school degree or equivalent (e.g., GED)",White,,Suburban community,,31,Independent,
R_2txHqSlxa3KHsX6,,,,,,,,,,7,8.3,3.1,Ga,Female,,Bachelor degree,Black or African-American,,Suburban community,,40,Democratic party,
R_1q3cTZO0dEdL7oP,1,5.1,3,,,,,,,,,,Pennsylvania,Female,,Associate degree,White,,Suburban community,,61,Democratic party,
R_2fe5S37abm72kYZ,,,,1.2,4,5.5,,,,,,,illinois,Male,,Bachelor degree,White,,Rural community,,39,Independent,
R_2ARwkHXWfj1bWLH,4,6,6.5,,,,,,,,,,Alabama,Male,,Bachelor degree,White,,Suburban community,,29,Independent,
R_1rMpNczaUapNpqd,,,,,,,,,,1,7.3,3.5,Oregon,Female,,Some college but no degree,"White,Black or African-American",,City or urban community,,40,Democratic party,
R_3NNV6Sy6ZWnLL4Q,,,,6.1,9,6.5,,,,,,,Tn,Male,,Some college but no degree,White,,City or urban community,,25,Democratic party,
R_Ulj44W0iw0mVvKF,,,,,,,,,,1.9,9,1.3,NC,Male,,Bachelor degree,Asian,,Suburban community,,38,Democratic party,
R_2qxTHG6wLtmZ5rC,,,,,,,2.5,4.5,8,,,,California,Female,,Some college but no degree,White,,Suburban community,,53,Democratic party,
R_3k7BmEXoLpt1Qy1,5.3,4.8,5.4,,,,,,,,,,MI,Male,,"High school degree or equivalent (e.g., GED)",Black or African-American,,Suburban community,,25,Democratic party,
R_3yi24XrGqdY6WRP,,,,,,,,,,3,6,5.5,MS,Female,,Bachelor degree,White,,Suburban community,,29,Democratic party,
R_3QLSSosrVMyuWLO,,,,5.1,5.1,5.1,,,,,,,Michigan,Female,,Associate degree,White,,Suburban community,,21,Republican Party,
R_XBo84lCaMlBhh85,,,,,,,1,9,2.2,,,,california,Female,,Bachelor degree,Asian,,Suburban community,,54,Republican Party,
R_1oeggBemr1Z2qLp,,,,,,,,,,9,9,9,Washington,Female,,Associate degree,White,,Suburban community,,39,Republican Party,
R_PwbUglBKjYY3GV3,,,,1,9,6,,,,,,,,Female,,Associate degree,"White,Asian",,Suburban community,,27,Democratic party,
R_1f13DOxIgw6tEDs,3,6,9,,,,,,,,,,Texas,Female,,Bachelor degree,"Spanish, Hispanic, or Latino",,Suburban community,,42,Democratic party,
R_2SGoxIBom5bwFuS,,,,,,,1,9,8.7,,,,,Female,,Bachelor degree,,,Suburban community,,32,Republican Party,
R_3oBetaEkAhlqKpB,,,,3,9,8,,,,,,,CA,Female,,Bachelor degree,Asian-American,,Suburban community,,48,Democratic party,
R_2AHHr1FOmEPvg80,1,5,9,,,,,,,,,,Kansas,Male,,Bachelor degree,Asian,,City or urban community,,23,Democratic party,
R_1OHyaH1TIzgeNbB,,,,,,,,,,6.2,6.2,4.4,tx,Male,,"High school degree or equivalent (e.g., GED)",White,,City or urban community,,41,Democratic party,
R_290NcGDDF7bri2O,,,,,,,1,9,5,,,,Nevada,Male,,Some college but no degree,Asian,,City or urban community,,22,Democratic party,
R_3GkRtaFFHajNYSQ,4,6,8,,,,,,,,,,New York,Female,,"High school degree or equivalent (e.g., GED)",White,,Rural community,,37,Independent,
R_22wQgVsQ4g19NXP,,,,9,4.8,9,,,,,,,texas,Female,,Some college but no degree,White,,Suburban community,,32,Independent,
R_1GOm0HhJkdWgSAe,,,,,,,1.6,6.8,8,,,,TX,Male,,Bachelor degree,"Spanish, Hispanic, or Latino",,City or urban community,,31,Democratic party,
R_XFGDbRSc4wXBWJb,,,,7.9,3,6.1,,,,,,,California,Male,,Bachelor degree,"Spanish, Hispanic, or Latino,White",,Suburban community,,36,Independent,
R_3QJjsp2qjkwmOHm,1,9,1,,,,,,,,,,Pennsylvania,Female,,Associate degree,White,,Suburban community,,22,Democratic party,
R_33qjKE5QZKNYrgC,,,,,,,,,,2.9,9,4.6,Colorado,Female,,Some college but no degree,White,,City or urban community,,37,Democratic party,
R_24la9VOnO9frPsH,,,,,,,,,,1.9,4.1,9,Oklahoma,Female,,Bachelor degree,Asian,,City or urban community,,24,Democratic party,
R_28Cb53z7xgy45X4,,,,,,,7.5,6,6,,,,Georgia,Male,,Bachelor degree,White,,Suburban community,,23,Republican Party,
R_1eOVhWpIzm4uydI,,,,,,,1.1,4.5,8.5,,,,CA,Male,,Graduate degree,White,,Suburban community,,38,Libertarian Party,
R_3lzXVsKKmyWw1oQ,,,,9,9,9,,,,,,,California,Female,,Some college but no degree,White,,Suburban community,,59,Libertarian Party,
R_Wd3KBkjb4aXaNwZ,1,9,5,,,,,,,,,,connecticut,Male,,Associate degree,White,,Suburban community,,41,Republican Party,
R_8udyXkNJDoIGnhT,8.5,1,7,,,,,,,,,,Florida,Male,,Bachelor degree,White,,Suburban community,,33,Republican Party,
R_20VBBLQ8YjPV4bm,,,,,,,,,,4,6.1,4.1,MN,Female,,Bachelor degree,White,,Suburban community,,23,Republican Party,
R_AcITageyGFhdeFP,,,,3.2,8.5,4.3,,,,,,,PA,Female,,Some college but no degree,White,,Suburban community,,20,Democratic party,
R_1DMVrwCha3ViSQX,,,,,,,,,,4.2,4,7,arizona,Female,,Bachelor degree,White,,Suburban community,,32,Democratic party,
R_3JCKKAgzDV80PFr,,,,6,4,7,,,,,,,South Carolina,Female,,"High school degree or equivalent (e.g., GED)",White,,Rural community,,33,Democratic party,
R_Os902qtsIDo2DOp,9,9,9,,,,,,,,,,California,Male,,Bachelor degree,Black or African-American,,Suburban community,,29,Republican Party,
R_2Pq9gVp7wgUmYHd,2.2,6.7,6.2,,,,,,,,,,Connecticut,Female,,"High school degree or equivalent (e.g., GED)",White,,Suburban community,,21,Democratic party,
R_2uxDK6sUc9ZmfCC,,,,,,,8.8,8.8,8.9,,,,USA,Male,,Bachelor degree,Black or African-American,,City or urban community,,30,Republican Party,
R_2wpBzyILq9Q9GLn,,,,,,,2,6.3,9,,,,California,Female,,Bachelor degree,"Spanish, Hispanic, or Latino,American Indian or Alaskan Native",,Suburban community,,55,Independent,
R_1hMdbiYmGPMHaKv,,,,7,1,9,,,,,,,New Jersey,Male,,Some college but no degree,White,,Suburban community,,41,Independent,
R_TwpnqGl6AMtZHQR,,,,,,,,,,1.7,9,2.9,Illinois,Female,,Some college but no degree,"Spanish, Hispanic, or Latino,White",,Rural community,,34,Democratic party,
R_1QB0ioI6dHNnC1B,,,,,,,9,9,9,,,,FL,Male,,Bachelor degree,"Spanish, Hispanic, or Latino",,Suburban community,,34,Other (please specify):,anarcho-capitalist
R_1dGJ9j6Fjaj2NNT,,,,1.9,8.2,1,,,,,,,MD,Male,,Bachelor degree,Black or African-American,,City or urban community,,22,Democratic party,
R_tQGfFd7Jy6toHCN,,,,,,,3.5,6.5,9,,,,MI,Female,,Associate degree,White,,Suburban community,,25,Independent,
R_1HySTW1r1sCcWSB,7.9,5,8.5,,,,,,,,,,Illinois,Male,,"High school degree or equivalent (e.g., GED)",White,,"City or urban community,Suburban community",,30,Democratic party,
R_O3jaIsVjZalfAad,,,,,,,1.6,3.3,8.1,,,,alaska,Female,,Bachelor degree,White,,Suburban community,,24,Democratic party,
R_3rMMzrSNAqQpQUY,,,,,,,,,,1,9,6.5,Missouri,Male,,Bachelor degree,Black or African-American,,Suburban community,,44,Independent,
R_31XFukNrpBdGsQv,,,,,,,,,,7.5,3,9,Alabama,Female,,Associate degree,White,,Rural community,,26,Democratic party,
R_3HTvfgOnX24yiHv,,,,6.1,5.7,3.3,,,,,,,CALIFORNIA,Female,,"High school degree or equivalent (e.g., GED)",Asian,,City or urban community,,22,Independent,
R_1JJgjluMaHO8keQ,,,,7.8,5.3,7.6,,,,,,,AZ,Female,,Some college but no degree,White,,City or urban community,,22,Democratic party,
R_DLRr6jeSWWUWnS1,,,,,,,,,,2.9,7.2,2.9,California,Female,,Bachelor degree,Asian,,City or urban community,,50,Democratic party,
R_1Imepnc7WEDaTkJ,,,,,,,,,,9,5,9,Michigan,Female,,Bachelor degree,"White,American Indian or Alaskan Native",,City or urban community,,47,Other (please specify):,Jeffersonian Republican
R_A7lbziDkQ4OMnVn,2.8,3.9,9,,,,,,,,,,Virginia,Male,,Associate degree,American Indian or Alaskan Native,,Suburban community,,63,Independent,
R_2ebugIZVCrdUFLX,,,,,,,2,7.5,7,,,,NC,Male,,Bachelor degree,Asian,,Suburban community,,26,Independent,
R_URBE3KK221YUteF,,,,1,7.2,7.4,,,,,,,Oregon,Female,,Associate degree,White,,Rural community,,49,Green Party,
R_2sU6EY0Av6cVdEc,,,,,,,2,9,9,,,,New york,Male,,"High school degree or equivalent (e.g., GED)",White,,Suburban community,,34,Democratic party,
R_1gpSxTjk6Pi0bAf,8,1,1,,,,,,,,,,NY,Female,,Bachelor degree,White,,Rural community,,46,Independent,
R_3phiAyLoAnuwMgv,6.6,6.1,6.2,,,,,,,,,,california,Female,,Some college but no degree,White,,Suburban community,,29,Democratic party,
R_1n9BJTVHboVAFUd,,,,,,,,,,9,2.5,9,MASS,Male,,Some college but no degree,White,,Suburban community,,35,Green Party,
R_3PGB9qSpvejRIhH,,,,,,,1,5.2,4.8,,,,NY,Female,,Bachelor degree,White,,City or urban community,,53,Democratic party,
R_2tbsza2X71VhxSN,,,,1,9,1,,,,,,,New Jersey,Male,,Some college but no degree,White,,Suburban community,,18,"Libertarian Party,Independent",
R_10NKl49IZ1txlnP,,,,,,,2,9,5,,,,Florida,Female,,Bachelor degree,Black or African-American,,City or urban community,,36,Democratic party,
R_8iihnXwdqNWehFv,,,,,,,,,,1,9,2.3,Texas,Male,,Associate degree,Black or African-American,,Rural community,,37,Independent,
R_1GPTbLqgimBZqDg,4,4.1,9,,,,,,,,,,california,Female,,Graduate degree,White,,Suburban community,,25,Republican Party,
R_6sCkyGaoXzQshi1,,,,1,6,6,,,,,,,Texas,Male,,Associate degree,White,,Suburban community,,38,Independent,
R_2eaj6GFq42hDhAz,2.3,9,6.4,,,,,,,,,,Maryland,Female,,Some college but no degree,White,,Suburban community,,38,Democratic party,
R_1Nfwk0RLrPQmnnn,,,,,,,,,,8.4,1.1,1,Texas,Female,,"High school degree or equivalent (e.g., GED)",White,,Suburban community,,25,"Republican Party,Libertarian Party",
R_RE79kw1Bh1z9Chz,,,,1,7.7,9,,,,,,,Oregon,Female,,Associate degree,Asian,,City or urban community,,23,Democratic party,
R_U9qihDyuWkgXl7P,,,,,,,7,2,3,,,,Illinois,Male,,Bachelor degree,White,,Rural community,,39,Independent,
R_27OuOlPEkB8gVPp,,,,8.3,7.7,7.9,,,,,,,GEORGE,Male,,Graduate degree,White,,City or urban community,,30,Democratic party,
R_1myLbrGzikhGY8j,,,,,,,,,,5.5,7.7,4.8,oregon,Male,,Associate degree,White,,Suburban community,,62,Democratic party,
R_cBhliMi0AqyTeJr,,,,,,,1,9,8.1,,,,Texas,Male,,Bachelor degree,White,,City or urban community,,37,Democratic party,
R_1H7shHYimkDtRdA,1.8,1.8,7.9,,,,,,,,,,NE,Male,,Graduate degree,White,,Suburban community,,39,Republican Party,
R_21EsOnXsTq5Im9s,3.8,4.8,8,,,,,,,,,,California,Male,,Bachelor degree,White,,Suburban community,,26,Democratic party,
R_zZMkJ2s9tgeOO6l,,,,,,,,,,8.5,3,7,Arizona,Female,,"High school degree or equivalent (e.g., GED)",White,,Suburban community,,50,Democratic party,
R_2upphUizgR6Lx8E,,,,9,1,1,,,,,,,wisconsin,Male,,"High school degree or equivalent (e.g., GED)",White,,City or urban community,,50,Independent,
R_1FDJvbOxB5oZpSj,,,,5.7,4.1,6.7,,,,,,,North Carolina,Female,,Associate degree,White,,Suburban community,,28,Democratic party,
R_3lMpGBxc24zcoXZ,1.9,3.1,8.7,,,,,,,,,,GA,Female,,Bachelor degree,Other (please specify):,Mixed Race,Suburban community,,23,Democratic party,
R_vIXVvzmSQN50c8h,,,,,,,1,1.9,9,,,,North Dakota,Female,,Some college but no degree,White,,City or urban community,,47,Independent,
R_3F23O5RYklaEmlK,,,,,,,3,4.5,5.1,,,,alabama,Female,,Associate degree,White,,Suburban community,,23,Republican Party,
R_2azztyf4pQ7TY9N,,,,,,,,,,6.4,8,7.9,MISSOURI,Female,,Bachelor degree,White,,Suburban community,,30,Independent,
R_1liTyDYTTNOgDIL,2,8.8,4,,,,,,,,,,illinois,Male,,Bachelor degree,White,,Suburban community,,34,Independent,
R_2dMRCapz0evbDnw,,,,1.5,7.5,4.1,,,,,,,new york,Female,,Some college but no degree,Black or African-American,,City or urban community,,40,Democratic party,
R_122Yguhxnll1qWg,,,,,,,1.5,8,8.5,,,,Ohio,Female,,Bachelor degree,White,,Suburban community,,27,Independent,
R_3342yAzBNBODFk1,,,,,,,,,,3.2,3.9,8.2,IN,Male,,Some college but no degree,Asian,,Suburban community,,54,Democratic party,
R_1GOXETI9hdcatyx,,,,,,,4,5,4.5,,,,Florida,Male,,Some college but no degree,White,,Suburban community,,34,Democratic party,
R_3GD1DDZOc2q9r0X,,,,3.4,9,6.7,,,,,,,Oklahoma,Male,,"High school degree or equivalent (e.g., GED)",White,,Rural community,,32,Republican Party,
R_31XDk5ysxzrMWNr,2,7,9,,,,,,,,,,Georgia,Male,,Bachelor degree,"Spanish, Hispanic, or Latino",,Suburban community,,47,Republican Party,
R_1i9IcuJKpis81P2,,,,6,4.5,3,,,,,,,Texas,Female,,Associate degree,White,,Suburban community,,22,Independent,
R_2BfdJjY7BNf0hlU,,,,,,,,,,7,7.4,6.9,us,Male,,Bachelor degree,White,,City or urban community,,30,Democratic party,
R_3sdKvWNI5xzqdga,,,,,,,3.9,4.9,9,,,,WA,Female,,Bachelor degree,Asian-American,,City or urban community,,22,Democratic party,
R_2ebw0wNmP7hONWA,1,8.5,9,,,,,,,,,,California,Male,,Graduate degree,"Spanish, Hispanic, or Latino",,Suburban community,,31,Democratic party,
R_sS9aUQ27Q0cjMkx,,,,,,,1,9,8.1,,,,New York,Male,,Some college but no degree,Black or African-American,,City or urban community,,21,Democratic party,
R_T6OvcOdsDu9Zzpv,,,,1,7,3.5,,,,,,,Maryland,Male,,Some college but no degree,"White,Black or African-American",,Suburban community,,49,Democratic party,
R_3P7eU4Dy3CnBsHF,1,9,5.1,,,,,,,,,,missouri,Female,,Some college but no degree,Black or African-American,,Suburban community,,32,Democratic party,
R_sFpUKCw1L959Kal,,,,,,,6.1,5.1,7,,,,MD,Female,,Bachelor degree,White,,Suburban community,,25,Independent,
R_2zl2noKE96t2ZeD,,,,1,9,1,,,,,,,florida,Male,,Some college but no degree,Other (please specify):,,City or urban community,,39,Independent,
R_2l6wq3sj7nFL8jL,,,,,,,,,,9,5.1,9,TX,Female,,Bachelor degree,"Spanish, Hispanic, or Latino,White",,Suburban community,,27,Green Party,
R_RXP7ZrVNNorijpD,,,,,,,,,,1.3,4.7,4.8,indiana,Male,,"High school degree or equivalent (e.g., GED)",White,,City or urban community,,35,Democratic party,
R_4UBOqoaw7K1NtI1,5,9,5,,,,,,,,,,florida,Female,,Some college but no degree,Black or African-American,,City or urban community,,50,Democratic party,
R_3qaML9UMLz79QNu,2.1,9,3.4,,,,,,,,,,florida,Female,,Bachelor degree,Asian,,City or urban community,,40,Republican Party,
R_2aW8MUD76DD4BXu,,,,,,,,,,1.9,7.7,2.9,new hampshire,Male,,Bachelor degree,"Spanish, Hispanic, or Latino,White",,Rural community,,31,Democratic party,
R_2CJJW1VwzWjrRL4,,,,,,,3.7,7.8,7.4,,,,South Carolina,Female,,Graduate degree,White,,Rural community,,33,Green Party,
R_2DLEqBbjYGfVcjW,,,,6,4,8,,,,,,,Michigan,Male,,Graduate degree,White,,"Suburban community,Rural community",,40,Democratic party,
R_Ut0neRUJwBqmTrH,,,,7,5,5,,,,,,,North Carolina,Female,,Some college but no degree,Black or African-American,,Rural community,,29,"Democratic party,Independent",
R_27vzaljEzYJn74p,,,,9,3,4,,,,,,,Maryland,Female,,Bachelor degree,Black or African-American,,Suburban community,,46,Democratic party,
R_1oA6o9SOjWohK4z,,,,,,,4.7,6.9,9,,,,IN,Female,,Graduate degree,White,,Suburban community,,34,Democratic party,
R_2ckoTBjKz1CMnQy,1,9,8.3,,,,,,,,,,ILLINOIS,Male,,Some college but no degree,Black or African-American,,City or urban community,,51,Independent,
R_3GBwfoIMVRMF2r7,,,,,,,,,,5,3.7,1,michigan,Female,,"High school degree or equivalent (e.g., GED)",White,,Rural community,,40,"Other (please specify):,Independent",middle of road
R_3Nw8a9dNS1fSZdO,,,,,,,1,7.9,8.8,,,,California,Female,,"High school degree or equivalent (e.g., GED)",White,,City or urban community,,White,Independent,
R_334mQBSufCkglcC,,,,,,,,,,1,9,9,Tennessee,Male,,Some college but no degree,"White,Black or African-American",,Rural community,,44,Democratic party,
R_2Ua2KE588nLFYUs,1,8,3.5,,,,,,,,,,California,Female,,Bachelor degree,Asian-American,,City or urban community,,23,Democratic party,
R_25vaXYxkvmzT5ZP,,,,8.6,3.5,7.8,,,,,,,Washington,Female,,Associate degree,White,,Suburban community,,29,Libertarian Party,
R_1OOUzM14Lsuc6sU,,,,,,,5.1,5.1,6,,,,PA,Male,,"High school degree or equivalent (e.g., GED)",White,,City or urban community,,22,Republican Party,
R_3fpDn7VvPzuT8zS,3.1,3.1,6.5,,,,,,,,,,NC,Female,,Graduate degree,White,,City or urban community,,52,Republican Party,
R_2CPnZu6SGWqijQf,,,,,,,,,,8,2,1.9,Nevada,Female,,Bachelor degree,White,,Rural community,,54,Republican Party,
R_3QJJWgKnNecW7SH,,,,,,,,,,1,5.1,5.9,pa,Female,,Associate degree,White,,Suburban community,,53,Democratic party,
R_3g6nTAXT1VdtLym,4,7.1,9,,,,,,,,,,Michigan,Female,,Bachelor degree,White,,Suburban community,,28,Republican Party,
R_W7kQRvGl6k79qhP,,,,9,1,9,,,,,,,MN,Female,,Bachelor degree,White,,Suburban community,,30,Democratic party,
R_1dphUwAUjSpDUFl,,,,,,,4.5,5,5.5,,,,texas,Male,,Graduate degree,"White,Asian",,Suburban community,,52,Independent,
R_27Hw5hTai2XNlJ4,,,,5.1,9,5.1,,,,,,,Pa,Female,,Some college but no degree,White,,Rural community,,65,Republican Party,
R_12iiBVhQM9TuT6n,,,,,,,1.6,9,4.4,,,,Ohio,Male,,Bachelor degree,White,,Suburban community,,32,Republican Party,
R_1FFLSAWavkDRtTi,,,,,,,,,,8.3,5.1,9,ny,Female,,Bachelor degree,White,,Suburban community,,37,Democratic party,
R_2v6BJGJPwqvU0X5,5.1,4.7,4.5,,,,,,,,,,alabama,Male,,Bachelor degree,White,,Suburban community,,26,Libertarian Party,
R_28ZiSZ4at8N2zOh,,,,,,,,,,5.9,7.1,7.4,TEXAS,Female,,Bachelor degree,Asian-American,,City or urban community,,46,Democratic party,
R_3enbGpbb4od5H4Z,,,,9,7,9,,,,,,,WV,Female,,Some college but no degree,White,,Rural community,,52,Democratic party,
R_2czIKfmBeIYZiIJ,4,4,8,,,,,,,,,,north carolina,Male,,Bachelor degree,White,,Suburban community,,66,Republican Party,
R_DLVJ4QvfgPe4FR7,,,,,,,3,6,9,,,,maryland,Male,,Some college but no degree,White,,Suburban community,,39,Republican Party,
R_Wvbuh9bDw44yS5z,,,,,,,,,,7,2.8,9,Pennsylvania,Male,,Bachelor degree,White,,Suburban community,,27,Republican Party,
R_3jTFpmEmTcxafiD,,,,,,,9,4,9,,,,Texas,Male,,Bachelor degree,White,,Suburban community,,40,Independent,
R_ULpkYy2OAf9m3dL,2.9,7,6,,,,,,,,,,North Carolina,Female,,"High school degree or equivalent (e.g., GED)",White,,Suburban community,,63,Democratic party,
R_BJsPeTSKOnAklbz,,,,2.4,9,1.9,,,,,,,New Jersey,Female,,Some college but no degree,White,,Suburban community,,37,Republican Party,
R_28Y6gNf4a7XFQjj,,,,,,,,,,2.9,5,7,Florida,Male,,Some college but no degree,White,,Suburban community,,54,Republican Party,
R_3DpzNFUc9d0Dyog,1.2,9,5.9,,,,,,,,,,NJ,Female,,"High school degree or equivalent (e.g., GED)",White,,Suburban community,,51,Independent,
R_3m9mDBEab9881Wp,,,,,,,1,9,7.2,,,,Iowa,Male,,Bachelor degree,Asian,,Suburban community,,31,Democratic party,
,225,225,225,225,225,225,227,227,227,223,223,223,,,,,,,,,,,