ResponseId,7040_1,7040_2,7040_3,10020_1,10020_2,10020_3,5550_1,5550_2,5550_3,9010_1,9010_2,9010_3,State,Gender,D2_2_TEXT,Education,Race,D4_8_TEXT,Community,D5_4_TEXT,D6,D7,D7_5_TEXT
R_ZE8HgMyyG0qftSN,,,,,,,6.4,5.7,7.4,,,,,,,,,,,,,,
R_1LhDzDlQLQ9UCIc,,,,2.7,6.9,8.1,,,,,,,Pennsylvania,Male,,Graduate degree,White,,City or urban community,,26,Libertarian Party,
R_3nk3uQMAuSZbXeC,,,,9,1,1.3,,,,,,,FL,Female,,Some college but no degree,White,,Suburban community,,24,Independent,
R_2tndB1Kb74AUAEu,,,,,,,,,,1,9,1,TN,Female,,Some college but no degree,Black or African-American,,City or urban community,,24,Independent,
R_2CEaBld21LJmwqV,1.6,8.2,1.5,,,,,,,,,,Maryland,Female,,Graduate degree,White,,Suburban community,,35,Democratic party,
R_3q8WDLwHb8QqY1H,,,,8.3,2.7,6.9,,,,,,,Louisiana,Male,,Bachelor degree,White,,City or urban community,,35,Democratic party,
R_TdgkNhuJWKXEfip,,,,,,,,,,8.6,2.5,6.8,California,Female,,Bachelor degree,White,,City or urban community,,26,Democratic party,
R_pbd8lxthrFU2fLP,7,4,9,,,,,,,,,,Idaho,Female,,Some college but no degree,White,,Rural community,,24,Democratic party,
R_w7eUqhIueGhww2l,,,,,,,5.1,7.4,6.7,,,,wisconsin,Female,,Bachelor degree,White,,City or urban community,,27,Republican Party,
R_2v7HlCMgX6ZOmfO,1.1,3.5,7.4,,,,,,,,,,florida,Male,,"High school degree or equivalent (e.g., GED)",White,,Rural community,,35,Republican Party,
R_1OZHd39R1TPKvV7,,,,,,,,,,9,1,9,PA,Female,,Bachelor degree,Black or African-American,,City or urban community,,32,Democratic party,
R_2Yx2yRpDoj5Q8Rq,,,,,,,4.6,3.9,1,,,,NC,Male,,Associate degree,White,,City or urban community,,28,Independent,
R_1N9O7kE9WpI4rl7,,,,,,,7.2,9,8,,,,usa,Male,,Bachelor degree,Black or African-American,,Suburban community,,30,Republican Party,
R_2zOagrY4qNQdpQ7,,,,,,,,,,1,8.4,2.9,Missouri,Female,,Some college but no degree,White,,City or urban community,,30,Republican Party,
R_1Qoo6SkCnTZmeXR,,,,,,,4.5,5.5,5.7,,,,ny,Female,,Bachelor degree,White,,Suburban community,,36,Republican Party,
R_3smLmKhY5ecw1br,,,,9,1,3.1,,,,,,,NC,Female,,Bachelor degree,White,,Suburban community,,57,Republican Party,
R_3qCij4awKjTX8gw,,,,8.3,6.1,8.1,,,,,,,ga,Female,,Bachelor degree,Black or African-American,,Rural community,,34,Democratic party,
R_1dp0zL5qBVraNMt,,,,4.8,6.8,3.2,,,,,,,michigan,Female,,Associate degree,White,,Suburban community,,35,Independent,
R_2CWdeZTJJoMFrHm,5.1,5.5,7,,,,,,,,,,Pennsylvania,Male,,Graduate degree,"Asian,Asian-American",,City or urban community,,27,Independent,
R_3hG4C7zh6teUmiU,9,6,9,,,,,,,,,,Florida,Female,,Bachelor degree,Other (please specify):,mixed,City or urban community,,41,Independent,
R_24uwgm7ENXUjnK3,,,,,,,9,9,8.8,,,,usa,Male,,Bachelor degree,Black or African-American,,Rural community,,30,Republican Party,
R_2v1xd4kXGPudhWB,,,,,,,,,,7.7,4.1,5.7,Oregon,Male,,Associate degree,White,,Rural community,,44,Libertarian Party,
R_3kcXr3tmDsGX4s0,3.5,8.1,6.2,,,,,,,,,,CA,Male,,Bachelor degree,White,,City or urban community,,33,Democratic party,
R_SIQQxwtLhtNAoox,,,,7.5,1,9,,,,,,,mt,Male,,Associate degree,"Spanish, Hispanic, or Latino",,City or urban community,,30,Libertarian Party,
R_31Y5UbY7R4xqDWj,,,,,,,8.5,9,9,,,,USA,Male,,Bachelor degree,Black or African-American,,Rural community,,30,Republican Party,
R_yraR9pdZqYEdAlz,,,,,,,,,,8.5,5,7.7,Washington,Male,,Associate degree,White,,Suburban community,,25,Democratic party,
R_w6mNar8rUSlFrpv,,,,,,,,,,1,9,1,Illinois,Male,,Bachelor degree,White,,City or urban community,,48,Republican Party,
R_2UiulU0hCfhESL9,,,,9,3.8,8.1,,,,,,,FL,Male,,Bachelor degree,Black or African-American,,Suburban community,,45,Republican Party,
R_2ZE7GPdjZN3lL10,,,,,,,,,,1,9,1.5,NJ,Male,,Some college but no degree,Asian,,Suburban community,,34,Democratic party,
R_3HM1fWkSQvJJ4id,,,,9,1.5,7.1,,,,,,,Utah,Female,,Some college but no degree,White,,Suburban community,,38,Republican Party,
R_3oAYxRl5Mzzv25x,2.8,7.2,5.9,,,,,,,,,,Nevada,Female,,Some college but no degree,White,,City or urban community,,37,Independent,
R_3PlhUaMg4ybcZ5D,,,,,,,,,,1,9,1,PA,Female,,"High school degree or equivalent (e.g., GED)",White,,Suburban community,,24,Democratic party,
R_3iXd1Bj2enVHRAF,,,,6.3,5.5,7.6,,,,,,,New Jersey,Male,,Bachelor degree,White,,Suburban community,,30,Democratic party,
R_29prJ16HvjdGHuJ,,,,6,4,8,,,,,,,Minnesota,Female,,Some college but no degree,White,,Suburban community,,55,Republican Party,
R_yJXfqTx8JkCZIXL,,,,,,,1,4,9,,,,Colorado,Male,,Some college but no degree,White,,Suburban community,,47,Democratic party,
R_1kHcDJ76hPP1Cm5,7.6,1.8,6.6,,,,,,,,,,Maine,Female,,Bachelor degree,White,,Rural community,,42,Democratic party,
R_2YPu665rr4UQKjf,1,9,1,,,,,,,,,,Maryland,Male,,Bachelor degree,White,,Rural community,,24,Republican Party,
R_1mfTCdcqFd8p55K,6,5,7.5,,,,,,,,,,NH,Male,,Some college but no degree,White,,Suburban community,,34,Independent,
R_28A2ZTObitqxNPJ,,,,,,,1,8.1,9,,,,Washington,Male,,"High school degree or equivalent (e.g., GED)",White,,City or urban community,,55,Republican Party,
R_ZpKDQem5GZWo4kV,,,,,,,,,,1,9,6,Florida,Female,,Associate degree,White,,Suburban community,,60,Republican Party,
R_1I60huQol0jTnFN,,,,,,,1.4,5.9,8.1,,,,New York,Male,,Some college but no degree,White,,Suburban community,,49,Democratic party,
R_a9OwclNX0R8jCx3,,,,,,,,,,7.9,3,9,Minnesota,Male,,Bachelor degree,White,,Suburban community,,56,Independent,
R_1d4YRwCKjpBGUe4,,,,,,,4,8,8.9,,,,MD,Male,,Bachelor degree,White,,Rural community,,26,Republican Party,
R_31pBghxywNewfIz,,,,7.5,4,8.5,,,,,,,Florida,Female,,Some college but no degree,White,,Suburban community,,68,Democratic party,
R_6SubIkyYVECajw5,,,,,,,,,,8,5.9,8,VT,Female,,Bachelor degree,White,,Suburban community,,38,Independent,
R_3nCvvSFKuD2HWFm,,,,1,5.1,8,,,,,,,NY,Male,,"High school degree or equivalent (e.g., GED)",White,,Rural community,,22,Independent,
R_3HozEHK27yaKwFJ,,,,9,1,9,,,,,,,Texas,Female,,Associate degree,White,,Rural community,,47,Independent,
R_3G7ctfemJcd4G3L,,,,,,,3,5.6,9,,,,tn,Female,,Associate degree,Other (please specify):,American,Rural community,,45,Independent,
R_PSbUhvcpepw8dLH,7.6,5,6.8,,,,,,,,,,Illinois,Female,,Associate degree,White,,Rural community,,38,Republican Party,
R_1Zddli2i41bK9gZ,,,,,,,1.9,2,2.6,,,,GA,Male,,Bachelor degree,Black or African-American,,City or urban community,,28,Independent,
R_2agEBoNUc9n8Mx2,,,,,,,,,,8.1,3,8.5,Texas,Male,,Some college but no degree,"Spanish, Hispanic, or Latino",,Suburban community,,22,Independent,
R_33eXW4grWcIQjqj,7.8,2.5,8.3,,,,,,,,,,Ga,Female,,Bachelor degree,White,,Suburban community,,51,Democratic party,
R_daOI3zqa8DFYklH,,,,,,,,,,7.1,4.2,8,New York,Female,,"High school degree or equivalent (e.g., GED)",White,,Rural community,,31,Republican Party,
R_pJzR3154Y82rj7r,3.2,7,2.7,,,,,,,,,,ga,Female,,Associate degree,Black or African-American,,Suburban community,,28,Democratic party,
R_2aLZkaJqqO2EUVa,,,,1.4,8.9,4.1,,,,,,,FL,Male,,Associate degree,White,,City or urban community,,31,Democratic party,
R_2dNgMh220x31L0A,1,5.2,8.1,,,,,,,,,,TN,Female,,Bachelor degree,White,,Suburban community,,27,Independent,
R_TbDce2dXzYu1jLr,5,9,9,,,,,,,,,,Florida,Female,,Some college but no degree,"Spanish, Hispanic, or Latino,Black or African-American",,Suburban community,,33,Libertarian Party,
R_TuTh7p9tW4Q99br,,,,8,3,4.5,,,,,,,Florida,Male,,Graduate degree,"White,Asian",,Suburban community,,28,Democratic party,
R_1C3o8TsJy74iym2,,,,,,,1,1,9,,,,NC,Female,,Associate degree,Black or African-American,,Rural community,,29,Democratic party,
R_7R0dx2sxybc2TKh,6,4.1,9,,,,,,,,,,nh,Male,,"High school degree or equivalent (e.g., GED)",White,,Rural community,,20,Independent,
R_1JQkzxsSn6oIiiZ,,,,,,,1,9,1,,,,Tennessee,Female,,Some college but no degree,White,,City or urban community,,26,Democratic party,
R_1qUvUENrCXrkMY1,,,,2,8.3,2,,,,,,,Illinois,Male,,Bachelor degree,White,,City or urban community,,29,Republican Party,
R_2SAm8jrfrFD11rB,8,8,9,,,,,,,,,,Tennessee,Female,,Bachelor degree,White,,Suburban community,,52,Republican Party,
R_3PAfIhsKZtzAaBP,,,,,,,4,7,9,,,,Maryland,Female,,Bachelor degree,White,,Suburban community,,40,Republican Party,
R_31yMgXXQlwwbqzL,,,,,,,,,,1,3.9,9,Indiana,Male,,Some college but no degree,White,,Suburban community,,25,Other (please specify):,
R_33pVjFmD2NRyfUK,,,,,,,,,,4,6,5,Virginia,Female,,Graduate degree,Black or African-American,,Suburban community,,63,Democratic party,
R_2CIADigirv9iAa4,,,,2.6,6.9,4,,,,,,,fl,Female,,Some college but no degree,White,,Suburban community,,49,Democratic party,
R_cCvl8ZfZMQx365r,,,,,,,,,,6.6,3.6,7.7,NY,Male,,Bachelor degree,White,,Suburban community,,41,Democratic party,
R_Tj5kkTBmhjnKixX,,,,,,,7.8,3.9,8.4,,,,OR,Male,,Some college but no degree,White,,Rural community,,26,Democratic party,
R_21tiOJCMVgYXQmF,,,,,,,,,,2,8,3,Kansas,Male,,Some college but no degree,White,,Rural community,,27,Independent,
R_zdOGlaG5P5nx39v,,,,9,1,9,,,,,,,Texas,Female,,Bachelor degree,Black or African-American,,Suburban community,,34,Independent,
R_12y9WqteA6vpHed,2,8,7,,,,,,,,,,Illinois,Female,,Bachelor degree,White,,Suburban community,,48,Republican Party,
R_rf1lNkd8bbtcFc5,,,,,,,9,8.5,9,,,,Georgia,Female,,Associate degree,White,,Suburban community,,47,Libertarian Party,
R_27rp8X67GPbr5Uv,,,,,,,,,,7.6,8.3,9,Oregon,Male,,Some college but no degree,White,,Rural community,,41,Independent,
R_DH4yIPI8aqyBOGR,,,,,,,7.9,3.5,9,,,,Wisconsin,Female,,Associate degree,White,,Suburban community,,48,Republican Party,
R_31sij8wrWkJtK3D,,,,2.4,5.6,7,,,,,,,Texas,Male,,Some college but no degree,White,,Suburban community,,24,Independent,
R_3J9tATthdEIIT65,3,4,5,,,,,,,,,,Ohio,Male,,Bachelor degree,White,,Suburban community,,70,Republican Party,
R_2yq32V5ritGzqaZ,,,,,,,,,,4.7,2.6,7.3,North Carolina,Male,,Bachelor degree,White,,Suburban community,,24,Independent,
R_3PN8MSeYNvnxz3c,7,4.1,7.6,,,,,,,,,,Illinois,Female,,Bachelor degree,White,,Suburban community,,43,Democratic party,
R_30r7hKC4GZGgDo0,,,,,,,,,,7.7,3.5,8.3,NJ,Female,,Associate degree,White,,City or urban community,,28,Democratic party,
R_3ISlYG7EH9XPJgV,,,,1,8.9,1.4,,,,,,,Massachusetts,Male,,Bachelor degree,White,,City or urban community,,36,Independent,
R_Ung2GjsbBUFaaC5,,,,,,,,,,8,6.6,9,texas,Female,,Some college but no degree,White,,Rural community,,32,Libertarian Party,
R_1rwUQcstU8H8aDA,,,,4.2,2.4,7.9,,,,,,,Georgia,Female,,Bachelor degree,White,,Suburban community,,62,Democratic party,
R_1FQvcTcmY57BQPv,,,,,,,4.5,7.9,9,,,,Florida,Female,,"High school degree or equivalent (e.g., GED)",White,,Rural community,,69,Democratic party,
R_1GVQ1EyLhSkxLG2,9,9,1,,,,,,,,,,Maryland,Male,,Bachelor degree,White,,City or urban community,,23,Democratic party,
R_3svLIKhwWA2e9tD,9,7,9,,,,,,,,,,California,Female,,Bachelor degree,"Spanish, Hispanic, or Latino",,Suburban community,,27,Democratic party,
R_RsoYvxwu3nysMuZ,,,,,,,7,8,8,,,,Indiana,Female,,Some college but no degree,Black or African-American,,City or urban community,,43,Independent,
R_29uyTpKZbsYBDdF,,,,9,2.8,7.3,,,,,,,new york,Female,,Bachelor degree,White,,City or urban community,,31,Democratic party,
R_24i4nPArAZ3hqwM,7.3,3.5,9,,,,,,,,,,Texas,Female,,Some college but no degree,White,,Rural community,,32,Democratic party,
R_3fH55b3qrcEcP2f,,,,,,,1,7.5,9,,,,Michigan,Female,,Graduate degree,White,,Rural community,,58,Republican Party,
R_2B55TB5tiPdYz06,,,,,,,8,4,7,,,,New York,Female,,Graduate degree,White,,City or urban community,,35,Independent,
R_2uErx54CPAwqZ8V,,,,,,,,,,8.9,2.3,7.1,NC,Female,,Bachelor degree,White,,Suburban community,,32,Democratic party,
R_1EbyixXGMNhXNCP,,,,,,,9,4.1,6.8,,,,texas,Female,,Some college but no degree,"Spanish, Hispanic, or Latino",,Suburban community,,23,Democratic party,
R_2E0rQfwX5htiYKd,,,,,,,,,,9,1.3,9,pa,Female,,Some college but no degree,White,,Suburban community,,48,Republican Party,
R_1dH6o9O9bAoeyFL,,,,4,2,9,,,,,,,Florida,Female,,"High school degree or equivalent (e.g., GED)",White,,Suburban community,,35,Republican Party,
R_3RkD0mhzbro8h6W,1,5,1,,,,,,,,,,South Carolina,Female,,Some college but no degree,White,,Suburban community,,47,Republican Party,
R_3PhLf7UDibGoODK,,,,,,,8.2,8,1.4,,,,CA,Female,,Some college but no degree,White,,Rural community,,44,Republican Party,
R_32PyUtpudT76a2g,,,,9,1,1,,,,,,,Indiana,Female,,Bachelor degree,White,,Suburban community,,55,Independent,
R_2bPMOYgq1lsH9HN,3,9,7.1,,,,,,,,,,illinois,Female,,Some college but no degree,White,,Rural community,,29,Independent,
R_1lmBns1GzJ0C0Li,,,,1,4,3,,,,,,,FL,Female,,Bachelor degree,Asian,,Suburban community,,23,Democratic party,
R_31sJR5buSuwXWIC,1,1,1,,,,,,,,,,Kentucky,Female,,Associate degree,White,,Suburban community,,42,Democratic party,
R_1nU4AVtjDABF4Zp,,,,,,,2,8.2,4.6,,,,Connecticut,Female,,Associate degree,White,,Suburban community,,26,Democratic party,
R_2Ea5wjGBNWVGX02,,,,,,,,,,9,1.9,7,Arkansas,Male,,Graduate degree,White,,Rural community,,36,Libertarian Party,
R_RrfpTEz41IirqJb,,,,9,2,9,,,,,,,Ohio,Female,,Associate degree,White,,City or urban community,,60,Other (please specify):,Constitution
R_pa7IRiiN9LAz1uh,,,,,,,,,,3,4,1,WASHINGON,Female,,"High school degree or equivalent (e.g., GED)",White,,City or urban community,,66,Republican Party,
R_2rCnOSuBOqIRvM5,,,,,,,7.8,6.8,9,,,,New Jersey,Female,,Some college but no degree,White,,Suburban community,,30,Green Party,
R_1DoHiln5dUzeQgQ,1.8,4.7,6,,,,,,,,,,KY,Male,,Some college but no degree,White,,Suburban community,,41,Republican Party,
R_2EEv2mJZWN9XI0s,,,,,,,,,,8.1,2.9,7,Georgia,Female,,Associate degree,White,,Suburban community,,51,Democratic party,
R_dap6zKHil0MyYWR,,,,,,,9,6.8,3.2,,,,Idaho,Male,,Some college but no degree,White,,Rural community,,61,Republican Party,
R_1NkqFIGLKvXSErH,1,5.9,1,,,,,,,,,,Pennsylvania,Female,,"High school degree or equivalent (e.g., GED)",White,,Suburban community,,29,Democratic party,
R_r8XbP2UXa25Hr0Z,,,,6.7,5.8,5.6,,,,,,,Missouri,Female,,Graduate degree,White,,Suburban community,,27,Democratic party,
R_23gbQeShWbpAq25,,,,,,,4,6,4.5,,,,NM,Male,,Associate degree,White,,Rural community,,30,Independent,
R_2DUBueOB5wvxsnl,,,,,,,,,,2.9,9,4.7,Tx,Female,,Some college but no degree,White,,City or urban community,,43,Republican Party,
R_1gRsLT9wIEwzXW0,,,,,,,,,,6.5,2.1,8.6,Florida,Female,,Associate degree,"Spanish, Hispanic, or Latino",,City or urban community,,20,Democratic party,
R_1LCmJGBO8rgReju,8,4,8,,,,,,,,,,Alabama,Male,,Graduate degree,White,,City or urban community,,29,Democratic party,
R_31YHfFP8Z24EvnJ,,,,,,,7.6,6.6,4,,,,Georgia,Male,,Bachelor degree,White,,City or urban community,,29,Republican Party,
R_3ragZB5wm4LFASl,,,,9,5,9,,,,,,,California,Male,,Bachelor degree,"Spanish, Hispanic, or Latino",,Suburban community,,25,Democratic party,
R_1EiKxPoKHl8fIY4,5,1,9,,,,,,,,,,Tennessee,Female,,Bachelor degree,White,,Suburban community,,26,Republican Party,
R_805VXG4S8K4lEVr,,,,9,9,8,,,,,,,Oklahoma,Female,,"High school degree or equivalent (e.g., GED)",White,,City or urban community,,41,Independent,
R_tG1Q0Eb5gBzujoB,,,,,,,4.9,7.3,8.9,,,,Florida,Male,,Bachelor degree,Asian,,Suburban community,,35,Democratic party,
R_rcCJ8GXHxGdqJhf,1,9,9,,,,,,,,,,illinois,Female,,Associate degree,White,,Rural community,,40,Republican Party,
R_3fUyouyvQpzarvC,9,1,7.5,,,,,,,,,,TX,Male,,Bachelor degree,"Spanish, Hispanic, or Latino",,City or urban community,,49,Republican Party,
R_3CUBFS3SJ03P5Ru,,,,,,,1,8,8,,,,tx,Male,,Some college but no degree,White,,Suburban community,,48,Republican Party,
R_2QX9iWFnvV6MND5,,,,,,,,,,5.1,8,6,Virginia,Male,,Graduate degree,"Spanish, Hispanic, or Latino",,Suburban community,,42,Democratic party,
R_UQ5Rgt5VfGhYgF3,,,,,,,,,,6.1,5.2,7.3,Nebraska,Male,,Bachelor degree,White,,Rural community,,26,Democratic party,
R_27TnY1W2Szw0Nc4,,,,,,,1,9,4.3,,,,Minnesota,Female,,Some college but no degree,White,,Suburban community,,21,Independent,
R_2EbJFj7iINXTrQt,,,,,,,,,,7,9,9,California,Male,,Some college but no degree,White,,Rural community,,57,Republican Party,
R_0wHh6VtsPWkwulj,,,,4.4,2.9,7.4,,,,,,,New Jersey,Male,,Bachelor degree,"Spanish, Hispanic, or Latino",,Suburban community,,33,Independent,
R_3iQlrhG455xMRnW,3.2,1,9,,,,,,,,,,North Carolina,Female,,Bachelor degree,White,,Suburban community,,46,Republican Party,
R_1gTQjDigrPv8ldA,,,,,,,,,,1,5,1,PA,Female,,Associate degree,White,,Rural community,,47,Independent,
R_2dJXPufG17fvJ79,3.7,5.1,4.4,,,,,,,,,,CO,Female,,Graduate degree,White,,City or urban community,,51,Democratic party,
R_2az8RwxplYhzEB2,,,,1,1,1,,,,,,,Florida,Female,,Some college but no degree,White,,Other (please specify):,Island town,59,Democratic party,
R_3Mhhil2AqeZaBnf,,,,,,,5.1,5.1,5.1,,,,fl,Female,,Some college but no degree,"Spanish, Hispanic, or Latino",,Suburban community,,28,"Green Party,Independent",
R_uwwQEEHB0XRIOzf,,,,9,1.9,8.2,,,,,,,Kansas,Female,,Associate degree,White,,City or urban community,,54,Democratic party,
R_0pOwioY4ZfwP9qF,,,,,,,,,,5,9,1,AR,Female,,Some college but no degree,White,,Rural community,,41,Republican Party,
R_3PH1IoF9VzhkymQ,,,,8.2,2.9,9,,,,,,,Illinois,Female,,Bachelor degree,White,,Suburban community,,47,Republican Party,
R_6m3ABRSRa9dmokF,,,,,,,,,,9,2,9,New Jersey,Female,,Graduate degree,White,,Suburban community,,43,Independent,
R_2aUEzXLy7Uymi8S,6.1,3.1,7.4,,,,,,,,,,Michigan,Female,,Associate degree,White,,Suburban community,,32,Democratic party,
R_1ohackmQrMOxUZo,,,,,,,,,,9,4.7,8,Illinois,Male,,Bachelor degree,White,,Suburban community,,27,Democratic party,
R_ZxWypXWIyDyTpgl,,,,,,,3.7,6.1,6.4,,,,NH,Female,,Some college but no degree,White,,City or urban community,,20,Independent,
R_yO88HgmxgZFFUdP,1,5,8.6,,,,,,,,,,Florida,Female,,Associate degree,"Spanish, Hispanic, or Latino",,Suburban community,,27,Independent,
R_1LBw0njC9MQDkAc,,,,,,,1,9,9,,,,SC,Male,,Some college but no degree,White,,Suburban community,,26,Independent,
R_2w4PogoHiDB284d,1,9,1,,,,,,,,,,Ohio,Male,,Some college but no degree,White,,City or urban community,,38,Independent,
R_7WzI0MOTp9JZM8F,,,,,,,,,,4,5.2,9,NH,Female,,Graduate degree,White,,City or urban community,,31,Republican Party,
R_2wySIYrFZVMwraS,,,,,,,1,5.1,1,,,,Colorado,Female,,Some college but no degree,White,,City or urban community,,31,Democratic party,
R_81itudLKYDH62fn,,,,1,3,6.5,,,,,,,California,Male,,Some college but no degree,White,,City or urban community,,36,Independent,
R_31zWy77aqWXIMM9,,,,8.1,1.1,8.9,,,,,,,Colorado,Female,,Bachelor degree,White,,City or urban community,,34,Independent,
R_1OHrM6kzWMeTrIE,4,4,6,,,,,,,,,,Minnesota,Male,,Graduate degree,White,,Suburban community,,35,Independent,
R_cLMU2Kb1gOMp97j,,,,,,,2.7,8.6,4.1,,,,Colorado,Female,,Some college but no degree,White,,City or urban community,,33,Republican Party,
R_3PXJp2oXd1obXMx,,,,,,,,,,8.5,5.5,9,CA,Female,,Bachelor degree,Asian,,City or urban community,,35,Democratic party,
R_3aZUm7h2AKC9fZ7,,,,1.9,8.1,7.2,,,,,,,California,Male,,Graduate degree,White,,Suburban community,,40,Independent,
R_eLqnPfihjwV8bDP,,,,,,,1,6.2,6.1,,,,TN,Male,,Bachelor degree,White,,City or urban community,,77,Independent,
R_3hiqJ8Y2NHnAWa1,,,,,,,,,,6.5,3,8.8,ca,Male,,Graduate degree,White,,Suburban community,,37,Democratic party,
R_ZgUOcEXCWJsVg9r,,,,,,,1,7.3,4.1,,,,PA,Female,,Bachelor degree,White,,City or urban community,,23,Democratic party,
R_3IVL9V8dnM0lcoe,,,,8.6,1.7,4.7,,,,,,,Alabama,Male,,Bachelor degree,White,,Rural community,,24,Independent,
R_3FUQJEEgOGv2ngN,8.3,4,7.1,,,,,,,,,,Louisiana,Female,,Bachelor degree,White,,Suburban community,,30,Democratic party,
R_3pih3GbQORyyHyN,,,,1,9,1,,,,,,,NJ,Male,,Bachelor degree,White,,Suburban community,,63,Democratic party,
R_24pZ2TiJKsA6Gc2,,,,,,,9,9,9,,,,California,Female,,Bachelor degree,Black or African-American,,City or urban community,,35,Democratic party,
R_3HhaeXRlrcDWQeY,,,,,,,,,,8.3,2,9,Michigan,Female,,Bachelor degree,White,,Rural community,,48,Republican Party,
R_2vlcGQDOJkMG4yA,,,,6.5,3.6,9,,,,,,,Arkansas,Female,,Bachelor degree,White,,Rural community,,29,Democratic party,
R_ptLxhtJjcfvbjwt,,,,,,,1.3,6.8,3.5,,,,Georgia,Female,,Some college but no degree,White,,Suburban community,,52,Republican Party,
R_3mgErKnefLhavEs,,,,3.9,2.5,2.8,,,,,,,Virginia,Female,,Graduate degree,White,,Rural community,,27,Republican Party,
R_1Yrgan5n2k5M1JD,9,4.1,5.1,,,,,,,,,,MO,Female,,Bachelor degree,White,,City or urban community,,45,Other (please specify):,Socialist
R_UR3CmRMpbMmujPb,,,,,,,,,,1,7,8,South Carolina,Female,,"High school degree or equivalent (e.g., GED)",White,,Suburban community,,31,Independent,
R_2CrZe6A10N7sDkx,8,3,7,,,,,,,,,,Pennsylvania,Male,,"High school degree or equivalent (e.g., GED)",White,,Rural community,,38,Independent,
R_3HUCMisBZNkT12n,,,,,,,5,5,1.9,,,,Texas,Female,,"High school degree or equivalent (e.g., GED)",White,,Rural community,,59,Democratic party,
R_1gUgQ9U1RmRFxxA,,,,,,,,,,8.1,3.1,9,Arizona,Male,,Some college but no degree,White,,Suburban community,,67,Independent,
R_0PV7LIiH6GTDxst,4,5.9,7.2,,,,,,,,,,CA,Female,,Graduate degree,"White,Asian",,Suburban community,,27,Libertarian Party,
R_1mJ0CYxtfjzwR3p,,,,1.9,8.4,6.7,,,,,,,California,Female,,Associate degree,White,,Suburban community,,40,Republican Party,
R_8eM8QCIMrV9ZV4Z,,,,,,,,,,1,9,9,KY,Female,,"High school degree or equivalent (e.g., GED)",White,,Rural community,,54,Republican Party,
R_1gNp0kNpFJy3frr,9,8.8,8.7,,,,,,,,,,NYS,Male,,"High school degree or equivalent (e.g., GED)",White,,City or urban community,,43,Independent,
R_1hKlJO2rG53M6bD,,,,8.6,2.5,7.5,,,,,,,Virginia,Male,,"High school degree or equivalent (e.g., GED)",White,,Suburban community,,18,Republican Party,
R_3koLoiN3vaN5Z78,1.9,4.8,5.1,,,,,,,,,,sc,Female,,Some college but no degree,White,,Suburban community,,45,Republican Party,
R_2Y9Q59cxFAcFHi7,,,,,,,8.2,3.5,1.9,,,,oregon,Female,,Bachelor degree,White,,Suburban community,,54,Democratic party,
R_SP1Uk0P8Cxgcvg5,,,,2,5,3,,,,,,,California,Female,,Bachelor degree,Asian,,Suburban community,,32,Democratic party,
R_6DbQ1t2QxkVJtoR,,,,,,,8.2,7.4,8.3,,,,rhode island,Female,,Graduate degree,White,,Suburban community,,27,Democratic party,
R_2SHLc34k97yx9aX,9,1,9,,,,,,,,,,iowa,Male,,Associate degree,White,,City or urban community,,44,Republican Party,
R_3ssQb7asm3VGUYo,,,,,,,7.2,8.2,6.4,,,,WI,Female,,Bachelor degree,White,,Suburban community,,33,Independent,
R_2tG6vX6ZssYM74x,,,,,,,,,,7.9,2.5,3.4,Michigan,Female,,"High school degree or equivalent (e.g., GED)",White,,Rural community,,46,Republican Party,
R_1lv5hHJZZq6hyrz,,,,9,1,2.1,,,,,,,Tennessee,Male,,Bachelor degree,White,,Suburban community,,33,Democratic party,
R_3HCzvVc5mdBwT55,,,,,,,4.9,7.3,9,,,,NH,Female,,Bachelor degree,Asian,,Suburban community,,42,Independent,
R_2XiHjKCHavKT67x,,,,,,,,,,5.1,4.8,8,texas,Male,,Bachelor degree,White,,Suburban community,,24,Democratic party,
R_3KByWCf4yZpk1YN,9,1.4,9,,,,,,,,,,PA,Male,,Bachelor degree,"White,Asian",,Suburban community,,20,Democratic party,
R_30kGKF8ALLenjDi,1,9,7,,,,,,,,,,FL,Male,,Some college but no degree,"Spanish, Hispanic, or Latino",,Suburban community,,29,"Democratic party,Independent",
R_3jTJwen6PmYTmDv,9,7.1,5.9,,,,,,,,,,CA,Male,,Associate degree,White,,Rural community,,68,Independent,
R_2CK981UaZPTQ4x9,,,,9,1,9,,,,,,,NY,Male,,Bachelor degree,Asian,,Suburban community,,20,Republican Party,
R_2ONlNHB3RIQNACI,,,,6,5,2,,,,,,,New Mexico,Male,,Associate degree,"Spanish, Hispanic, or Latino",,Suburban community,,32,Independent,
R_1EdhefLAImF0mVA,,,,,,,,,,2.1,6.9,2.1,Tennessee,Female,,Some college but no degree,White,,Suburban community,,30,Democratic party,
R_3032i4ZirBD7j0r,,,,,,,7.6,8.1,7.4,,,,Ohio,Female,,Bachelor degree,White,,Suburban community,,28,Republican Party,
R_3nfwonkHpFFbeVQ,,,,9,2.5,7.5,,,,,,,virginia,Male,,Bachelor degree,White,,Rural community,,35,Democratic party,
R_SJLLU0VFGYYmIBH,,,,,,,,,,2,8,8,Texas,Male,,Some college but no degree,White,,Suburban community,,33,Independent,
R_1fjBQMZKvlyKLfl,7,8.7,8.8,,,,,,,,,,MA,Male,,Bachelor degree,"Asian,Asian-American",,Suburban community,,36,Independent,
R_3CVOpsJtmuJfPl3,,,,,,,,,,2.4,4,5.7,GA,Female,,Some college but no degree,White,,Suburban community,,50,Independent,
R_2ZEy7Bkolz5tz5w,9,2,2,,,,,,,,,,California,Male,,Graduate degree,White,,Suburban community,,56,Libertarian Party,
R_3GlYxNt0YaqP3Nd,,,,,,,3.8,6.1,5.7,,,,michigan,Female,,Some college but no degree,White,,Suburban community,,47,Democratic party,
R_3KCKotcUGeMHfLR,,,,,,,,,,1,9,1,flORIDA,Male,,Associate degree,"Spanish, Hispanic, or Latino",,City or urban community,,67,Republican Party,
R_1jPorjdxDTdx2m1,,,,1,9,1,,,,,,,Oregon,Female,,Bachelor degree,White,,Suburban community,,27,Independent,
R_2rj4oHkXKrTXqLg,,,,9,5,9,,,,,,,Kentucky,Female,,Some college but no degree,White,,Rural community,,36,Republican Party,
R_2y9IkEQd8arqRoZ,7.1,5.9,9,,,,,,,,,,Utah,Female,,Some college but no degree,White,,Suburban community,,50,Democratic party,
R_1gI82sDNKOq8GRO,,,,,,,9,2.5,8.5,,,,New York,Male,,Bachelor degree,White,,Suburban community,,25,Republican Party,
R_Y3VyTp0aBHamVfb,,,,,,,1,4.7,9,,,,MI,Female,,Bachelor degree,White,,City or urban community,,55,Democratic party,
R_YX0CUmAdxDkUYkV,,,,,,,,,,2.7,8,2.2,Wisconsin,Male,,Some college but no degree,White,,City or urban community,,26,Independent,
R_3kdKVZNgxBT8Oc5,,,,,,,7,5.1,8.2,,,,Florida,Female,,Bachelor degree,White,,Suburban community,,40,Republican Party,
R_3imy3vsQqyh7r69,1,9,2.4,,,,,,,,,,Minnesota,Male,,Bachelor degree,White,,City or urban community,,25,Democratic party,
R_2cCN1AN4on83nDD,,,,9,1,5.2,,,,,,,Illinois,Female,,Bachelor degree,White,,Rural community,,34,Democratic party,
R_3Kv9ssSKZ9eybWQ,,,,8.5,2,7,,,,,,,,Male,,Bachelor degree,"White,Asian-American",,Suburban community,,24,Independent,
R_PG7FDcvtCtiaOXv,7,8,8,,,,,,,,,,Maryland,Male,,Some college but no degree,White,,Rural community,,20,Independent,
R_08HtzpL2rw7SUVP,,,,,,,,,,1,9,1,FL,Female,,Some college but no degree,White,,Suburban community,,24,Democratic party,
R_1n3KZWbANfRVB6y,,,,,,,4.4,5.4,4,,,,ohio,Female,,"High school degree or equivalent (e.g., GED)",White,,Rural community,,31,Democratic party,
R_1MPXnlHOUidm4Oe,,,,8.2,3,5,,,,,,,Florida,Male,,Associate degree,White,,Suburban community,,59,Independent,
R_ZEp7YS26WpXP6IF,,,,,,,,,,8,9,6.1,Ohio,Female,,Associate degree,White,,Suburban community,,45,Republican Party,
R_3Ny9wi84zFfEFOz,6.3,4,9,,,,,,,,,,TX,Female,,Bachelor degree,White,,Suburban community,,27,Democratic party,
R_3EGXrfEfLpMtwme,,,,,,,,,,1.2,1.7,2,Wyoming,Female,,Some college but no degree,White,,Rural community,,50,Republican Party,
R_2wc9IwWWKKpWM4A,,,,,,,4.1,7.9,9,,,,California,Male,,Graduate degree,Asian,,Suburban community,,31,Democratic party,
R_1I4XQENPKyJUU0w,9,2.9,2.9,,,,,,,,,,louisiana,Male,,Bachelor degree,White,,Suburban community,,27,Independent,
R_1GQ6I6Tcq8zdXce,,,,6.5,7.1,6.5,,,,,,,Pennsylvania,Female,,Some college but no degree,White,,City or urban community,,65,Democratic party,
R_DTg8aQEVkjwfBWp,,,,,,,6.5,5.1,9,,,,Texas,Female,,Bachelor degree,White,,City or urban community,,59,Democratic party,
R_3JLd2affjF2C3wl,,,,1,9,1,,,,,,,Mississippi,Female,,Associate degree,White,,Rural community,,29,Republican Party,
R_12b5x2bDbBJ1uSd,6,6.8,7.6,,,,,,,,,,Nj,Male,,Bachelor degree,White,,Suburban community,,50,Democratic party,
R_30qQHZVONd5Z7nX,,,,,,,,,,1,1,9,TX,Male,,Graduate degree,White,,Suburban community,,29,Democratic party,
R_2VHGDc9248JUO6F,,,,,,,,,,9,1,1,Nebraska,Female,,Associate degree,White,,Rural community,,33,Independent,
R_xlmbD3aFvuFC0uZ,2,7.5,8.5,,,,,,,,,,Nevada,Female,,Bachelor degree,White,,City or urban community,,27,Republican Party,
R_3387gZJnBSRdEyJ,,,,9,1,2.4,,,,,,,California,Female,,Some college but no degree,White,,Rural community,,65,Independent,
R_1QPzhngnOZVQN5n,,,,,,,,,,9,1.9,8.3,New Mexico,Female,,Graduate degree,White,,Suburban community,,51,Independent,
R_3NR4tBQ7s82XMAk,,,,,,,1,9,5.2,,,,Georgia,Female,,Bachelor degree,Black or African-American,,Rural community,,58,Democratic party,
R_3L84qzsjGiaV5AW,9,9,9,,,,,,,,,,NEW YORK,Female,,Bachelor degree,White,,City or urban community,,24,Independent,
R_C2J1duJzXBE215n,,,,1,7.5,4.9,,,,,,,VA,Female,,Bachelor degree,Black or African-American,,Suburban community,,33,Independent,
R_RxbDRfHClZ1raP7,,,,1,1,3.8,,,,,,,Virginia,Male,,Some college but no degree,White,,City or urban community,,24,"Republican Party,Independent",
R_uxGljJNaIz3fUOd,,,,,,,1,9,1,,,,north carolina,Female,,"High school degree or equivalent (e.g., GED)",White,,Suburban community,,35,Democratic party,
R_3fUet4nEt8cmjUR,3.1,4.3,5.3,,,,,,,,,,New York,Female,,Bachelor degree,White,,Suburban community,,28,Republican Party,
R_2tlKT4K6eBqhoF5,,,,,,,,,,9,2,9,ca,Female,,Graduate degree,White,,City or urban community,,48,Democratic party,
R_Qb64TK5sKlhZO6t,,,,,,,1,9,7.5,,,,Georgia,Male,,Associate degree,Black or African-American,,Suburban community,,30,Republican Party,
R_31vMhCZHV58km1N,,,,9,4.5,8.1,,,,,,,Indiana,Female,,Bachelor degree,White,,Suburban community,,36,Republican Party,
R_1PTOoJWghAiR3X8,7.4,3.3,8,,,,,,,,,,Florida,Female,,Some college but no degree,"White,Black or African-American,Asian,Other (please specify):",Caribbean,"Suburban community,Other (please specify):",University,20,Democratic party,
R_eCLBAuHKUWVCmRj,,,,2,6.7,9,,,,,,,md,Male,,Graduate degree,White,,City or urban community,,28,Democratic party,
R_1jv1HZu7FtPycYy,,,,,,,,,,3.7,9,1,Tennessee,Female,,Bachelor degree,White,,Suburban community,,69,Independent,
R_2XchmjIxddBsrcK,,,,1,2.9,8.2,,,,,,,Minnesota,Female,,"High school degree or equivalent (e.g., GED)",White,,City or urban community,,36,Independent,
R_1gkDUhW0sEkAczm,9,2,1,,,,,,,,,,SC,Male,,Some college but no degree,White,,Suburban community,,54,Republican Party,
R_2ToDcho7jzOGxrP,,,,,,,5.9,5.1,4.7,,,,PA,Female,,Some college but no degree,White,,Rural community,,53,Republican Party,
R_28P9SAcapgacFX7,,,,,,,,,,8.9,1.4,3.4,North Carolina,Female,,Bachelor degree,Black or African-American,,City or urban community,,50,Independent,
R_OHbzJCOTEXV0lqh,,,,,,,5.5,5.6,5.7,,,,Florida,Female,,"High school degree or equivalent (e.g., GED)","Spanish, Hispanic, or Latino",,City or urban community,,45,Republican Party,
R_1QyF6y6wabmUbvU,1.7,5.1,3.9,,,,,,,,,,Idaho,Male,,Some college but no degree,White,,Suburban community,,34,Republican Party,
R_2wi7K8NjaFSOiCv,,,,,,,,,,7,2.9,8.2,Wisconsin,Female,,Graduate degree,White,,City or urban community,,31,Democratic party,
R_2QLgi3AtTQYJwQ3,,,,,,,,,,8.2,1.8,8.2,IL,Female,,Bachelor degree,White,,Rural community,,30,Democratic party,
R_2b1cYeYxeg2lhqH,,,,8.4,1.4,8.9,,,,,,,Colorado,Female,,Some college but no degree,White,,Rural community,,70,Republican Party,
R_OO3KfraiPDNHne9,,,,,,,4.8,6.3,4.1,,,,Washington,Male,,Bachelor degree,White,,Suburban community,,37,Independent,
R_1Ny8dQpVhnflvmO,6,4,8,,,,,,,,,,PA,Male,,Bachelor degree,White,,Suburban community,,44,Democratic party,
R_3edVD2HneC2or0m,,,,6.8,3.7,9,,,,,,,Indiana,Female,,"High school degree or equivalent (e.g., GED)",White,,Rural community,,18,Democratic party,
R_9uJyhE14V4msiZj,1.7,5,1.8,,,,,,,,,,Tennessee,Female,,"High school degree or equivalent (e.g., GED)","Spanish, Hispanic, or Latino,White",,Suburban community,,28,Democratic party,
R_2zCLPCVZWDMwQzr,,,,,,,4,3,9,,,,Texas,Male,,Bachelor degree,White,,Suburban community,,22,Libertarian Party,
R_3FIIDWqQpGSSFPy,,,,,,,,,,9,1,1,Texas,Female,,Associate degree,White,,Rural community,,48,Democratic party,
R_12ywfnySR8iuJQI,,,,,,,,,,5.9,9,6.8,pa,Female,,Some college but no degree,Black or African-American,,"City or urban community,Suburban community",,41,Democratic party,
R_2f1JMmfAeHBBtQg,5.5,7,9,,,,,,,,,,VA,Male,,Bachelor degree,White,,City or urban community,,26,Republican Party,
R_2CxNucbZOeyytzu,,,,7,9,9,,,,,,,Indiana,Female,,Associate degree,White,,Rural community,,29,Democratic party,
R_2alXQ30ReuAbxkX,,,,9,1,9,,,,,,,Illinois,Male,,Graduate degree,White,,Suburban community,,44,Democratic party,
R_1dvlELETQqOqhIy,,,,,,,8.3,3,9,,,,ca,Female,,Associate degree,White,,City or urban community,,23,Green Party,
R_31cnsb7BFHpVFWN,1,6.9,9,,,,,,,,,,Louisiana,Male,,"High school degree or equivalent (e.g., GED)",White,,Suburban community,,27,Republican Party,
R_6nWIC4ricTdoiEV,,,,,,,3.1,5.8,9,,,,DC,Female,,Bachelor degree,Black or African-American,,City or urban community,,35,Democratic party,
R_3q8s3aRZ7EYlqn2,,,,,,,,,,6,3.9,6.2,CA,Male,,Bachelor degree,White,,Suburban community,,46,Republican Party,
R_39Hzrq2epMPBDix,2.4,5.4,6.3,,,,,,,,,,florida,Female,,Bachelor degree,White,,Suburban community,,44,Republican Party,
R_2ScvWSQfdojbhIG,,,,,,,,,,9,3,9,Nevada,Male,,"High school degree or equivalent (e.g., GED)",Asian,,City or urban community,,35,Democratic party,
R_3Oiz44tCrEpk5PJ,,,,,,,1,3.6,7.8,,,,NC,Female,,Graduate degree,Black or African-American,,Suburban community,,32,Democratic party,
R_2aFsYQE2MRvzPdW,,,,8.5,2.9,7.5,,,,,,,Illinois,Male,,Graduate degree,White,,Rural community,,36,Republican Party,
R_2VxyqjGdMMhseao,,,,,,,,,,1,4.5,7,Florida,Female,,Some college but no degree,"Spanish, Hispanic, or Latino",,Suburban community,,50,Democratic party,
R_2TpJ4aNxaH9Qjwr,9,5,8,,,,,,,,,,GEOGIA,Female,,Some college but no degree,White,,Suburban community,,30,Democratic party,
R_3ktUkCidGcS5F7s,,,,3.9,5.1,6.3,,,,,,,MD,Female,,Some college but no degree,Black or African-American,,Suburban community,,34,Democratic party,
R_2S6xrAQgAyegg9V,,,,,,,1,5.9,9,,,,Michigan,Male,,Graduate degree,Black or African-American,,City or urban community,,30,Independent,
R_2WZImLhpZvBfuBB,1.7,9,5,,,,,,,,,,Washington,Female,,Some college but no degree,White,,Suburban community,,21,Republican Party,
R_29hKw6tnH8tHX7T,,,,,,,,,,7.1,1.6,9,New York,Female,,Some college but no degree,White,,Suburban community,,20,Democratic party,
R_1f3MZyn2N03rByl,,,,,,,1,1,5,,,,Colorado,Male,,Some college but no degree,"Spanish, Hispanic, or Latino,White",,Suburban community,,20,Independent,
R_QihsWFenngP0S0p,7,2,9,,,,,,,,,,Massachusetts,Male,,Bachelor degree,White,,Suburban community,,41,Republican Party,
R_3stWtdhZejmkq9b,,,,,,,,,,9,1,7,New Mexico,Female,,Associate degree,White,,Suburban community,,30,Democratic party,
R_1i4oljTqW6TeIvf,,,,1,9,9,,,,,,,New York,Female,,Bachelor degree,White,,City or urban community,,33,Democratic party,
R_3QPeyXRcIPuXObg,,,,,,,1,9,1,,,,missouri,Female,,"High school degree or equivalent (e.g., GED)",White,,Suburban community,,38,Independent,
R_UE1ykYenO8Lvwkh,,,,6,3,8,,,,,,,virginia,Female,,Bachelor degree,White,,Rural community,,23,Republican Party,
R_2zViuQ2E3mOHTn5,,,,,,,,,,7.2,1.8,9,Michigan,Female,,Graduate degree,White,,City or urban community,,45,Democratic party,
R_25QSfefeb0u4Cjl,,,,7.2,3.4,8.1,,,,,,,Maryland,Male,,Bachelor degree,White,,Suburban community,,44,Republican Party,
R_3ExMXAZVc1uYEM6,6,2.8,7.1,,,,,,,,,,Florida,Female,,"High school degree or equivalent (e.g., GED)",White,,Suburban community,,24,Republican Party,
R_DUXdBUM9K2VnbaN,,,,,,,6.1,7.4,8.4,,,,WASHINGTON,Male,,Bachelor degree,White,,Suburban community,,30,Libertarian Party,
R_2S9vWIfybkuTgYI,1,2.1,8,,,,,,,,,,pa,Female,,Associate degree,White,,Rural community,,57,Republican Party,
R_2qlSR1qkSP9pbX6,,,,,,,2.5,6.8,6.9,,,,oregon,Female,,Some college but no degree,White,,City or urban community,,42,Republican Party,
R_1gCGgl4pRWfpXwo,,,,1,9,9,,,,,,,Connecticut,Male,,Bachelor degree,White,,Suburban community,,29,Democratic party,
R_2CWdsNrWcbe1vK2,,,,,,,,,,7.1,5.1,6.8,NY,Female,,Associate degree,"Spanish, Hispanic, or Latino",,City or urban community,,,,
R_3haq3Ufh0W0H9Sz,8.5,1.8,3.3,,,,,,,,,,minnesota,Male,,Bachelor degree,White,,City or urban community,,41,Republican Party,
R_2DSU5aJQYVS0xZ3,9,2,4,,,,,,,,,,Minnesota,Female,,Some college but no degree,White,,Suburban community,,36,Democratic party,
R_2ZVntY5Tp491SB8,,,,,,,,,,1,9,9,Massachusetts,Female,,"High school degree or equivalent (e.g., GED)",Other (please specify):,portuguese,Suburban community,,27,Independent,
R_3G8JLUNQWzPkgDQ,,,,2.5,5.7,3.2,,,,,,,Tennessee,Female,,Some college but no degree,Asian,,Suburban community,,56,Republican Party,
R_DwKOPp0oMhue2RP,,,,,,,,,,8,5.5,8,Louisiana,Female,,Associate degree,Black or African-American,,Suburban community,,39,Democratic party,
R_3lriXhU8QFhYCth,,,,,,,1.6,1.6,8.1,,,,kentucky,Female,,Graduate degree,"White,Other (please specify):",,Suburban community,,33,Democratic party,
R_3rMbdR8RGzjoD0Y,,,,,,,,,,9,6.3,1.1,CA,Male,,Associate degree,Asian-American,,City or urban community,,26,Democratic party,
R_2bTov1THwI7Rshm,,,,,,,8,6.2,9,,,,NM,Female,,Some college but no degree,White,,City or urban community,,31,Independent,
R_2QtGsZDsLc3dzF3,,,,1,9,1,,,,,,,Ohio,Female,,Some college but no degree,White,,City or urban community,,30,Republican Party,
R_2tDctTHu3pXKuVB,7.1,4.4,7.1,,,,,,,,,,Mississippi,Female,,Associate degree,White,,Rural community,,46,Republican Party,
R_24piyG70jtorACX,2,7,9,,,,,,,,,,Florida,Male,,Graduate degree,White,,City or urban community,,34,Republican Party,
R_BS7yxe1Vf7ViDPb,,,,,,,1.9,9,4.7,,,,New Jersey,Male,,Bachelor degree,"Spanish, Hispanic, or Latino",,City or urban community,,28,Republican Party,
R_2TNno0spQzDxpAI,,,,9,1,1.7,,,,,,,Wisconsin,Male,,Some college but no degree,White,,Suburban community,,26,Republican Party,
R_u2lcLWZf2n85uCZ,,,,,,,1,9,7,,,,WI,Female,,"High school degree or equivalent (e.g., GED)",White,,Rural community,,40,Democratic party,
R_3iQLHxdhtRWdYpT,,,,,,,,,,6.6,4.5,5.7,CA,Female,,Bachelor degree,Asian,,Suburban community,,24,Republican Party,
R_2EFvgoEvLUi0kT7,,,,,,,9,9,8,,,,NJ,Female,,"High school degree or equivalent (e.g., GED)",White,,"Suburban community,Rural community",,28,Democratic party,
R_1F4UkAgdY2ZzvaF,,,,8,3,8,,,,,,,Nevada,Female,,Some college but no degree,White,,Suburban community,,32,Democratic party,
R_2rOZoGMQfx43k0a,,,,,,,,,,1,9,1.8,AL,Male,,Associate degree,Asian,,City or urban community,,34,Republican Party,
R_3KCPV0hbq42TeIN,6.5,9,8,,,,,,,,,,Arkansas,Male,,"High school degree or equivalent (e.g., GED)",Black or African-American,,Suburban community,,37,Independent,
R_1l4CdgxPkLXQenQ,,,,,,,7.1,7.6,6.4,,,,ny,Female,,Bachelor degree,Black or African-American,,City or urban community,,26,Democratic party,
R_2BeBLS6m0ofuXek,8.6,7,7,,,,,,,,,,California,Female,,Some college but no degree,White,,Suburban community,,43,Republican Party,
R_1dz9eZO2eDxKGZG,,,,6.5,3,6.1,,,,,,,IL,Female,,Bachelor degree,Other (please specify):,Mixed,Suburban community,,48,Other (please specify):,none
R_1KkIimhFlAZIN9S,,,,,,,,,,1,2.9,7,KANSAS,Male,,Some college but no degree,White,,City or urban community,,44,Independent,
R_25GUxVVYTjT0DgF,,,,,,,,,,8,1,7,Arizona,Female,,Some college but no degree,White,,Suburban community,,54,Democratic party,
R_2dsZHyN3LD5P8bf,6.7,2.4,7.9,,,,,,,,,,FL,Female,,Bachelor degree,"Asian,Asian-American",,Suburban community,,24,Independent,
R_3ir7O4soLB5mluJ,,,,8.2,2.9,9,,,,,,,CT,Female,,Bachelor degree,White,,Suburban community,,29,Libertarian Party,
R_31m7O9jEWkgekhI,,,,,,,1,9,1,,,,Michigan,Male,,Bachelor degree,White,,City or urban community,,44,Democratic party,
R_bPklPBPLn8kBBTz,,,,,,,,,,5,1,9,FL,Male,,Some college but no degree,White,,Suburban community,,64,Independent,
R_31gupPIPOI9G9sQ,,,,8.3,5.1,9,,,,,,,california,Male,,Graduate degree,White,,Suburban community,,54,Independent,
R_2373S2sutovylJ7,6.1,4.8,5.6,,,,,,,,,,ohio,Male,,"High school degree or equivalent (e.g., GED)",Black or African-American,,City or urban community,,25,Independent,
R_3m7WlKjoXdcPqK4,,,,,,,1.1,9,7.8,,,,New York,Female,,Bachelor degree,White,,City or urban community,,41,Democratic party,
R_80lPWYPidKAV6lX,1,4,6,,,,,,,,,,Va,Female,,Associate degree,White,,Suburban community,,48,Republican Party,
R_NWQpNy8WV0dCG3v,,,,,,,9,8.9,9,,,,georgia,Male,,Bachelor degree,White,,Suburban community,,65,Libertarian Party,
R_28Im8wDf4Vygdcn,,,,7.8,4.1,8,,,,,,,CT,Male,,"High school degree or equivalent (e.g., GED)",White,,Suburban community,,33,Libertarian Party,
R_1jl9N86hV2jjl6p,,,,,,,,,,9,9,9,MA,Female,,"High school degree or equivalent (e.g., GED)",White,,Suburban community,,47,Republican Party,
R_1gb6E4ajaEl0wk6,,,,,,,1,9,4.9,,,,Maryland,Female,,Some college but no degree,Black or African-American,,Suburban community,,29,Democratic party,
R_2v7Il1kPYAJucC7,2.2,7,4.9,,,,,,,,,,North Carolina,Female,,Bachelor degree,White,,Suburban community,,31,Republican Party,
R_1pJxHan9QBTRW8d,,,,,,,,,,9,1,8.9,Indiana,Female,,"High school degree or equivalent (e.g., GED)",White,,Suburban community,,48,Republican Party,
R_2fu92nWOCpkLNyV,,,,1,9,2.9,,,,,,,Michigan,Female,,Bachelor degree,White,,City or urban community,,25,Independent,
R_2OQ1BDXOjwD3ODq,,,,,,,3.8,4.6,6.4,,,,Georgia,Female,,Associate degree,White,,City or urban community,,37,Democratic party,
R_2WUMGo3gQtK3I5c,,,,2.2,5.1,2.5,,,,,,,CA,Male,,Some college but no degree,American Indian or Alaskan Native,,City or urban community,,24,Democratic party,
R_1lyp8kNvQRbn9IY,,,,,,,,,,4,5.7,2.8,Ma,Male,,Some college but no degree,White,,City or urban community,,29,Independent,
R_xtuKRLA42yNbXix,6.3,6.2,8.4,,,,,,,,,,PA,Female,,Bachelor degree,White,,City or urban community,,23,Democratic party,
R_1gBl1bEu8zeZk6g,,,,,,,,,,9,1,1.9,California,Male,,Graduate degree,White,,City or urban community,,29,Independent,
R_10Uwk9yrEirUhTX,8,3,6.5,,,,,,,,,,Arkansas,Female,,Bachelor degree,White,,Suburban community,,33,Democratic party,
R_29s3CjJ7m6Jqz8b,,,,5.5,7.5,9,,,,,,,Idaho,Female,,Some college but no degree,White,,Suburban community,,23,Democratic party,
R_2BsQ1wxc7WrMxq5,,,,,,,4,5,6.7,,,,IL,Male,,Some college but no degree,White,,Suburban community,,22,Republican Party,
R_12Jwld85pcgmloj,,,,5.9,2.8,6.2,,,,,,,tx,Female,,Some college but no degree,White,,Suburban community,,32,Independent,
R_4OD1BQjGK6tDeV3,,,,,,,9,9,9,,,,Alaska,Female,,"High school degree or equivalent (e.g., GED)",White,,Suburban community,,29,Independent,
R_1hF4ex4UIiRzsqZ,,,,,,,,,,4.3,6.5,5.2,texas,Male,,Bachelor degree,Black or African-American,,City or urban community,,47,Democratic party,
R_3jVrbphwp0xSnmh,5.2,1,5.1,,,,,,,,,,Ny,Female,,"High school degree or equivalent (e.g., GED)",White,,Suburban community,,33,Democratic party,
R_qUiSLoOmS2V0LQZ,,,,,,,,,,9,2.9,8.1,Oregon,Male,,Some college but no degree,Asian,,City or urban community,,53,Democratic party,
R_2EETPfoQkzBRDyY,9,2.3,7.9,,,,,,,,,,CT,Male,,Bachelor degree,White,,Suburban community,,28,Republican Party,
R_2YYdcNVY1fIp4M1,,,,,,,3.1,4.2,2.1,,,,RI,Female,,Bachelor degree,White,,Suburban community,,24,Green Party,
R_3OiFc0t3aGrIu9y,,,,7.4,7.5,7.6,,,,,,,massachusetts,Male,,Graduate degree,White,,City or urban community,,28,Democratic party,
R_xi91zyZFLxu2mNX,,,,,,,,,,1,1,9,MI,Female,,Associate degree,White,,Rural community,,53,Democratic party,
R_scbFS6xpImT5Bfz,,,,,,,1,9,1,,,,GA,Female,,Associate degree,White,,Suburban community,,35,Republican Party,
R_2bZebKbwYzyvp0n,,,,8,3,9,,,,,,,California,Female,,"High school degree or equivalent (e.g., GED)",White,,Suburban community,,27,Democratic party,
R_x4bMp5uNLDE1T2N,7,8,9,,,,,,,,,,TEXAS,Female,,Some college but no degree,White,,City or urban community,,37,Independent,
R_22kL35E3cJnLmIg,,,,9,1,5.1,,,,,,,Ohio,Female,,"High school degree or equivalent (e.g., GED)",White,,City or urban community,,24,Independent,
R_2vcBCEgwOQtACXk,,,,,,,,,,1.8,7.2,2.9,Massachusetts,Female,,Graduate degree,White,,City or urban community,,26,Democratic party,
R_0eqEvpVXigRy74d,7.5,4.5,6,,,,,,,,,,Louisiana,Female,,Bachelor degree,"Spanish, Hispanic, or Latino,White",,Rural community,,60,Democratic party,
R_2who0RmVoesdwJ7,,,,,,,9,9,9,,,,TN,Female,,"High school degree or equivalent (e.g., GED)",Black or African-American,,City or urban community,,54,Republican Party,
R_2OPHbD1uU5TODWG,,,,,,,5,5,4.9,,,,georgia,Female,,Some college but no degree,White,,Rural community,,42,Independent,
R_3G0KvU5AFKNmAos,,,,,,,,,,9,1,1,NY,Female,,Bachelor degree,White,,City or urban community,,22,"Democratic party,Independent",
R_3p0aECJA4w6p7c2,,,,9,1,7,,,,,,,florida,Female,,Bachelor degree,"Spanish, Hispanic, or Latino",,Suburban community,,35,Democratic party,
R_1qba5Vp5SqqIfxh,1,9,1,,,,,,,,,,NY,Female,,Associate degree,White,,Suburban community,,40,Republican Party,
R_1GKb2mg2e0XERIp,1,3.2,8.1,,,,,,,,,,Iowa,Male,,Some college but no degree,White,,Suburban community,,37,Democratic party,
R_2qxWhvZZguVcmXs,,,,3.1,8.1,9,,,,,,,Wisconsin,Female,,Bachelor degree,White,,Rural community,,35,Libertarian Party,
R_7TI5Chusl7MxCil,,,,,,,1,9,7.4,,,,North Carolina,Male,,Graduate degree,White,,City or urban community,,30,Democratic party,
R_1Q4UJpqx85BfCUF,1,9,1,,,,,,,,,,Vermont,Male,,Associate degree,White,,Suburban community,,44,Independent,
R_2Cg4s8wN47Pn126,,,,,,,,,,4.4,6.7,6.3,Georgia,Female,,Graduate degree,Asian,,Suburban community,,37,Democratic party,
R_UH08IXSjpWa249j,,,,,,,1.4,5.1,4,,,,Colorado,Male,,Some college but no degree,White,,Suburban community,,46,Republican Party,
R_2uQb9NKZaHb2G80,,,,,,,,,,2,5,6,texas,Female,,Some college but no degree,"Spanish, Hispanic, or Latino",,City or urban community,,33,Democratic party,
R_2YAoMxqukcC36uM,5,9,9,,,,,,,,,,North Dakota,Female,,Some college but no degree,White,,City or urban community,,30,Democratic party,
R_27NCMyerbrCtRUs,,,,,,,5.1,5.1,5.1,,,,CA,Female,,Some college but no degree,American Indian or Alaskan Native,,City or urban community,,29,Republican Party,
R_3eaypCEfYRJXpRg,1.7,5.2,3.8,,,,,,,,,,Florida,Male,,Some college but no degree,White,,Suburban community,,34,Libertarian Party,
R_3qyP404S9UTdeRv,,,,,,,,,,9,1.9,7.1,Virgina,Male,,Bachelor degree,White,,Suburban community,,43,Independent,
R_PGPnPPxFgi6nwB3,,,,6,9,9,,,,,,,Texas,Female,,Some college but no degree,White,,City or urban community,,24,Libertarian Party,
R_SVjLm3nwIB21oLD,,,,,,,6.2,5,7,,,,VA,Female,,Graduate degree,White,,Rural community,,61,Democratic party,
R_3erI5AG8erqikb0,6.4,4.1,5.7,,,,,,,,,,florida,Male,,Some college but no degree,White,,Suburban community,,51,Republican Party,
R_PMU5lzpHEVyFRGF,,,,,,,,,,1,9,5.5,California,Male,,Bachelor degree,Asian,,City or urban community,,29,Democratic party,
R_1mLDc40D50xNmcT,,,,,,,,,,2.2,7,2.3,Maryland,Female,,Bachelor degree,White,,Suburban community,,32,Democratic party,
R_Zn4yNtr5TYvqu09,,,,7.3,9,2.6,,,,,,,va,Male,,Graduate degree,White,,Suburban community,,36,Other (please specify):,not relevant to survey
R_1nVGzezhX7ehqFZ,,,,1,9,1,,,,,,,NJ,Male,,Bachelor degree,White,,Suburban community,,39,Republican Party,
R_2YtwkRAdabveLUW,,,,,,,,,,5.1,9,2.8,alabama,Female,,Associate degree,White,,Suburban community,,41,Republican Party,
R_1I4Mnlplj5bNL0G,,,,,,,9,2,9,,,,indiana,Female,,Bachelor degree,White,,Suburban community,,53,Republican Party,
R_2To7lPejxys4eQO,2,6.1,7.1,,,,,,,,,,Oklahoma,Male,,"High school degree or equivalent (e.g., GED)","Spanish, Hispanic, or Latino,White,Asian-American",,City or urban community,,26,Independent,
R_1gT5mbgZhmIMVvh,,,,,,,2,4.9,7.4,,,,Florida,Male,,Graduate degree,White,,Suburban community,,28,Democratic party,
R_2ZVOcyghsutSjTE,,,,,,,,,,9,2.1,2.2,Wyoming,Female,,"High school degree or equivalent (e.g., GED)",White,,Rural community,,67,Democratic party,
R_2OO2DcUnxglfv1H,,,,,,,1,7.9,3.4,,,,sc,Male,,"High school degree or equivalent (e.g., GED)",White,,Suburban community,,40,Democratic party,
R_2rHMif94XJEHtaj,,,,1,9,1.6,,,,,,,Colorado,Female,,Some college but no degree,White,,City or urban community,,29,Democratic party,
R_uwfnHOjXHi20DaV,,,,8.1,2.5,7.5,,,,,,,Pennsylvania,Female,,"High school degree or equivalent (e.g., GED)",White,,Rural community,,69,Democratic party,
R_22zx8OyNde17dyZ,,,,,,,,,,1.9,9,9,New York,Female,,Bachelor degree,White,,Rural community,,58,Republican Party,
R_2BgMHEqeqhx7Wiq,8.6,1.2,4.8,,,,,,,,,,MN,Other (please specify):,,Some college but no degree,White,,Suburban community,,22,Democratic party,
R_3sb25TqcFpYyH75,,,,,,,5.5,7,6,,,,New York,Male,,Graduate degree,Asian-American,,Suburban community,,28,Democratic party,
R_3qNz76Iugd6Ufn2,,,,,,,1,1,9,,,,PA,Male,,Bachelor degree,White,,City or urban community,,31,Democratic party,
R_2wmqk2DAZFrpbCK,3,1,9,,,,,,,,,,Maryland,Female,,Bachelor degree,Black or African-American,,City or urban community,,36,Democratic party,
R_eA7FJhK0E09s2rv,2.7,3.1,7.7,,,,,,,,,,New Jersey,Male,,Graduate degree,White,,Suburban community,,50,Democratic party,
R_06Yjgu8KpLRLAn7,,,,4.6,4,7.1,,,,,,,kentucky,Female,,Some college but no degree,White,,Suburban community,,20,Republican Party,
R_1r6MFKkjNNM5vho,,,,,,,,,,1,9,1,Pennsylvania,Female,,Bachelor degree,Black or African-American,,Suburban community,,28,Democratic party,
R_zU4PXAcWQIEgeM9,,,,,,,,,,9,5.5,9,Texas,Female,,Some college but no degree,Black or African-American,,Suburban community,,28,Democratic party,
R_8nYRji2E1IIzorf,,,,1.8,3.1,8.6,,,,,,,California,Male,,Associate degree,Asian,,Suburban community,,21,Libertarian Party,
R_248EVwWAYCK85NT,,,,,,,5.9,6.8,5.3,,,,Ga,Female,,"High school degree or equivalent (e.g., GED)",White,,Suburban community,,22,Republican Party,
R_25WWA4uC6986pZL,,,,,,,,,,8.1,2.5,8.2,NY,Female,,Bachelor degree,White,,Rural community,,39,Republican Party,
R_1mzxoEBDESTp7o0,1,1,6.1,,,,,,,,,,georgia,Male,,Associate degree,White,,Suburban community,,63,Independent,
R_DIh82lTqkAJhS7f,,,,9,1,1,,,,,,,Oregon,Male,,Some college but no degree,White,,Suburban community,,21,Democratic party,
R_2TouFhErHaZQney,1,4,1,,,,,,,,,,Illinois,Male,,Some college but no degree,White,,Suburban community,,24,Independent,
R_1JVKL3l4wdDzKoZ,,,,,,,1,9,4.4,,,,Texas,Female,,Some college but no degree,Black or African-American,,Suburban community,,25,Democratic party,
R_visjh1vZqzhm39D,,,,,,,1.4,8.3,8.4,,,,Missouri,Female,,Bachelor degree,White,,City or urban community,,27,Democratic party,
R_1hEWxmbU9IA8wbE,,,,9,9,9,,,,,,,Illinois,Female,,Some college but no degree,White,,Suburban community,,32,"Other (please specify):,Independent",
R_2uIfgO6tg3JdCfu,,,,,,,,,,7.3,7.3,2.9,GA,Male,,Associate degree,Black or African-American,,Suburban community,,23,Republican Party,
R_2cusUAlyTxx8fBl,,,,,,,,,,8.2,1,2,Florida,Female,,Some college but no degree,White,,City or urban community,,33,Republican Party,
R_3phAM2k1tVii0LB,3.6,8.3,7,,,,,,,,,,California,Female,,Some college but no degree,"Spanish, Hispanic, or Latino",,Suburban community,,26,Democratic party,
R_2QPBVlTWgkxkJhu,,,,,,,9,3.7,9,,,,AZ,Female,,Associate degree,Other (please specify):,USA,Rural community,,57,"Other (please specify):,Independent",Indie
R_1FfjE5xSoWPBnku,1.9,8.1,8.1,,,,,,,,,,Texas,Female,,Bachelor degree,White,,Suburban community,,38,Republican Party,
R_ahOyvkIr8UMoYnv,,,,9,2,4,,,,,,,Idaho,Male,,Bachelor degree,White,,Rural community,,31,Republican Party,
R_3P7zhxalnaqE77C,,,,,,,,,,1,9,9,South Carolina,Male,,Some college but no degree,Black or African-American,,Rural community,,28,Democratic party,
R_22E3WeoVpSAS4lG,,,,3.6,5.1,5.1,,,,,,,Pennsylvania,Female,,"High school degree or equivalent (e.g., GED)",White,,City or urban community,,51,Democratic party,
R_w13tgeduzt0FAB3,,,,,,,6.1,9,4,,,,michigan,Female,,Some college but no degree,Black or African-American,,Suburban community,,32,Democratic party,
R_3dKEAJnW6MVrUrt,,,,,,,,,,1,5,9,NY,Female,,Graduate degree,Asian,,Suburban community,,45,Democratic party,
R_QfzRD4kEDtwODOp,7.8,7,8.5,,,,,,,,,,Illinois,Male,,Bachelor degree,White,,Suburban community,,31,Independent,
R_2xxjWTmjBdZPDgc,6.9,9,6.2,,,,,,,,,,texas,Female,,Associate degree,White,,City or urban community,,39,Republican Party,
R_PFFKcGLQisw9VMB,,,,,,,1,9,2.6,,,,Pa,Female,,"High school degree or equivalent (e.g., GED)",White,,City or urban community,,51,Democratic party,
R_RrwrXNTNvbliRkl,,,,,,,2.3,9,3.9,,,,California,Male,,Graduate degree,White,,Suburban community,,28,Democratic party,
R_3s4ZuKQGp6rHdBV,,,,,,,,,,8.2,3.1,9,Florida,Male,,Some college but no degree,White,,Suburban community,,49,Democratic party,
R_22SrjBXmVQ3nHYO,,,,2,5,7.5,,,,,,,Oregon,Female,,Bachelor degree,White,,Suburban community,,35,Democratic party,
R_3nl106ZSFdV5GB8,,,,,,,1,7.2,9,,,,indiana,Male,,"High school degree or equivalent (e.g., GED)",White,,Suburban community,,28,Republican Party,
R_3m3N150jaBKZd2P,,,,1,5,1,,,,,,,Texas,Female,,Associate degree,White,,Rural community,,53,Independent,
R_WAOeCakdtBoPloR,9,1,9,,,,,,,,,,ohio,Male,,"High school degree or equivalent (e.g., GED)",White,,City or urban community,,27,Independent,
R_1d7jysPSOk1QJKs,8,3.5,6.7,,,,,,,,,,Illinois,Male,,Some college but no degree,White,,Rural community,,71,Democratic party,
R_vHJRTx2RxB68Lux,,,,,,,,,,1,9,1,Florida,Female,,Bachelor degree,White,,Suburban community,,32,Republican Party,
R_3qv2sKAc5TxUQRb,8.2,5,8.6,,,,,,,,,,Maine,Male,,Bachelor degree,White,,Suburban community,,47,Independent,
R_wY96FwYw0q3Bp0R,,,,4.3,7.7,3.8,,,,,,,Kansas,Female,,"High school degree or equivalent (e.g., GED)",White,,Suburban community,,62,Republican Party,
R_1KcKzx9qs4BEUQq,,,,,,,1.1,9,3,,,,Washington,Male,,Bachelor degree,White,,Suburban community,,39,Independent,
R_xbzu0T69woEdqGR,,,,4.3,2.8,8.9,,,,,,,Texas,Female,,Bachelor degree,White,,City or urban community,,61,Republican Party,
R_8i8iZVbfkoUHiCZ,,,,1,9,1,,,,,,,kentucky,Female,,Some college but no degree,White,,Rural community,,36,Democratic party,
R_2EsZGqu4R4Xwpn6,,,,,,,,,,1.5,8.7,1.6,Virginia,Female,,Some college but no degree,White,,Suburban community,,71,Democratic party,
R_2RadDyTkIAAsaIE,,,,,,,,,,1,9,1,florida,Female,,"High school degree or equivalent (e.g., GED)",White,,Rural community,,47,Independent,
R_XZJoEqpWHrt1zQl,6.5,6,7.5,,,,,,,,,,Missouri,Male,,Some college but no degree,White,,Suburban community,,36,Democratic party,
R_1Lu345vejO3FJIJ,,,,,,,2,5.1,1.1,,,,united states,Female,,"High school degree or equivalent (e.g., GED)",White,,Rural community,,57,Independent,
R_pFR4S2vrFvf5VIJ,,,,1,9,5,,,,,,,Illinois,Female,,"High school degree or equivalent (e.g., GED)",White,,City or urban community,,59,Independent,
R_3dYvXzpT7f31IK5,3.1,1.7,8.6,,,,,,,,,,California,Female,,Bachelor degree,Asian-American,,City or urban community,,28,Democratic party,
R_3iDSprqCIPvyDp0,,,,,,,,,,3.8,3.9,8.6,PA,Female,,Bachelor degree,White,,City or urban community,,55,Independent,
R_1Cwr1QEFCR6MlHA,,,,,,,1,9,7.4,,,,TX,Female,,Some college but no degree,White,,Suburban community,,55,Democratic party,
R_3dKBd0LCcUyfPpZ,,,,9,4.4,7.9,,,,,,,OH,Male,,Bachelor degree,White,,Suburban community,,23,Independent,
R_22XIQIQtyToBQ6k,,,,,,,,,,4.8,1,9,North Carolina,Male,,Some college but no degree,Black or African-American,,Suburban community,,44,Democratic party,
R_2wSx6sneehvF3BV,,,,,,,4.2,6.1,5.2,,,,NJ,Male,,Bachelor degree,White,,City or urban community,,26,Republican Party,
R_1ln0V5U7Lc5taqa,6,5,5,,,,,,,,,,minnesota,Female,,Some college but no degree,White,,Suburban community,,29,Democratic party,
R_qx8krxDbh9yQbW9,,,,,,,3.8,5.6,7.9,,,,GA,Female,,Bachelor degree,White,,Rural community,,30,Republican Party,
R_3kKXdduIVn01XJ9,7.3,7.2,7.2,,,,,,,,,,CT,Female,,Some college but no degree,White,,Suburban community,,41,Independent,
R_21Hg2dk8LlagFQ9,,,,8,3,9,,,,,,,Texas,Male,,Some college but no degree,White,,Suburban community,,21,Independent,
R_24urAt7C9MLKF8g,,,,7,1.5,8.5,,,,,,,VA,Male,,"High school degree or equivalent (e.g., GED)",White,,City or urban community,,29,Democratic party,
R_3G7CBcSOyKluiJT,,,,,,,,,,7.7,4.2,8.3,TX,Male,,Graduate degree,White,,City or urban community,,47,Republican Party,
R_2y2e3UxqCrkMieq,,,,,,,,,,9,3.4,9,NJ,Female,,Some college but no degree,"Spanish, Hispanic, or Latino",,City or urban community,,37,Democratic party,
R_1Kd6YtFdiwnZI57,,,,,,,7,9,9,,,,Illinois,Female,,Associate degree,"Spanish, Hispanic, or Latino,White",,Suburban community,,38,Independent,
R_3jTAZTqmANs9BWy,,,,,,,6.6,4.2,6.1,,,,ND,Male,,Less than high school degree,Asian,,Suburban community,,55,Republican Party,
R_28U95k74jZPD5ja,8.3,7.1,9,,,,,,,,,,Maine,Female,,Bachelor degree,White,,Rural community,,49,Democratic party,
R_2bkUclOQeVMS7vj,3,3.5,8,,,,,,,,,,WA,Female,,"High school degree or equivalent (e.g., GED)",White,,City or urban community,,51,Democratic party,
R_1n6kwKsY5DdIsyy,,,,,,,,,,8,5,9,Tennessee,Female,,Bachelor degree,White,,Rural community,,31,Independent,
R_3HT5C4BkgopfYIE,,,,,,,6,4.4,6.2,,,,Pennsylvania,Male,,Graduate degree,White,,City or urban community,,24,Democratic party,
R_28Cchccf6aEkdKX,,,,8.7,9,8.4,,,,,,,Ohio,Female,,Associate degree,White,,City or urban community,,33,Republican Party,
R_31t7v4IUCx7P3r2,9,1.9,6.3,,,,,,,,,,Virginia,Male,,Bachelor degree,White,,Suburban community,,26,Republican Party,
R_3DkhVTs1MYdP4yq,,,,9,1,9,,,,,,,Maryland,Male,,Bachelor degree,"White,Black or African-American",,Suburban community,,27,Independent,
R_BsHsEhTdBryS3ap,,,,,,,,,,6.9,5,9,Texas,Female,,Bachelor degree,White,,Suburban community,,35,Libertarian Party,
R_1pnWqhkneuKdH7J,,,,,,,1.9,8.4,9,,,,RI,Male,,Bachelor degree,White,,Suburban community,,39,Republican Party,
R_Q6A8K2Ur0qRmYU1,,,,1,1,8,,,,,,,NY,Female,,Graduate degree,White,,Rural community,,,Democratic party,
R_DucFpbJRkPDfPHj,,,,,,,,,,6.7,6.3,6.7,Illinois,Male,,Bachelor degree,White,,City or urban community,,,Democratic party,
R_3iUY8ovzfDDQ5pH,,,,,,,,,,4.4,8.8,4.8,PA,Female,,Some college but no degree,White,,Rural community,,34,Republican Party,
R_2tyg0v9jd4dehvf,,,,,,,9,9,9,,,,AZ,Female,,Graduate degree,White,,Suburban community,,34,Libertarian Party,
R_31N81Unje8U0s8p,1,8.4,8.3,,,,,,,,,,NY,Female,,Graduate degree,White,,Suburban community,,32,Green Party,
R_3GrJDeH2vmcdQpu,9,4,8.1,,,,,,,,,,New York,Female,,Bachelor degree,,,City or urban community,,42,,
R_1IxZ2Ii2CHlT0KS,,,,1,9,3.1,,,,,,,Pennsylvania,Female,,Some college but no degree,White,,Suburban community,,25,Democratic party,
R_wOcv4IlPPMllwwV,,,,,,,,,,8.2,1.1,9,North Carolina,Female,,Bachelor degree,White,,Rural community,,34,Republican Party,
R_3lPMA4TUXhdQknu,2,8,3,,,,,,,,,,Maryland,Female,,Bachelor degree,Black or African-American,,Suburban community,,33,Democratic party,
R_tX7oqEp8CBaGFvb,,,,7.6,3.5,8.5,,,,,,,CT,Female,,Bachelor degree,White,,Suburban community,,24,Democratic party,
R_2WUrwQdXcROJGWF,,,,,,,4,5,5.2,,,,California,Male,,Some college but no degree,Asian,,City or urban community,,23,Independent,
R_CePEdJJ0GzPZlUl,,,,,,,,,,8.9,1.1,1.1,Illinois,Female,,Bachelor degree,Black or African-American,,Suburban community,,35,Democratic party,
R_2SAyQnOe4DjcZWW,,,,,,,3,9,9,,,,IL,Female,,Bachelor degree,White,,Suburban community,,26,Democratic party,
R_2AHkgo2JO9nEa7U,3.4,8.7,6.6,,,,,,,,,,NY,Female,,"High school degree or equivalent (e.g., GED)","Spanish, Hispanic, or Latino",,Suburban community,,26,Democratic party,
R_2aagyb5b4GdOpgR,,,,8.2,1,4.8,,,,,,,New York,Female,,"High school degree or equivalent (e.g., GED)",White,,Rural community,,67,Republican Party,
R_wRWdnOc6SiDNE6B,,,,,,,9,9,9,,,,Maryland,Female,,Bachelor degree,White,,Suburban community,,47,Green Party,
R_3lrZj5UmL5xsHxo,,,,,,,,,,6,7,6,washington,Female,,Some college but no degree,White,,City or urban community,,18,Democratic party,
R_1M6fvMCbn6gXntg,1,9,6.3,,,,,,,,,,ca,Female,,Some college but no degree,"Spanish, Hispanic, or Latino",,City or urban community,,29,"Democratic party,Libertarian Party",
R_SZh3rBKDSGvOO1X,,,,9,2,7,,,,,,,Ohio,Female,,Bachelor degree,White,,City or urban community,,45840,Democratic party,
R_2ypVDODlCrEeSUa,4.4,6.2,6.3,,,,,,,,,,Florida,Female,,Bachelor degree,Asian-American,,Suburban community,,18,Democratic party,
R_2xFuzy66tAljxGI,,,,,,,,,,8.8,2.9,6.9,il,Female,,Some college but no degree,White,,Suburban community,,19,Democratic party,
R_3ELIYsfhwaHNAO6,,,,,,,8,7,9,,,,Maryland,Male,,Graduate degree,"Asian,Asian-American",,City or urban community,,40,Independent,
R_3nPB3a0XpTdjMDa,,,,1,9,1,,,,,,,TEXAS,Female,,Bachelor degree,White,,Suburban community,,69,Independent,
R_2QAFxbm7NkX5YIc,9,3.9,9,,,,,,,,,,North Carolina,Female,,Bachelor degree,White,,Suburban community,,28,Independent,
R_ulUD1wxQ3JwlvXz,,,,,,,,,,5,4.3,8,TX,Female,,Some college but no degree,White,,City or urban community,,53,Republican Party,
R_0OHsv22MeAJXr8d,,,,9,1,2.8,,,,,,,PA,Female,,Some college but no degree,White,,Rural community,,60,Independent,
R_r390pNLjpxb3Czn,,,,,,,1.1,6.2,8,,,,California,Female,,Graduate degree,"Spanish, Hispanic, or Latino,White",,Suburban community,,35,Republican Party,
R_1cZJyN5NEHp8IgP,,,,,,,,,,9,9,1,Arizona,Female,,Associate degree,White,,City or urban community,,31,Republican Party,
R_3nTvFdTOYHGV0PD,,,,4.5,3.4,6.1,,,,,,,Ohio,Male,,Some college but no degree,White,,City or urban community,,32,Independent,
R_29vlL9rOasXhp3e,3,8.4,7.2,,,,,,,,,,SOUTH CAROLINA,Female,,Some college but no degree,White,,Rural community,,50,Republican Party,
R_2rOCMZH5rKmGT8W,,,,,,,9,9,9,,,,Illinois,Male,,Some college but no degree,White,,Suburban community,,20,Independent,
R_BEZKl8ggN1m2Wxb,,,,4.9,5.1,2.6,,,,,,,Ohio,Male,,Some college but no degree,White,,City or urban community,,41,Libertarian Party,
R_2vcc9cZjI0YoTPO,,,,,,,1,9,1,,,,tennesee,Female,,"High school degree or equivalent (e.g., GED)","Spanish, Hispanic, or Latino",,Rural community,,36,Independent,
R_2WOPCNi4lXSoDil,9,6,5.5,,,,,,,,,,Minnesota,Female,,Graduate degree,White,,Suburban community,,48,Democratic party,
R_2E0tQuYXxt0qbmg,,,,7.2,6.9,6.6,,,,,,,Virginia,Female,,Bachelor degree,Asian,,City or urban community,,35,Democratic party,
R_7R0aKosCeGzoYjD,,,,,,,,,,3.3,3.6,7,New York,Female,,Graduate degree,White,,City or urban community,,39,Republican Party,
R_332BanOuSAvv09l,3,5,5.1,,,,,,,,,,Georgia,Male,,Graduate degree,White,,Suburban community,,68,Independent,
R_1CpciDWEAe39ssl,,,,,,,5.5,7.5,7,,,,CA,Male,,Bachelor degree,"Spanish, Hispanic, or Latino",,Suburban community,,25,Democratic party,
R_2zHpFr6EAxWa2SF,9,2,8,,,,,,,,,,Montana,Male,,Some college but no degree,"Spanish, Hispanic, or Latino,White",,Suburban community,,50,Libertarian Party,
R_bJJrMAnj4SFDlhr,,,,,,,6.2,7.2,7.1,,,,pa,Female,,Graduate degree,White,,City or urban community,,66,Democratic party,
R_3LhVh8kKK5ztL44,,,,,,,,,,1,2,8.9,Pennsylvania,Male,,Some college but no degree,White,,Suburban community,,20,Democratic party,
R_1LS6z5BhegAxfzb,,,,6.6,4,6.4,,,,,,,CA,Male,,"High school degree or equivalent (e.g., GED)",White,,City or urban community,,24,Green Party,
R_3NCdCl1CkrzuTzd,,,,,,,,,,8.5,3,7,Louisiana,Female,,Graduate degree,White,,Suburban community,,36,Libertarian Party,
R_2qfsh4HZXzEx7Ra,7.6,3.8,9,,,,,,,,,,Ohio,Female,,Some college but no degree,White,,City or urban community,,27,Democratic party,
R_sFIuu89QqKPsJ2x,,,,1,9,1,,,,,,,nj,Female,,Associate degree,White,,Suburban community,,28,Democratic party,
R_2Pjy3QXYbwM53mO,,,,,,,2,6.1,1.4,,,,Pennsylvaina,Female,,Associate degree,White,,Suburban community,,28,Democratic party,
R_1jAPrnCrjuhmOxG,,,,,,,,,,8.2,3,8.5,Texas,Female,,Graduate degree,Black or African-American,,Suburban community,,68,Democratic party,
R_1dFv1Lll38GKIdu,,,,,,,1,4.4,9,,,,MISSOURI,Male,,Some college but no degree,White,,Suburban community,,21,Republican Party,
R_1LCqQcbeL4W1yRu,4.6,5.5,5.6,,,,,,,,,,ca,Male,,Bachelor degree,White,,Suburban community,,24,Democratic party,
R_ZkGQ25p1oxuI3ip,,,,5.1,7.1,9,,,,,,,Maryland,Female,,Graduate degree,White,,Suburban community,,27,Libertarian Party,
R_1NmDwWkvcJqj7n8,,,,,,,,,,1.9,8,7.8,ME,Male,,Associate degree,Asian,,Suburban community,,27,Independent,
R_WoqND1HAspqxbrP,,,,1,9,1,,,,,,,maryland,Female,,"High school degree or equivalent (e.g., GED)",White,,Suburban community,,41,Libertarian Party,
R_RKpsY79vDrTKrJL,1,9,8,,,,,,,,,,Maryland,Female,,Bachelor degree,White,,Suburban community,,25,Republican Party,
R_1hHkPf7kEoCegkq,,,,,,,7.5,4.8,8.1,,,,MA,Male,,Graduate degree,White,,City or urban community,,58,Democratic party,
R_2PAUmjdhwIZK368,,,,1,9,1,,,,,,,NC,Female,,Some college but no degree,White,,Rural community,,22,"Democratic party,Republican Party",
R_11jCNznfEwNbVdq,1.9,7.6,3.5,,,,,,,,,,Florida,Female,,Graduate degree,White,,Suburban community,,55,Democratic party,
R_2fa3rUTR8JJP4I8,,,,,,,9,9,9,,,,AL,Male,,Associate degree,White,,Suburban community,,27,Republican Party,
R_3lt926JDqQTWEqu,,,,4.4,7,9,,,,,,,Georgia,Female,,Some college but no degree,White,,Suburban community,,41,Democratic party,
R_1OwPwjk2pRj3yPt,,,,,,,,,,8,5.2,5.2,Michigan,Female,,"High school degree or equivalent (e.g., GED)",White,,Rural community,,30,Other (please specify):,none
R_1DBDuzOBaTUVgZj,,,,,,,,,,1,9,6.6,n/a,Female,,"High school degree or equivalent (e.g., GED)",White,,Suburban community,,22,Democratic party,
R_3mZrJauvetxCeJ3,6.2,6.3,6.1,,,,,,,,,,ny,Female,,"High school degree or equivalent (e.g., GED)",White,,Rural community,,22,Republican Party,
R_2qDZrsSXFn8zoJo,,,,,,,7,9,9,,,,CA,Female,,Associate degree,White,,Suburban community,,28,Republican Party,
R_2VvSQEbIKm7GekG,1,3,9,,,,,,,,,,Ohio,Male,,Some college but no degree,White,,Suburban community,,23,Republican Party,
R_2YY3iNyWNTXQ4fW,,,,,,,5.9,9,5.1,,,,Pennsylvenia,Male,,Some college but no degree,White,,Suburban community,,38,Republican Party,
R_1K3d2t4kokiEB9O,,,,3.7,7.2,3.7,,,,,,,Oregon,Male,,Some college but no degree,White,,Rural community,,26,Independent,
R_1kO1K904sBU6IEH,,,,,,,2,9,7,,,,WA,Female,,Bachelor degree,Asian,,City or urban community,,38,Democratic party,
R_2TZZt4WK0m9JFu4,,,,,,,,,,2,9,7.7,,Female,,Graduate degree,White,,Suburban community,,,Independent,
R_1dnvNDNgMKA4b16,1,5,2,,,,,,,,,,Kansas,Female,,Some college but no degree,White,,City or urban community,,24,Independent,
R_9AeggMiOg4OXK3D,,,,,,,,,,8.5,4,9,OH,Female,,Associate degree,White,,City or urban community,,37,Independent,
R_bd9YD8jYerkuE9z,,,,8,2,9,,,,,,,California,Male,,Bachelor degree,White,,Suburban community,,35,Democratic party,
R_stF0b1XaNtlCLER,2.1,5.2,1.8,,,,,,,,,,Florida,Female,,Graduate degree,White,,City or urban community,,53,Republican Party,
R_2fwVwspyfdTmhol,,,,,,,,,,1,3,6,Ohio,Male,,Some college but no degree,White,,City or urban community,,24,Independent,
R_3F3DB3AXSG3HdeQ,,,,6.1,4.3,5.8,,,,,,,California,Female,,Bachelor degree,Asian,,Suburban community,,27,Democratic party,
R_2TYJvzv7SW9BDRk,,,,,,,1.9,7,3,,,,PA,Male,,Bachelor degree,White,,Suburban community,,24,Republican Party,
R_25FrpuAapjwIYxv,,,,,,,5,9,8.2,,,,California,Female,,Associate degree,White,,Suburban community,,61,Independent,
R_2zeZF1HgN39zVbz,,,,,,,,,,1,2.9,8,california,Male,,Bachelor degree,"Asian,Asian-American",,City or urban community,,29,Independent,
R_39pU4yNA776nr1L,1,5,1,,,,,,,,,,Georgia,Male,,Associate degree,White,,Suburban community,,52,Republican Party,
R_pyoCecuh97IIo7f,,,,5,3.7,7.5,,,,,,,nc,Male,,Graduate degree,White,,Suburban community,,33,Independent,
R_1ltz5k47R7YP0i8,,,,,,,,,,9,7.1,9,Illinois,Male,,Bachelor degree,White,,Rural community,,57,Republican Party,
R_2e2ngxUx5mJsbdq,,,,,,,1,9,9,,,,Texas,Female,,"High school degree or equivalent (e.g., GED)",White,,City or urban community,,21,Democratic party,
R_1Cdy32YTSeQ9P19,,,,5.3,4.9,4.5,,,,,,,nc,Female,,Some college but no degree,Black or African-American,,City or urban community,,31,Democratic party,
R_2R2qq1JYDzxsOg3,2.2,7.1,8.1,,,,,,,,,,Oregon,Female,,Some college but no degree,White,,Suburban community,,53,Republican Party,
R_2QnxtBYio0XzzsS,,,,7,1,9,,,,,,,North Carolina,Male,,Bachelor degree,White,,City or urban community,,37,Democratic party,
R_1BYsIstGiZDRTTP,,,,,,,8.1,5.1,2,,,,Maryland,Female,,Bachelor degree,Black or African-American,,Suburban community,,26,Green Party,
R_2rIbCvlM9J1YZuH,,,,,,,,,,3,5,7.1,az,Female,,Graduate degree,Asian,,Suburban community,,33,Democratic party,
R_325VB7ZhzD0MRO0,2.1,5.1,2.1,,,,,,,,,,Colorado,Female,,Bachelor degree,White,,Suburban community,,32,Democratic party,
R_11dOJtkjaIAtWkv,,,,5.3,4.9,7.9,,,,,,,NC,Female,,Associate degree,White,,Suburban community,,37,Republican Party,
R_2DN5lBde691PfmS,2.6,5.7,2.8,,,,,,,,,,nh,Female,,Some college but no degree,White,,City or urban community,,55,Independent,
R_3CxClUHM49nspeF,,,,,,,1,1.1,9,,,,california,Female,,Associate degree,White,,Suburban community,,30,Democratic party,
R_3Krbi6iZgW5vMuQ,,,,,,,,,,9,1,8.6,IL,Female,,Bachelor degree,Black or African-American,,City or urban community,,68,Democratic party,
R_31QJ3lARjPulan6,7.4,3.9,7.1,,,,,,,,,,Florida,Male,,Some college but no degree,White,,Suburban community,,20,Democratic party,
R_2Ck1ZhpCOWj9qyZ,,,,,,,,,,8,2.2,8,Alaska,Female,,Some college but no degree,White,,Suburban community,,23,Republican Party,
R_YYbNFuLLY3WAXMR,,,,4,7,8,,,,,,,Texas,Female,,Some college but no degree,Black or African-American,,City or urban community,,37,Democratic party,
R_3stB9faXU8WgKwr,,,,9,1,1,,,,,,,IL,Male,,Bachelor degree,White,,Suburban community,,25,Independent,
R_qDS7BMoASPt1y81,,,,,,,3.4,8,6.7,,,,MI,Male,,Bachelor degree,White,,Rural community,,23,Democratic party,
R_1diUEp48Sf1zWZu,,,,,,,,,,1,1.9,9,michigan,Male,,"High school degree or equivalent (e.g., GED)",White,,City or urban community,,54,Independent,
R_3ewUrJjWRcAGXuF,9,4,6,,,,,,,,,,Louisiana,Female,,"High school degree or equivalent (e.g., GED)",White,,Suburban community,,40,Other (please specify):,I think the whole party system is our nation's biggest problem
R_1kHvtJ2nGLN8eoO,,,,9,3.9,9,,,,,,,delaware,Female,,Bachelor degree,Asian,,Suburban community,,32,Democratic party,
R_1KetHsqztGh8SyW,,,,,,,1,5,1,,,,TX,Female,,"High school degree or equivalent (e.g., GED)",White,,City or urban community,,76,Democratic party,
R_1kH7H8wGLEXilkT,,,,,,,1,9,6.6,,,,Virginia,Male,,Bachelor degree,White,,City or urban community,,31,Republican Party,
R_TnCBF44GjuMWb8l,,,,,,,,,,9,3.4,8.2,Louisiana,Female,,Associate degree,White,,Suburban community,,43,Republican Party,
R_31Ktc0J0byyJOY5,,,,3,3,8,,,,,,,Missouri,Male,,Graduate degree,White,,City or urban community,,38,Republican Party,
R_3iQ0A8bz3a84bJ3,,,,,,,1,3.5,8.9,,,,PA,Male,,Bachelor degree,White,,Suburban community,,52,Democratic party,
R_1OoZbjyJy9NSfNr,,,,1,7.6,6.6,,,,,,,Pennsylvania,Male,,Associate degree,White,,Suburban community,,27,Independent,
R_vfdBxe7dqDzBIv7,,,,,,,1,6.8,9,,,,IN,Male,,Graduate degree,White,,Suburban community,,36,Democratic party,
R_33qJ0YwMOmqYPfj,5,9,3.1,,,,,,,,,,Florida,Male,,Bachelor degree,White,,Suburban community,,46,Independent,
R_tJOgME7Ptc66dEd,,,,,,,5.9,3.8,6.4,,,,Alabama,Female,,Some college but no degree,White,,Rural community,,26,Republican Party,
R_PMU5NCiHYmv1UMV,1,9,3,,,,,,,,,,Florida,Female,,Some college but no degree,White,,Rural community,,46,Libertarian Party,
R_1CpFyxdMz2P4oJz,,,,,,,,,,7.4,2.2,8.5,WV,Female,,Bachelor degree,White,,Rural community,,23,Republican Party,
R_2as11aSk4dI3PwY,,,,8.8,2.8,9,,,,,,,massachusetts,Female,,Graduate degree,White,,Rural community,,53,Democratic party,
R_vH0Y3W1qRm5V8Gd,,,,6.6,7.2,7.8,,,,,,,south dakota,Female,,Associate degree,White,,City or urban community,,39,Democratic party,
R_2bHSzvXZ8VgyTAS,,,,,,,,,,4.5,6.7,5.7,Illinois,Male,,Bachelor degree,White,,Suburban community,,32,Independent,
R_3m4wxzOAkUAr5tb,,,,,,,5.3,9,6.1,,,,North Carolina,Male,,Some college but no degree,White,,City or urban community,,20,Democratic party,
R_1OkPvf7AKkBU4iT,5.5,5.3,4.8,,,,,,,,,,TX,Male,,Some college but no degree,"Spanish, Hispanic, or Latino",,"City or urban community,Suburban community",,40,Republican Party,
R_3HLZIbH32gNg99n,9,1,5,,,,,,,,,,Colorado,Female,,Graduate degree,White,,Suburban community,,34,Independent,
R_2BwDJXSyJBpTgMB,,,,,,,9,1.8,9,,,,Nebraska,Male,,Some college but no degree,Black or African-American,,City or urban community,,20,Democratic party,
R_3oF8caGjJGPNKgV,,,,7.1,1,9,,,,,,,MA,Female,,Some college but no degree,White,,Suburban community,,22,Democratic party,
R_1Fs44HFLz2XiSoN,,,,,,,,,,1,5.3,5.3,Nevada,Female,,Some college but no degree,"Spanish, Hispanic, or Latino",,City or urban community,,35,Libertarian Party,
R_2y1wavSe2Uh0RKm,,,,,,,1,9,9,,,,New Mexico,Male,,Graduate degree,White,,Suburban community,,36,Independent,
R_vdZArBdEYdOdJzr,,,,2.5,9,7.2,,,,,,,Missouri,Male,,Some college but no degree,White,,Suburban community,,34,Republican Party,
R_31MKYxyRhZhohKW,,,,,,,,,,8.5,1,9,Michigan,Male,,Associate degree,White,,Suburban community,,33,Republican Party,
R_2AGd7Ibt5Z3Cemj,1,8.4,1.7,,,,,,,,,,south carolina,Female,,Some college but no degree,Black or African-American,,City or urban community,,52,Democratic party,
R_wXH1gQWOMfO4qo9,,,,3,4.2,7.9,,,,,,,texas,Male,,Some college but no degree,White,,Suburban community,,31,Democratic party,
R_22A0kXhoyYsbUui,6.5,3,9,,,,,,,,,,Virginia,Male,,"High school degree or equivalent (e.g., GED)","Spanish, Hispanic, or Latino",,Suburban community,,49,Democratic party,
R_21Bwow2c1wRxXEf,,,,,,,7.2,3.2,1.3,,,,Missouri,Female,,"High school degree or equivalent (e.g., GED)",Black or African-American,,Suburban community,,56,Democratic party,
R_3rMVxUQjWSgtajN,5,1.8,9,,,,,,,,,,Florida,Male,,Some college but no degree,Black or African-American,,Suburban community,,40,Republican Party,
R_1hE9YCJSbHh3O76,,,,,,,,,,9,1,7,Pennsylvania,Male,,Some college but no degree,White,,City or urban community,,45,Independent,
R_2sZ9DYVO5SkONNT,,,,2,9,8,,,,,,,Louisiana,Male,,Bachelor degree,Black or African-American,,Suburban community,,39,Democratic party,
R_NWrov5xooderVFD,,,,,,,,,,9,1,9,Georgia,Female,,Some college but no degree,White,,Rural community,,20,Independent,
R_1F5SFdlQF7TAvKB,1,4,3,,,,,,,,,,WASHINGTON,Female,,Bachelor degree,White,,City or urban community,,59,Independent,
R_1KiHxORj0W2jfxV,,,,,,,2.5,9,2.4,,,,Oregon,Female,,Bachelor degree,White,,City or urban community,,45,Democratic party,
R_2uKjM7ZIcUUsCg2,1,9,1,,,,,,,,,,Maryland,Female,,Some college but no degree,White,,Suburban community,,46,Republican Party,
R_UKjbHrb4u6nLSQV,,,,,,,,,,7,4,9,CO,Female,,Some college but no degree,White,,Rural community,,32,Independent,
R_1C9CuexWUOZfUs7,,,,,,,6.7,8.5,3.1,,,,Michigan,Male,,Some college but no degree,"Spanish, Hispanic, or Latino",,City or urban community,,27,Democratic party,
R_3iKXwlIAZnawa6H,,,,9,1,2.9,,,,,,,FL,Female,,Some college but no degree,White,,Suburban community,,42,Republican Party,
R_3OfAWWQoiUXvg0u,8,3.1,8.2,,,,,,,,,,Louisiana,Female,,Bachelor degree,White,,Suburban community,,52,Democratic party,
R_1Ojk0yfcBgjZtAb,,,,,,,5,5,5,,,,Kentucky,Male,,Some college but no degree,White,,Rural community,,29,Independent,
R_yrmwZk2IAM15tRL,,,,,,,,,,6.7,7.2,1,Florida,Female,,Bachelor degree,White,,Suburban community,,40,Democratic party,
R_2SHNhp2AvorAcHM,,,,,,,1,9,3.1,,,,WISCONSIN,Female,,Bachelor degree,White,,City or urban community,,30,Democratic party,
R_9SpFKQm8oFoQ2DD,,,,2.5,3.2,9,,,,,,,Mi,Male,,Graduate degree,White,,Suburban community,,42,Republican Party,
R_BSdH01m2Uk8Cbmh,,,,1,9,8.3,,,,,,,Washington,Female,,Bachelor degree,White,,Suburban community,,43,Democratic party,
R_3iPzk1ZGvjF68bR,,,,,,,,,,7.9,1.9,9,kansas,Female,,Bachelor degree,White,,City or urban community,,32,Democratic party,
R_2tJVqoLuGU2ph1r,,,,,,,,,,1.7,2.1,5.3,TEXAS,Male,,"High school degree or equivalent (e.g., GED)",Black or African-American,,City or urban community,,32,Independent,
R_2fJxk7fjbj9uNm6,4.8,5.3,5.4,,,,,,,,,,Fl,Female,,Some college but no degree,White,,Suburban community,,26,Green Party,
R_0VQuUonltssv2q5,,,,,,,1,9,5,,,,IL,Female,,Bachelor degree,White,,Suburban community,,29,Republican Party,
R_bJfdwcL27A3sPVT,,,,1.1,7.2,4.1,,,,,,,ohio,Male,,"High school degree or equivalent (e.g., GED)",White,,City or urban community,,43,Independent,
R_86RDqb3gpOllQ3L,1,1,1,,,,,,,,,,California,Male,,Bachelor degree,White,,City or urban community,,22,Republican Party,
R_3s6Q0pS6uZJgUi0,,,,3,4.5,9,,,,,,,Nebraska,Female,,Some college but no degree,White,,Suburban community,,50,Democratic party,
R_12xMZOBiGUTBtjY,,,,,,,,,,4.5,1,3.9,Va,Female,,Some college but no degree,Asian,,City or urban community,,34,Independent,
R_22JuyH6mT9o5Osu,,,,,,,2.5,1.5,3.5,,,,CT,Female,,Bachelor degree,Black or African-American,,Suburban community,,43,Independent,
R_3COwWMMAi9u9599,7.5,3.4,5.2,,,,,,,,,,Florida,Male,,Associate degree,White,,Suburban community,,53,Independent,
R_3OeHl7VOsgm24zD,,,,,,,,,,6.5,8.3,6.6,CA,Male,,Bachelor degree,White,,City or urban community,,28,Democratic party,
R_vYuRdFZRuIlftHH,3.7,2.8,3.7,,,,,,,,,,CA,Female,,Associate degree,Black or African-American,,Suburban community,,65,Democratic party,
R_ZeFqJTBjYdseUKJ,,,,,,,1,9,1.8,,,,Alabama,Male,,Graduate degree,White,,Suburban community,,30,Libertarian Party,
R_09Dr3B3RZlxt24p,,,,4.4,6.9,8.1,,,,,,,Maine,Other (please specify):,Non Binary,Bachelor degree,White,,Suburban community,,24,Democratic party,
R_1cYUXAHu1Ty3q67,,,,1.5,2.7,7.8,,,,,,,pa,Male,,Bachelor degree,White,,Suburban community,,28,Democratic party,
R_3elvKRRQUaz4488,,,,,,,,,,8.2,7,7.2,TEXAS,Female,,Bachelor degree,Black or African-American,,City or urban community,,29,Independent,
R_QgqW9zzKkp7q43n,8.4,3.2,9,,,,,,,,,,District of Columbia,Female,,Bachelor degree,White,,City or urban community,,29,Green Party,
R_2D65ZwtJk7maqWn,,,,,,,1,5,4,,,,California,Male,,Graduate degree,Asian,,City or urban community,,52,Independent,
R_1i5p0aMYt5cAGbB,1,5,3.2,,,,,,,,,,Illinois,Male,,Bachelor degree,White,,Suburban community,,36,Democratic party,
R_12R5RrPOcNqNX44,,,,,,,,,,1,5,4.4,maine,Male,,Associate degree,White,,Suburban community,,43,Republican Party,
R_1nPjgN28QKs84GC,,,,8.4,3,5,,,,,,,new york,Female,,Bachelor degree,White,,Suburban community,,26,Democratic party,
R_2xYnjDUAjT166Tp,,,,,,,1,9,2,,,,,,,Bachelor degree,White,,Rural community,,32,Democratic party,
R_3JFcwqS71DGTNr4,,,,,,,,,,1.2,9,1.2,IL,Female,,Some college but no degree,White,,Suburban community,,54,Democratic party,
R_1mFoCldDaCa04Ge,,,,9,1,5.1,,,,,,,Texas,Female,,Graduate degree,White,,Suburban community,,29,Independent,
R_5zQQ12xctIzPJ1n,,,,,,,8,6.7,5.7,,,,Nevada,Male,,Some college but no degree,Black or African-American,,Suburban community,,20,Republican Party,
R_3KIMMY02XNplT9R,6.2,3.9,8.8,,,,,,,,,,mn,Female,,Some college but no degree,White,,Rural community,,33,Independent,
R_2sYHvrpoxNIGmcF,1,1,5.1,,,,,,,,,,Mississippi,Female,,Graduate degree,White,,Suburban community,,26,Democratic party,
R_3rYTVhKI60AoleM,,,,,,,3,5,7,,,,Colorado,Female,,"High school degree or equivalent (e.g., GED)",White,,Suburban community,,36,Democratic party,
R_3OyJ9m54d6z5LFL,,,,,,,,,,7.1,3,9,PA,Male,,Bachelor degree,White,,Suburban community,,31,Democratic party,
R_2rxxEYX4lBh9Fmt,,,,5.9,3.1,7.5,,,,,,,Georgia,Female,,Some college but no degree,White,,Suburban community,,34,Democratic party,
R_3pnYUIqrWhioHLL,,,,1,9,3.4,,,,,,,missouri,Female,,"High school degree or equivalent (e.g., GED)",White,,Suburban community,,32,Independent,
R_cC0qNHpDCETWWMV,1,5,1,,,,,,,,,,NC,Male,,Some college but no degree,White,,Suburban community,,51,Independent,
R_7O5M2BnbKUzY5sR,,,,,,,,,,3.9,9,6.5,Oklahoma,Female,,Associate degree,White,,Suburban community,,44,Independent,
R_1OHt1YxUzLRjOy2,,,,,,,6,6.5,9,,,,Minnesota,Female,,Bachelor degree,White,,City or urban community,,34,Democratic party,
R_DvLqib1Yy1Xe8eZ,,,,2,8,9,,,,,,,Connecticut,Male,,Some college but no degree,White,,City or urban community,,22,Democratic party,
R_A4ilO4jHwsyRG9j,,,,,,,,,,2.3,2.6,2.3,georgia,Female,,Some college but no degree,American Indian or Alaskan Native,,Rural community,,67,Republican Party,
R_11XZFwfbWmpSD9n,2.1,9,4.5,,,,,,,,,,IN,Female,,Bachelor degree,Black or African-American,,City or urban community,,34,Democratic party,
R_3D29wunufQGEqtZ,,,,,,,1,8,9,,,,Washington,Male,,Associate degree,White,,City or urban community,,21,Republican Party,
R_2OUVWsRJK639gIP,6.3,4.2,7.5,,,,,,,,,,CA,Female,,Bachelor degree,"Spanish, Hispanic, or Latino",,City or urban community,,38,Democratic party,
R_3m2Y9oxGXC273B7,,,,,,,,,,5,8,6,Oklahoma,Female,,Some college but no degree,White,,Rural community,,43,Republican Party,
R_SSEB0q2khaga56F,6.6,1,3,,,,,,,,,,CA,Male,,Bachelor degree,White,,Suburban community,,34,Democratic party,
R_1lzXJvbuSzmCvK9,,,,,,,7.2,9,2.8,,,,florida,Female,,Some college but no degree,White,,City or urban community,,32,Democratic party,
R_UrNsrre5AfiiH6h,,,,9,6,8,,,,,,,KY,Female,,Graduate degree,White,,Suburban community,,34,Democratic party,
R_2dzMIy9IahoUVfp,,,,,,,2,2.6,3.5,,,,PA,Male,,Some college but no degree,Black or African-American,,City or urban community,,31,Democratic party,
R_0cG7P1zW1AYPUHL,,,,,,,,,,7.8,8.7,7.3,alabama,Female,,Bachelor degree,Black or African-American,,Suburban community,,55,Democratic party,
R_1l5HT6nWsY6Afy3,,,,8.2,1.6,3.1,,,,,,,Pennsylvania,Male,,Bachelor degree,White,,Rural community,,34,Democratic party,
R_BPb960rNhxV7XmF,,,,1,2.2,3.5,,,,,,,Arizona,Female,,Bachelor degree,White,,City or urban community,,29,Democratic party,
R_29cvljbnjfsrQ6y,,,,,,,,,,4.5,2.4,9,PA,Female,,Bachelor degree,Asian-American,,City or urban community,,23,Democratic party,
R_3qwZNOHAMTgYI3S,,,,,,,8,3,6,,,,Minnesota,Male,,Some college but no degree,White,,City or urban community,,20,Republican Party,
R_xgtdUZpY84tHYD7,2.9,7,9,,,,,,,,,,texas,Male,,Associate degree,White,,Suburban community,,24,Democratic party,
R_3KDSvKXNrrPVKFQ,,,,,,,,,,8.2,9,9,FL,Female,,Some college but no degree,Black or African-American,,Suburban community,,24,Democratic party,
R_3eeNw58Ypy5B95b,,,,1,9,3.6,,,,,,,Florida,Female,,Some college but no degree,White,,Suburban community,,31,Libertarian Party,
R_3FL6GYwxUmn868h,4.6,2.9,8.3,,,,,,,,,,NC,Female,,"High school degree or equivalent (e.g., GED)",White,,City or urban community,,28,Republican Party,
R_10VonExCUmyDQJ2,,,,,,,1,9,1,,,,Mississippi,Female,,Some college but no degree,White,,Suburban community,,53,Republican Party,
R_2aQxh4DkhOdtp2N,,,,,,,1.9,5.5,8.2,,,,ca,Female,,Some college but no degree,White,,Suburban community,,58,Republican Party,
R_2Uhc8DGaWubn8U4,,,,,,,,,,7.1,1.6,9,Massachusetts,Male,,Bachelor degree,White,,Suburban community,,27,Independent,
R_ZsBwFbDuzg10A49,1,5,9,,,,,,,,,,South Carolina,Female,,"High school degree or equivalent (e.g., GED)",White,,Suburban community,,64,Republican Party,
R_26bUvONAOruuk9F,,,,9,1.7,5,,,,,,,Texas,Female,,"High school degree or equivalent (e.g., GED)",White,,Rural community,,44,Republican Party,
R_3eryjvE8bHHYxCG,,,,,,,,,,7,4,9,Texas,Male,,Graduate degree,Asian,,City or urban community,,34,"Democratic party,Independent",
R_2rvAhZyTvfr7c2P,8,2.1,5.3,,,,,,,,,,Ct,Female,,Bachelor degree,White,,Suburban community,,39,Independent,
R_23gkpUL8b8AMXBH,,,,7,8,4,,,,,,,Texas,Male,,Bachelor degree,"Spanish, Hispanic, or Latino",,Suburban community,,42,Democratic party,
R_DxckZdskwwVlIfD,,,,,,,6,6,6,,,,Nebraska,Female,,Associate degree,White,,City or urban community,,25,Independent,
R_2Ph4n7724J6N0Rc,,,,1,6.9,3,,,,,,,south carolina,Female,,Some college but no degree,Black or African-American,,Suburban community,,30,Democratic party,
R_1lzpc12GLc2Juzf,1,5,9,,,,,,,,,,COLORADO,Female,,Graduate degree,Asian,,Suburban community,,36,Republican Party,
R_Opu8KkcKHWAwXId,,,,,,,,,,7.5,3,9,NY,Male,,Bachelor degree,White,,Suburban community,,22,Democratic party,
R_2s6dNSonZ69BXYt,6,6.7,9,,,,,,,,,,massachussetts,Female,,Bachelor degree,White,,City or urban community,,33,Independent,
R_eVZN3WMEtbPkomZ,,,,,,,,,,5.1,3.4,5.4,Florida,Male,,Bachelor degree,Asian,,City or urban community,,27,Democratic party,
R_3MofaJoNNWkaMKx,,,,,,,7.5,6,9,,,,Texas,Male,,Bachelor degree,White,,City or urban community,,22,Democratic party,
R_OHwo2UJGVX4eKch,,,,1,9,2,,,,,,,Oregon,Male,,Bachelor degree,White,,City or urban community,,34,Independent,
R_sdKezTamNvbEsSd,,,,,,,1,8,9,,,,NJ,Female,,Bachelor degree,White,,Suburban community,,32,Democratic party,
R_2zGESVzF0Xu5N36,,,,,,,,,,6.4,2,8,New York,Female,,Graduate degree,Asian,,City or urban community,,30,Democratic party,
R_3RgQ7w3masnWfAa,9,5.1,3,,,,,,,,,,florida,Male,,Associate degree,White,,Suburban community,,24,Independent,
R_12Svv3cPRL62Yrd,,,,4,3.9,3.9,,,,,,,Ohio,Female,,Some college but no degree,Black or African-American,,City or urban community,,65,Democratic party,
R_2EAKd22OimtzKGW,,,,,,,7.2,9,9,,,,Kentucky,Female,,Some college but no degree,White,,Rural community,,29,Republican Party,
R_2aOEfUKB4JGAsjb,1,9,3.6,,,,,,,,,,Montana,Female,,Bachelor degree,Asian,,Rural community,,42,Independent,
R_2XnDvyuQV66qkFD,,,,4.3,5.5,1,,,,,,,California,Female,,Some college but no degree,White,,Suburban community,,26,Independent,
R_22RgBxQghtimDFS,,,,,,,5.2,8.9,7.1,,,,VA,Male,,"High school degree or equivalent (e.g., GED)",Black or African-American,,City or urban community,,36,Independent,
R_2YlWGzJvSRCXSP8,,,,,,,,,,1,9,9,PA,Female,,Bachelor degree,White,,Rural community,,67,Republican Party,
R_31hglXiuemq4iS2,,,,7.1,1,7.1,,,,,,,Connecticut,Male,,Some college but no degree,Black or African-American,,Suburban community,,21,Democratic party,
R_1FgI9h5mjNQgvbN,2.7,5.8,9,,,,,,,,,,TX,Male,,Bachelor degree,"Spanish, Hispanic, or Latino",,Suburban community,,40,Democratic party,
R_PCie4XmQ8ymIZYB,,,,,,,,,,8,9,7.1,Wa,Male,,Associate degree,White,,City or urban community,,40,Democratic party,
R_XvoMJqx7xBQGxUZ,,,,1,7,5.5,,,,,,,Tennessee,Female,,Some college but no degree,White,,Suburban community,,53,Republican Party,
R_2bOD9IBSChXDcpc,,,,,,,1,3,5,,,,Texas,Male,,Some college but no degree,Asian,,City or urban community,,27,Independent,
R_2OPIbIYIhS6dsCe,,,,,,,1,9,2.4,,,,North Carolina,Female,,Bachelor degree,White,,Suburban community,,61,Democratic party,
R_1rpLSV0iIjznsIj,,,,,,,,,,1,9,1,montana,Male,,"High school degree or equivalent (e.g., GED)",White,,Rural community,,51,Democratic party,
R_3j7nOd5mZhG95ih,6.5,6.3,6.5,,,,,,,,,,New York,Male,,Some college but no degree,Asian,,City or urban community,,21,Democratic party,
R_2YQj8Jn9q76mmDJ,,,,,,,7.5,7.6,7.6,,,,Nc,Male,,Bachelor degree,White,,Suburban community,,37,Republican Party,
R_1Q3nGe9gN7RvunC,,,,,,,,,,2.6,5.8,5.9,Texas,Male,,Bachelor degree,White,,City or urban community,,23,Democratic party,
R_29hII9cDIydLqcW,,,,9,3.2,6,,,,,,,Inidiana,Male,,Some college but no degree,"Spanish, Hispanic, or Latino,White",,City or urban community,,44,Libertarian Party,
R_3R2dI8aF7FfnQdm,1,9,1,,,,,,,,,,CA,Female,,Some college but no degree,"Spanish, Hispanic, or Latino,American Indian or Alaskan Native",,Rural community,,24,Other (please specify):,No political affiliation; GrassRoots Independent
R_1IfMmSujdQkOyAI,,,,,,,3.7,2.7,8.6,,,,North Dakota,Female,,Associate degree,White,,City or urban community,,26,Democratic party,
R_XAnbyrpjofQ4p9f,1,7.5,9,,,,,,,,,,Illinois,Male,,"High school degree or equivalent (e.g., GED)","Spanish, Hispanic, or Latino",,Suburban community,,27,Independent,
R_3Dtg9yh3mg6PBDX,,,,9,3.6,6.7,,,,,,,nh,Male,,Some college but no degree,White,,Suburban community,,30,Republican Party,
R_1oA3nPT893Wflh3,,,,,,,,,,7,1,8.6,Massachusetts,Male,,Associate degree,White,,City or urban community,,33,Democratic party,
R_1nPHVNiodfRrHMU,,,,,,,6.5,1.1,9,,,,CA,Female,,Bachelor degree,Asian,,City or urban community,,30,Independent,
R_3CBBhrZkeMAnky2,2,5,4,,,,,,,,,,NY,Female,,Bachelor degree,White,,Suburban community,,51,Republican Party,
R_1jIMHuyAfvZV2js,,,,,,,,,,9,1,1,FL,Male,,Some college but no degree,"Spanish, Hispanic, or Latino",,Suburban community,,26,Democratic party,
R_1LjnCOEdPhLaKHU,,,,6.7,3.7,7.4,,,,,,,Florida,Female,,Some college but no degree,White,,City or urban community,,41,Democratic party,
R_2zhzr6F4ThB2FBb,,,,1,9,1,,,,,,,Texas,Female,,Graduate degree,Asian,,"City or urban community,Suburban community",,25,Democratic party,
R_1QgcckugFBybJgu,,,,,,,,,,7.2,2.8,6,MO,Female,,Some college but no degree,White,,Suburban community,,35,Independent,
R_Rq9WVQv7eya128h,,,,,,,4.9,9,1,,,,North Dakota,Male,,Bachelor degree,White,,Suburban community,,34,Democratic party,
R_3EtzpQH48DlgJ6i,,,,,,,,,,3.2,1,1,Texas,Female,,"High school degree or equivalent (e.g., GED)",Black or African-American,,City or urban community,,30,Independent,
R_2X4LeTCmNOdnFzl,1,5,1,,,,,,,,,,michigan,Female,,"High school degree or equivalent (e.g., GED)",White,,Suburban community,,51,Independent,
R_2BkZoP2hpsXbLnQ,,,,1,7.9,1,,,,,,,ny,Male,,Graduate degree,Asian,,Suburban community,,45,Green Party,
R_1NgZxBmenHHZsaC,,,,,,,3.5,4.5,9,,,,KY,Male,,Some college but no degree,White,,Suburban community,,54,Republican Party,
R_OC1jBdJKdhRJmFj,9,6,6,,,,,,,,,,Illinois,Female,,Some college but no degree,White,,Rural community,,57,Republican Party,
R_O9i45MVYt574s01,,,,,,,5.1,4.9,9,,,,IL,Female,,Some college but no degree,White,,City or urban community,,39,Independent,
R_2Cs8gYOt6qSmtOX,,,,,,,,,,3,6.4,3.1,illinois,Male,,"High school degree or equivalent (e.g., GED)",White,,City or urban community,,33,Democratic party,
R_2V1sLDkw8yQ1TCa,,,,6.7,7.5,6.3,,,,,,,LA,Female,,Bachelor degree,White,,Suburban community,,31,Republican Party,
R_1DUZ27mnFyhdLGH,,,,,,,5,5,9,,,,IL,Female,,Bachelor degree,White,,Suburban community,,53,Republican Party,
R_Qb0yQYtuHFFeptT,,,,,,,,,,6.3,7.9,6.9,illinois,Male,,Associate degree,White,,Suburban community,,26,Republican Party,
R_BDKja62H3Dno5WN,2,8.8,2,,,,,,,,,,Florida,Female,,Graduate degree,White,,Other (please specify):,55+,71,Democratic party,
R_Ddu9MopDJWyuEkV,,,,9,3,7.6,,,,,,,NJ,Female,,Bachelor degree,White,,Suburban community,,42,Democratic party,
R_3knt9uhMs1gowzp,1.9,8.8,7,,,,,,,,,,NY,Male,,Bachelor degree,White,,Suburban community,,43,Independent,
R_2dXzl3uu7BTN0b5,,,,9,2,7,,,,,,,Georgia,Male,,Graduate degree,White,,Suburban community,,56,Democratic party,
R_qJzYFr3nBx72TLz,,,,,,,1.1,4,6.3,,,,va,Female,,Associate degree,White,,Suburban community,,44,Republican Party,
R_8APztgfRldjEE6Z,,,,,,,,,,9,3,7,PA,Male,,Bachelor degree,White,,Suburban community,,23,Independent,
R_ptNm3k4RfWh826l,,,,1.5,6.4,1.9,,,,,,,oklahoma,Female,,Some college but no degree,White,,Rural community,,49,Democratic party,
R_XIgejQbkfHLTvdD,3.1,7.1,4,,,,,,,,,,PA,Female,,Some college but no degree,Other (please specify):,WHIITE/BLACK,City or urban community,,42,Democratic party,
R_1Cgp9smMbIPiLKN,,,,,,,,,,7.5,8.3,6.5,Illinois,Female,,Associate degree,White,,Suburban community,,46,Republican Party,
R_1K3eByuEAuE5vDw,,,,,,,,,,1,9,1.4,North Carolina,Female,,Some college but no degree,White,,City or urban community,,27,Democratic party,
R_11YrkXmChas6Jy5,,,,,,,1.2,8.3,7,,,,wisconsin,Female,,Bachelor degree,White,,Rural community,,60,Libertarian Party,
R_1QB2UEgUQ54SUwD,8.8,1.9,8.1,,,,,,,,,,IN,Female,,Bachelor degree,White,,Suburban community,,22,Democratic party,
R_3V0ZH7I2PoXhwB3,,,,9,1.6,8.5,,,,,,,Indiana,Female,,Bachelor degree,White,,Suburban community,,65,Independent,
R_1jcRfWl5lCUi3pV,,,,,,,7,7,9,,,,Illinois,Female,,Some college but no degree,White,,Rural community,,37,Independent,
R_1fl5M1UKwX7D14R,,,,,,,,,,1,9,2.5,Florida,Female,,Graduate degree,White,,City or urban community,,65,Republican Party,
R_43gJTb2hygUdlZL,1,9,1.3,,,,,,,,,,MICHIGAN,Female,,Some college but no degree,White,,Rural community,,34,Republican Party,
R_1LA1ZFItAWVBmNQ,,,,8.5,6,9,,,,,,,Texas,Female,,Some college but no degree,Black or African-American,,City or urban community,,21,Democratic party,
R_1BWGAxBSF37hPMJ,,,,,,,2.2,8.9,3.7,,,,Pa,Female,,Some college but no degree,White,,Rural community,,43,Independent,
R_32OYjL8ehZudFbU,,,,1,5.1,1,,,,,,,MISSISSIPPI,Female,,Some college but no degree,White,,Rural community,,34,Other (please specify):,NONE
R_2flZVizW89aZCne,7.1,1.9,6.1,,,,,,,,,,MI,Female,,Graduate degree,White,,Rural community,,60,Democratic party,
R_2X04r8i8vcxSWjp,8.2,5,6.1,,,,,,,,,,Texas,Female,,Graduate degree,White,,Rural community,,59,Republican Party,
R_1mFC2mHiaxhKzXz,,,,,,,,,,9,2,9,Fl,Male,,Bachelor degree,White,,City or urban community,,28,Independent,
R_1DqjbW05YrwTkha,,,,,,,3.2,7.4,5.3,,,,Ohio,Female,,Some college but no degree,White,,Suburban community,,45,Independent,
R_73pU9aWwoXAwZzj,,,,,,,,,,4.2,8.1,8.1,Michigan,Female,,Some college but no degree,White,,City or urban community,,39,Democratic party,
R_24cpAofF6PSsbV8,,,,8.5,1,8.5,,,,,,,Alabama,Female,,Bachelor degree,White,,City or urban community,,48,Republican Party,
R_1NzbH5kgU6PM5Cs,5,2,9,,,,,,,,,,Florida,Male,,Bachelor degree,White,,Suburban community,,60,Democratic party,
R_1nMApQmwnrS3x5j,,,,,,,,,,2.3,7.2,3.2,AK,Female,,Bachelor degree,White,,Rural community,,65,Democratic party,
R_V1KXXiJobWcrYxb,,,,,,,1,9,1,,,,Indiana,Female,,Graduate degree,White,,Suburban community,,31,Democratic party,
R_264QFmN9TeHrSOg,,,,1,9,6.1,,,,,,,GA,Female,,Graduate degree,Black or African-American,,Suburban community,,27,Independent,
R_1HkpozuybURXjAE,,,,,,,5,3.7,8.9,,,,North Carolina,Female,,Bachelor degree,White,,Suburban community,,25,Democratic party,
R_1fd8qbqXnSfj6hB,,,,,,,,,,9,1.9,9,IL,Male,,Bachelor degree,White,,Suburban community,,41,Democratic party,
R_6SANTsC9TJAAbqF,,,,7,4.2,7.6,,,,,,,Connecticut,Male,,Bachelor degree,White,,Suburban community,,37,Independent,
R_3qsrthtFt5Utm8y,,,,,,,6.1,6,6.1,,,,TN,Female,,Bachelor degree,White,,Rural community,,35,Republican Party,
R_2CqYBp5KQPNL7v2,5.3,1,1,,,,,,,,,,MINNESOTA,Female,,"High school degree or equivalent (e.g., GED)",White,,City or urban community,,58,Democratic party,
R_2qrDyHG7J463SF6,,,,2.9,9,1.8,,,,,,,Montana,Female,,Associate degree,White,,Suburban community,,31,"Republican Party,Independent",
R_2c8bdwsY1tUr1o6,,,,,,,,,,7.5,4.4,7.6,kansas,Female,,"High school degree or equivalent (e.g., GED)",White,,City or urban community,,32,Libertarian Party,
R_1hWJ0j5nmgmXq7B,1.9,9,7.4,,,,,,,,,,georgia,Male,,Some college but no degree,White,,Suburban community,,23,Democratic party,
R_3sAk7jH9OzcHnj3,,,,,,,,,,8.4,4.5,8,Ohio,Female,,"High school degree or equivalent (e.g., GED)",White,,City or urban community,,63,Democratic party,
R_3gMA99UMbJewger,,,,9,2.5,7.9,,,,,,,Kansas,Female,,Some college but no degree,White,,Suburban community,,27,Independent,
R_3kLg9UmBgxgFxfm,,,,,,,1,3.1,1.7,,,,ky,Male,,"High school degree or equivalent (e.g., GED)",White,,Suburban community,,55,Republican Party,
R_wSswc1idmjlQETv,8.6,1.4,1.9,,,,,,,,,,Texas,Male,,Bachelor degree,White,,City or urban community,,60,Libertarian Party,
R_2ZCZMOogYerS1ef,,,,,,,6.2,8.5,6,,,,NC - NORTH CAROLINA,Female,,"High school degree or equivalent (e.g., GED)",White,,Suburban community,,55,Republican Party,
R_1FlCyyVFpijA646,,,,9,1.2,6.5,,,,,,,Idaho,Female,,Associate degree,Other (please specify):,Assyrian,Suburban community,,32,Democratic party,
R_22Ligdo8TlTNEvh,,,,,,,,,,9,1,9,TN,Female,,Some college but no degree,White,,Suburban community,,34,Democratic party,
R_3pqYDlJQoQu5X7r,,,,,,,,,,8.1,2,9,az,Female,,Some college but no degree,White,,Rural community,,57,Republican Party,
R_3l6E7R2cXgVqO0p,,,,9,3,3,,,,,,,New Jersey,Female,,Some college but no degree,White,,Rural community,,49,Democratic party,
R_1roCl8Ptwn7Mxau,2.4,6.9,8.1,,,,,,,,,,alabama,Male,,Associate degree,Black or African-American,,City or urban community,,50,Independent,
R_3R7AiJxBwBKDpss,,,,,,,3,9,6,,,,Nevada,Female,,Bachelor degree,White,,City or urban community,,33,Democratic party,
R_1FSXkaEcyEnr6lr,3.5,5.1,3.3,,,,,,,,,,Indiana,Female,,Associate degree,Black or African-American,,Suburban community,,36,Democratic party,
R_T6qVncSyEEC4tI5,,,,,,,,,,1,5.8,1,il,Female,,Graduate degree,White,,Rural community,,32,Republican Party,
R_211eEG7rHmhT9BE,,,,1.1,2,1,,,,,,,California,Male,,Graduate degree,White,,Suburban community,,58,Democratic party,
R_1F4BlqqUMOvbUlu,,,,,,,3.2,5.7,5.7,,,,,Female,,Some college but no degree,Asian,,City or urban community,,20,Democratic party,
R_1BRfD7vVqH65AS1,,,,9,1,6.2,,,,,,,florida,Male,,Associate degree,White,,Suburban community,,49,Democratic party,
R_3siY4Bytr6tMonT,,,,,,,6.1,8.3,4.6,,,,South Carolina,Female,,Bachelor degree,Black or African-American,,City or urban community,,44,Democratic party,
R_scf1zHwbvhopfdD,,,,,,,,,,6,7.2,5.7,texas,Female,,Bachelor degree,Black or African-American,,Suburban community,,43,Independent,
R_6ytuTx2DYDY46Fr,,,,,,,4.1,4.2,9,,,,Pennsylvania,Female,,Graduate degree,White,,City or urban community,,25,Democratic party,
R_2tyuKy8xddNA5KJ,,,,,,,,,,2.1,1.7,8.6,NY,Female,,Bachelor degree,Asian,,Suburban community,,22,Democratic party,
R_2upy9i9Df3UeL4a,8,2,6,,,,,,,,,,Florida,Male,,Bachelor degree,White,,Rural community,,48,Democratic party,
R_3oFvqvMCV9KhjUV,,,,5.5,3.1,8,,,,,,,Kansas,Female,,Bachelor degree,White,,Suburban community,,62,Democratic party,
R_21ypZo7DUurUCsi,,,,,,,1.8,6,7.1,,,,Texas,Male,,Some college but no degree,White,,City or urban community,,22,Libertarian Party,
R_1f1SYbehlWmModI,,,,,,,,,,3.5,7.1,2.5,New York,Female,,Bachelor degree,White,,Suburban community,,32,Democratic party,
R_3noNi1wTr0XiSgY,,,,,,,,,,7.6,4.6,9,Florida,Female,,Bachelor degree,"White,Black or African-American",,City or urban community,,27,Democratic party,
R_1GD0l2SieAGa1lz,4.6,4,6,,,,,,,,,,Texas,Female,,Some college but no degree,White,,City or urban community,,48,Independent,
R_1ieoYurtfCmm2Ay,,,,,,,1,9,6.8,,,,,,,Graduate degree,"White,Asian",,Suburban community,,40,Democratic party,
R_20SrAdm9zf8BZ4j,9,9,2,,,,,,,,,,Missouri,Female,,Bachelor degree,Black or African-American,,City or urban community,,31,Independent,
R_3saFVTN9Fn4NCPR,,,,8,8,8,,,,,,,NY,Male,,Associate degree,White,,Suburban community,,34,"Democratic party,Other (please specify):",Registered dem but vote for policy
R_114nkOwhjGful34,,,,,,,1,9,4,,,,Texas,Female,,"High school degree or equivalent (e.g., GED)",White,,Rural community,,34,Republican Party,
R_AHcWbu4NzoJO4o1,,,,,,,,,,7,4,6,CA,Female,,Some college but no degree,White,,City or urban community,,20,Independent,
R_2b414nl1LuqaCFb,4,1,9,,,,,,,,,,Oklahoma,Female,,"High school degree or equivalent (e.g., GED)",White,,Suburban community,,33,Other (please specify):,none
R_1CHLtP2Yuw9C8y7,,,,9,1,9,,,,,,,California,Male,,Some college but no degree,Black or African-American,,Suburban community,,49,Independent,
R_215MRtN131ilxkK,,,,,,,9,4.3,7.3,,,,Michigan,Female,,Some college but no degree,White,,Suburban community,,19,Republican Party,
R_28AP0lNnYSYMvg8,,,,,,,,,,5,7,8,Kansas,Female,,"High school degree or equivalent (e.g., GED)",White,,Suburban community,,35,Democratic party,
R_RIXgrVaZ3A7T9UR,,,,1.9,8.5,2.8,,,,,,,New York,Female,,Bachelor degree,White,,Rural community,,36,Democratic party,
R_1rqTRBXtb6DFEcr,,,,,,,9,9,9,,,,illinois,Male,,Graduate degree,White,,Suburban community,,68,Independent,
R_1jkMt4zfL576gnd,2,8.6,2.1,,,,,,,,,,MA,Female,,Graduate degree,Asian,,Suburban community,,43,Independent,
R_2wac8CiMdNOiP35,5,1,9,,,,,,,,,,New Mexico,Female,,Bachelor degree,White,,City or urban community,,42,Democratic party,
R_3stPnonG29ywhua,,,,,,,,,,1,1,9,Illinois,Female,,Some college but no degree,White,,Suburban community,,23,Republican Party,
R_2By7e2KCN74lNS8,,,,1,9,2,,,,,,,Iowa,Female,,Some college but no degree,White,,Rural community,,57,Independent,
R_2YV7KfssPbmwOk4,6.9,8.2,9,,,,,,,,,,Virginia,Female,,Bachelor degree,White,,Suburban community,,36,Democratic party,
R_1Qu67f7E9NPnSOX,,,,2.5,4,7.6,,,,,,,Colorado,Male,,Less than high school degree,White,,Rural community,,28,Independent,
R_1P5YulfvR2JjdxE,,,,,,,,,,1,9,4,Washington,Female,,Bachelor degree,White,,Suburban community,,43,Other (please specify):,Unsure
R_1mx9FOCw8YBerbU,,,,,,,9,9,9,,,,California,Male,,"High school degree or equivalent (e.g., GED)","Spanish, Hispanic, or Latino",,City or urban community,,30,Independent,
R_xxfmFtdYIUJRsAh,,,,,,,6.6,3.3,9,,,,Nebraska,Female,,Some college but no degree,White,,City or urban community,,28,Independent,
R_2AKozJucdEQG1aU,,,,,,,,,,9,9,4.1,Texas,Male,,Associate degree,White,,Suburban community,,26,Independent,
R_1GV0BEhMKRRyskt,,,,8,2,9,,,,,,,oklahoma,Male,,"High school degree or equivalent (e.g., GED)",White,,City or urban community,,27,Other (please specify):,none
R_1PXnHyuzc4WhPHD,2.5,1,4.8,,,,,,,,,,New Hampshire,Female,,Some college but no degree,White,,City or urban community,,58,Independent,
R_2nRTsVcD2TKRBa9,,,,6,2.4,6.9,,,,,,,FL,Female,,Bachelor degree,White,,Rural community,,23,Democratic party,
R_zUARu4QseqZRxeh,,,,,,,7,6,9,,,,AR,Male,,Graduate degree,White,,Rural community,,35,Democratic party,
R_116oW3EM98gs8nx,,,,,,,8,9,1,,,,TX,Male,,Bachelor degree,Black or African-American,,Suburban community,,38,Republican Party,
R_25u1uG3DcoAWDAE,,,,,,,,,,6.2,7,6,tennessee,Male,,Some college but no degree,White,,Rural community,,39,Independent,
R_qOsXbyxYI4uh16h,1.1,9,3.9,,,,,,,,,,Michigan,Male,,"High school degree or equivalent (e.g., GED)",White,,Suburban community,,39,Democratic party,
R_1OwY8zsn5UPKJQ4,,,,5,9,8.3,,,,,,,NEW YORK,Male,,Graduate degree,"Spanish, Hispanic, or Latino",,City or urban community,,32,Republican Party,
R_tDLdCtpHy7XwD3X,,,,,,,,,,9,3,8.1,Pennsylvania,Female,,Graduate degree,White,,Rural community,,32,Democratic party,
R_2aKSwfkIxDnqigz,1,5.1,7.2,,,,,,,,,,Wisconsin,Female,,Associate degree,Black or African-American,,City or urban community,,22,Democratic party,
R_2R4aGQWSylhZQMd,,,,,,,1,3,8.1,,,,Hawaii,Male,,Graduate degree,Asian,,Rural community,,36,Democratic party,
R_2BxMoZuEVbr7NLw,,,,8,2.9,7.2,,,,,,,WA,Female,,"High school degree or equivalent (e.g., GED)",White,,Rural community,,56,Democratic party,
R_ZrT0vwAYFhMKrdv,1,9,1,,,,,,,,,,Maryland,Male,,Some college but no degree,White,,Rural community,,30,Republican Party,
R_3DbfsRu3u0tmZEs,,,,,,,,,,9,2.8,7.9,Georgia,Male,,Graduate degree,White,,Suburban community,,34,Independent,
R_337PIH5ENgqmphS,8,5,5,,,,,,,,,,ohio,Female,,Bachelor degree,White,,Suburban community,,29,Democratic party,
R_2vdJSzK3p1K3lw9,,,,,,,6.7,9,3.8,,,,Wisconsin,Male,,Some college but no degree,White,,City or urban community,,27,Republican Party,
R_RW5MIIprjtKg6SR,,,,1,9,3.2,,,,,,,Utah,Female,,Bachelor degree,Other (please specify):,Mixed - White and asian-american,Suburban community,,28,Democratic party,
R_2VeWPfFAUriiLfV,,,,,,,,,,9,1,4,Indiana,Male,,Some college but no degree,White,,City or urban community,,62,Republican Party,
R_29izHdOakv1ubap,,,,1.3,8,1.6,,,,,,,fl,Female,,Some college but no degree,Asian,,City or urban community,,31,Democratic party,
R_1qaFflSBz2Yi4xC,,,,,,,,,,6,2.1,8,Texas,Male,,Some college but no degree,White,,Suburban community,,42,Republican Party,
R_32PfqiWx8eSQzOb,,,,,,,1,9,9,,,,North Carolina,Female,,Some college but no degree,Black or African-American,,City or urban community,,33,Democratic party,
R_2YG2M2QSQN9xPY3,,,,,,,1.2,9,1.2,,,,California,Male,,Associate degree,Asian-American,,Suburban community,,31,Democratic party,
R_3M0xwVEZw821boq,3.7,6.2,2.9,,,,,,,,,,New Jersey,Female,,Some college but no degree,White,,Suburban community,,26,Independent,
R_vZvZ90WX5sew8h3,7,8.1,8.9,,,,,,,,,,Connecticut,Male,,"High school degree or equivalent (e.g., GED)",White,,Suburban community,,26,Other (please specify):,none
R_2ZTDl3wEGq5Xfcl,,,,1,9,1,,,,,,,florida,Female,,Some college but no degree,White,,Suburban community,,67,Democratic party,
R_1ezogxfFmY49XX9,,,,,,,,,,9,2,1,Texas,Female,,"High school degree or equivalent (e.g., GED)",White,,Suburban community,,45,Democratic party,
R_1Kd6vL9xrlR4oxd,,,,,,,9,1.9,4.1,,,,Missouri,Female,,Bachelor degree,White,,Suburban community,,42,Independent,
R_1lh58PQhFSjZt6Y,,,,8.2,5.3,7.2,,,,,,,Florida,Female,,Bachelor degree,White,,Suburban community,,26,Democratic party,
R_2uQinbY3mwvBC3p,8.1,6.1,3.2,,,,,,,,,,PA,Male,,Associate degree,White,,City or urban community,,27,Republican Party,
R_2TvozfwT0w0Vqiy,4.1,6.2,7.7,,,,,,,,,,Florida,Female,,Bachelor degree,Other (please specify):,italian american,City or urban community,,24,Libertarian Party,
R_3f9jUH4Ce8ZTHxv,,,,,,,,,,1,9,1,ohio,Female,,"High school degree or equivalent (e.g., GED)",White,,Rural community,,38,Democratic party,
R_1dht3EU0pE6fbFi,,,,,,,9,9,9,,,,Virginia,Male,,Some college but no degree,Black or African-American,,Suburban community,,50,Republican Party,
R_0quCRElMvCJQqIx,,,,9,2,8,,,,,,,Illinois,Male,,Graduate degree,White,,Suburban community,,30,Independent,
R_10YhClZLKuxAz9v,,,,,,,,,,9,1,3,Arizona,Female,,Bachelor degree,White,,Suburban community,,53,Independent,
R_1ials9WWZsz9UV6,3,5,7,,,,,,,,,,MI,Female,,Some college but no degree,White,,Rural community,,39,Democratic party,
R_0ib6rfB8lr1Ub8l,,,,9,4.7,9,,,,,,,fl,Female,,Associate degree,White,,City or urban community,,25,Democratic party,
R_2WSkuHAKiZF3LTU,,,,,,,2.4,8.1,5.2,,,,Florida,Female,,Some college but no degree,Black or African-American,,City or urban community,,23,Independent,
R_3kAlH6X4gfa6tm4,,,,,,,,,,9,2,5,Alabama,Male,,Bachelor degree,White,,City or urban community,,61,Libertarian Party,
R_BR58k1LDWVL0e1r,1,9,3,,,,,,,,,,Pennsylvania,Male,,Graduate degree,American Indian or Alaskan Native,,Suburban community,,31,Libertarian Party,
R_2CvyfLFuWMzwHWd,,,,,,,,,,8.4,5,8.3,NC,Female,,Bachelor degree,White,,City or urban community,,65,Republican Party,
R_e9yfgcVrR8LD1Rf,,,,,,,9,2.3,7.6,,,,Alabama,Male,,Associate degree,White,,City or urban community,,30,Democratic party,
R_Q4xaw2KQmxRDbA5,,,,9,1,7,,,,,,,North Carolina,Female,,Associate degree,White,,Rural community,,34,Republican Party,
R_22lFi0hzpJZXz9L,,,,,,,1,9,8.2,,,,California,Male,,Bachelor degree,White,,Rural community,,32,Independent,
R_2fvRjbgwEuLEnla,,,,5,1,9,,,,,,,Nebraska,Female,,Graduate degree,White,,Rural community,,47,Republican Party,
R_1ewpnBXqXSpjFpt,8.8,4,7.5,,,,,,,,,,Florida,Female,,Bachelor degree,White,,Suburban community,,68,Republican Party,
R_1QoOnogWDGEg59u,,,,,,,,,,1,5,3,New York,Female,,Graduate degree,White,,City or urban community,,28,Democratic party,
R_ZDfI0DpctJfFgk1,,,,,,,,,,6.3,2.9,9,Ohio,Male,,Some college but no degree,White,,Suburban community,,47,Democratic party,
R_2b3lr2YHesLafHq,,,,8.8,2.3,8.5,,,,,,,new jersey,Male,,Bachelor degree,White,,City or urban community,,39,Independent,
R_116kn9XOLxoSDnO,3.8,7.1,4.1,,,,,,,,,,Texas,Female,,Graduate degree,White,,Suburban community,,36,Republican Party,
R_25HeLOh753ltTdT,,,,,,,5,8,9,,,,WA,Female,,Graduate degree,White,,City or urban community,,27,Democratic party,
R_3qJQr83G0i8Bl1K,2.9,9,4,,,,,,,,,,Missouri,Male,,Some college but no degree,White,,City or urban community,,49,Democratic party,
R_tMLeUfwo3QmN117,,,,,,,9,4,1,,,,WA,Female,,Some college but no degree,White,,Rural community,,60,Democratic party,
R_3IZfrbF6hKLYkWK,,,,,,,,,,1,9,1,ohio,Female,,Associate degree,Black or African-American,,City or urban community,,38,Independent,
R_3mZWfeyM4ld7MhH,,,,6.2,1.8,8.8,,,,,,,Florida,Female,,"High school degree or equivalent (e.g., GED)",White,,Suburban community,,38,Democratic party,
R_1q8kn1o8E98M6LH,,,,9,9,1,,,,,,,Florida,Male,,Associate degree,"Spanish, Hispanic, or Latino",,Suburban community,,28,Independent,
R_1C7kmwwxWhhG0c5,,,,,,,,,,9,2,3,New Jersey,Female,,Some college but no degree,White,,Suburban community,,43,Democratic party,
R_2c2vDLnR04WPu2d,4.4,5.5,5.9,,,,,,,,,,Michigan,Female,,Bachelor degree,White,,Suburban community,,64,Democratic party,
R_3rZcL01rRecGwjJ,,,,,,,1,9,8.1,,,,California,Male,,Some college but no degree,White,,City or urban community,,29,Independent,
R_2Eue1LZA1luLwN6,,,,,,,,,,7.2,4,9,Illinois,Female,,Some college but no degree,"White,Black or African-American",,Suburban community,,28,Democratic party,
R_Ptux2RuWg4xdZdv,1,9,6.2,,,,,,,,,,California,Male,,Some college but no degree,Native Hawaiian or other Pacific Islander,,Suburban community,,22,Democratic party,
R_2PbQfsfi5NQQacV,,,,,,,1,5.1,5,,,,missouri,Female,,Some college but no degree,White,,Suburban community,,19,Democratic party,
R_2E5gXF9AqM0LcDS,,,,1,1,1,,,,,,,ohio,Female,,Associate degree,Black or African-American,,City or urban community,,49,Democratic party,
R_z6C9MRXOYgOIJNf,,,,1,5,2.8,,,,,,,Texas,Female,,Bachelor degree,"Spanish, Hispanic, or Latino",,City or urban community,,40,Republican Party,
R_9YLf3K1PU2i0zXH,5.1,7.1,1,,,,,,,,,,Michigan,Female,,Associate degree,White,,Suburban community,,45,Democratic party,
R_2cnI3yqjiCHH30z,,,,,,,9,9,9,,,,Hawaii,Female,,Bachelor degree,White,,City or urban community,,30,Independent,
R_25SgjJW9lxdbcEO,,,,,,,,,,1,5,1,NJ,Female,,Bachelor degree,White,,Suburban community,,32,Democratic party,
R_1LvfCBpqEuzjGed,,,,,,,,,,9,1,5,Wisconsin,Female,,Associate degree,White,,Suburban community,,34,Republican Party,
R_3De7LCjTOg72NGh,,,,9,6,7,,,,,,,Idaho,Female,,Bachelor degree,White,,City or urban community,,26,Independent,
R_2wbHKzDFDTYv5KS,8.4,3.1,7.2,,,,,,,,,,NV,Female,,Bachelor degree,White,,City or urban community,,63,Independent,
R_1r8iJEq9jGsI7Tq,,,,,,,1,9,1,,,,co,Female,,Bachelor degree,White,,Suburban community,,32,Democratic party,
R_1q38GaN9OaFqnzv,,,,,,,7.3,3.9,8,,,,Illinois,Female,,Graduate degree,White,,City or urban community,,45,Democratic party,
R_3qkRBH3T0oyTqiQ,,,,9,3.4,8.5,,,,,,,AZ,Female,,Some college but no degree,White,,Suburban community,,29,Democratic party,
R_3Ryj0eLbW31OEeD,,,,,,,,,,1.2,3.5,1.1,NC,Female,,Bachelor degree,Black or African-American,,Suburban community,,62,Democratic party,
R_125a8wGhgrasdCR,7.9,2.2,9,,,,,,,,,,New Jersey,Male,,Graduate degree,White,,Suburban community,,29,Independent,
R_O9mkPuKFV0TdBRL,8.1,7.1,5.8,,,,,,,,,,Georgia,Female,,"High school degree or equivalent (e.g., GED)","White,Black or African-American",,Suburban community,,19,Independent,
R_1nUd7LjsditnqsZ,,,,2,3.5,8.3,,,,,,,nevada,Male,,Bachelor degree,White,,Suburban community,,34,Democratic party,
R_BXl2c9OFo36qBO1,,,,,,,1,9,3.9,,,,Louisiana,Male,,Some college but no degree,White,,Rural community,,33,Independent,
R_2c7N4TP7fM4sQFU,,,,,,,,,,5,3,8,Texas,Male,,Bachelor degree,White,,Suburban community,,46,Democratic party,
R_2AYHcC1xro1ToJz,8,2.6,9,,,,,,,,,,Pennsylvania,Female,,Some college but no degree,White,,Suburban community,,20,Democratic party,
R_1lfVcPCtm7vvo3y,,,,8.5,4.5,7,,,,,,,Florida,Male,,Associate degree,White,,Suburban community,,52,Democratic party,
R_3qVaBXmDsJHTqJd,,,,,,,,,,8,3,9,Georgia,Female,,Some college but no degree,Other (please specify):,Multiracial,Suburban community,,21,Democratic party,
R_3e3KtedJu0JreIx,,,,,,,,,,8.8,6,7.7,Louisiana,Female,,Some college but no degree,White,,Suburban community,,20,Republican Party,
R_UomNTdcSfI9jq7f,,,,,,,1,8.2,9,,,,Georgia,Female,,Bachelor degree,Other (please specify):,mixed race,City or urban community,,24,Independent,
R_31pATXJwXtxV5hk,,,,6,5,7,,,,,,,VIRGINIA,Male,,Associate degree,White,,Rural community,,46,Republican Party,
R_31o2d2KOlhVwbIX,1,9,1,,,,,,,,,,Ohio,Female,,Bachelor degree,White,,Rural community,,47,Independent,
R_3MMAwF7yRhVgEna,,,,,,,1,7.1,7.3,,,,michigan,Female,,Graduate degree,White,,Suburban community,,52,Democratic party,
R_SGDwwleKX07Edhv,,,,,,,9,9,9,,,,California,Male,,Bachelor degree,Asian,,City or urban community,,30,Democratic party,
R_1KoRUwL3Mldx7XB,2.9,3.6,9,,,,,,,,,,Colorado,Female,,Associate degree,Other (please specify):,biracial,City or urban community,,27,Independent,
R_3OkWKYoaQPX1W56,,,,,,,,,,6.3,7.3,7.7,California,Male,,Bachelor degree,"Spanish, Hispanic, or Latino",,City or urban community,,22,Independent,
R_2ztJ9w4Mn7cXiuF,,,,2.8,8.4,3.4,,,,,,,texas,Male,,Graduate degree,White,,Rural community,,39,Republican Party,
R_265CFLbvhSkB4Ix,2.4,3.8,9,,,,,,,,,,VA,Female,,Bachelor degree,White,,Suburban community,,24,Democratic party,
R_30vI2doOWBcEcJw,,,,5,9,7.1,,,,,,,Kentucky,Female,,Graduate degree,White,,Suburban community,,30,Independent,
R_ZaTVIyb2581dglz,,,,,,,1,5.1,6.6,,,,wv,Female,,"High school degree or equivalent (e.g., GED)",White,,Suburban community,,29,Democratic party,
R_ZgY5AxIuFUoOoV3,,,,,,,,,,8,3,3,Florida,Female,,Some college but no degree,White,,Suburban community,,68,Independent,
R_RlEm5VODoM8w09P,1.9,9,6,,,,,,,,,,Pennsylvania,Female,,Bachelor degree,White,,Suburban community,,28,Democratic party,
R_3qVfAFlCQTH3owx,,,,6.1,5.9,6.9,,,,,,,,,,Associate degree,"White,Black or African-American",,Suburban community,,27,Libertarian Party,
R_u9TdFmtSxi5Pe1P,,,,,,,4,9,8,,,,Michigan,Male,,Graduate degree,White,,Suburban community,,60,Republican Party,
R_ewKmNYSkWptyX6B,,,,,,,,,,1,9,1,PENNSYLVANIA,Female,,"High school degree or equivalent (e.g., GED)",White,,Suburban community,,40,Republican Party,
R_2R236hFA3vY4tPD,,,,,,,1,9,7,,,,Georgia,Female,,Some college but no degree,White,,Rural community,,51,Republican Party,
R_oYq68NLQQxHn7H3,,,,8,2,8.5,,,,,,,PA,Male,,Bachelor degree,White,,Suburban community,,27,Democratic party,
R_3fVhYQtWxhfE384,8,3,7,,,,,,,,,,NC,Male,,Graduate degree,White,,Rural community,,50,Democratic party,
R_2CUgA2McbMHWjUO,,,,,,,,,,7.5,5.9,8.9,South Carolina,Male,,Bachelor degree,White,,Suburban community,,26,Republican Party,
R_1JPlW32jnxFvMTD,,,,3.1,7.9,3.1,,,,,,,TX,Male,,"High school degree or equivalent (e.g., GED)","Spanish, Hispanic, or Latino",,Suburban community,,31,Independent,
R_2UbUNUF8LuPy6vC,,,,,,,,,,8.7,4.9,1.6,usa,Female,,Some college but no degree,White,,Rural community,,48,Democratic party,
R_yVjUeY7bwOgtaEN,1,9,3.8,,,,,,,,,,CA,Male,,Associate degree,"Spanish, Hispanic, or Latino",,City or urban community,,25,Democratic party,
R_1kZdseOdpSRGOl2,,,,,,,,,,7.8,5.4,5.1,Delaware,Female,,"High school degree or equivalent (e.g., GED)",White,,Suburban community,,68,Democratic party,
R_t0cj1Yd81MtpDTH,,,,,,,1,9,1,,,,TEXAS,Female,,"High school degree or equivalent (e.g., GED)",White,,Suburban community,,71,Independent,
R_1dM2tJz4cfNmGFt,,,,5.1,1.9,5.1,,,,,,,california,Male,,Graduate degree,White,,Suburban community,,60,Independent,
R_1lnMslTmDh8e65A,,,,,,,3,9,9,,,,Ohio,Female,,Associate degree,White,,City or urban community,,29,Independent,
R_2ZQg22aiDy9ct46,1,5.2,6.9,,,,,,,,,,Illinois,Female,,Some college but no degree,White,,City or urban community,,74,Republican Party,
R_3PAdIYQwubGtDmN,,,,1,1.1,5.1,,,,,,,CA,Female,,"High school degree or equivalent (e.g., GED)",White,,Suburban community,,33,Democratic party,
R_3QQNfCgs9bzuHJK,1,6,1,,,,,,,,,,Florida,Female,,Associate degree,Black or African-American,,City or urban community,,57,Republican Party,
R_12thcQylZ8LjwsJ,,,,,,,,,,1,9,7.2,Vt,Female,,Bachelor degree,White,,Suburban community,,30,Democratic party,
R_a4dJXyLTeEt17Hj,,,,,,,6.3,3.9,6.8,,,,California,Male,,Bachelor degree,White,,City or urban community,,24,Democratic party,
R_Cmo3R5qM0ucLLO1,,,,9,8.1,9,,,,,,,California,Female,,Bachelor degree,Asian,,Suburban community,,40,Democratic party,